episode,avg_backlog_drift,avg_lower_mf_loss,avg_lower_td_loss,avg_remaining_tasks,avg_upper_mf_loss,avg_upper_td_loss,completion_rate,lower_q_max,lower_q_mean,lower_q_min,lower_reward,qos_rate,qos_success_rate,total_energy,total_reward,total_success_qos,total_violate_qos,total_violations,upper_q_max,upper_q_mean,upper_q_min,upper_reward,zeta_lower,zeta_upper
1,151818592.00000000,0.08371742,0,0,0,0,0.53400000,0,0,0,-15183254468.15625000,3.40045500,0.77275079,3825.79644489,-28995908317.40625000,2989.00000000,879.00000000,879,0,0,0,-13812653849.25000000,1.00000000,1.00000000
2,151713040.00000000,0.06954042,0,0,0,0,0.52900000,0,0,0,-15172712977.00000000,3.36261272,0.77077955,4037.49039555,-29248701512.00000000,2986.00000000,888.00000000,888,0,0,0,-14075988535.00000000,1.00000000,1.00000000
3,138542832.00000000,0.05762323,0,0,0,0,0.56050000,0,0,0,-13855589099.00000000,3.65546227,0.78519857,3781.78852558,-26876902377.75000000,3045.00000000,833.00000000,833,0,0,0,-13021313278.75000000,1.00000000,1.00000000
4,170389568.00000000,0.04881103,0,0,0,0,0.51050000,0,0,0,-17040429704.50000000,3.23452759,0.76384616,3490.27667236,-33689964555.50000000,2979.00000000,921.00000000,921,0,0,0,-16649534851.00000000,1.00000000,1.00000000
5,202946496.00000000,0.04227010,0,0,0,0,0.55800000,0,0,0,-20295949461.25000000,3.68848491,0.78671145,4301.98262691,-39261862525.75000000,3043.00000000,825.00000000,825,0,0,0,-18965913064.50000000,1.00000000,1.00000000
6,155093408.00000000,0.03628650,0,0,0,0,0.54200000,0,0,0,-15510713658.25000000,3.46651268,0.77611166,3760.72597027,-29109288584.75000000,3002.00000000,866.00000000,866,0,0,0,-13598574926.50000000,1.00000000,1.00000000
7,154676224.00000000,0.03281352,0,0,0,0,0.53350000,0,0,0,-15469021734.25000000,3.38914037,0.77216494,4257.73904800,-30237008512.25000000,2996.00000000,884.00000000,884,0,0,0,-14767986778.00000000,1.00000000,1.00000000
8,172769600.00000000,0.03043306,0,0,0,0,0.52050000,0,0,0,-17278399335.87500000,3.26135111,0.76533264,3509.90715408,-33009619647.87500000,2945.00000000,903.00000000,903,0,0,0,-15731220312.00000000,1.00000000,1.00000000
9,122225760.00000000,0.02843098,0,0,0,0,0.53700000,0,0,0,-12223961845.68750000,3.42840791,0.77418518,4127.84708977,-23473383100.81250000,2993.00000000,873.00000000,873,0,0,0,-11249421255.12500000,1.00000000,1.00000000
10,170723680.00000000,0.02725600,0,0,0,0,0.49550000,0,0,0,-17073877164.43750000,3.10084915,0.75614810,3517.38269138,-32631483707.93750000,2921.00000000,942.00000000,942,0,0,0,-15557606543.50000000,1.00000000,1.00000000
11,149076368.00000000,0.02639272,0,0,0,0,0.55000000,0,0,0,-14908961428.75000000,3.57024789,0.78119349,4092.64895439,-29013301381.00000000,3024.00000000,847.00000000,847,0,0,0,-14104339952.25000000,1.00000000,1.00000000
12,139612880.00000000,0.02509761,0,0,0,0,0.55650000,0,0,0,-13962581918.00000000,3.70959902,0.78766769,3573.23439598,-24730550258.50000000,3053.00000000,823.00000000,823,0,0,0,-10767968340.50000000,1.00000000,1.00000000
13,168231360.00000000,0.02476803,0,0,0,0,0.52650000,0,0,0,-16824545972.75000000,3.32399106,0.76873219,4294.91261768,-33127519953.50000000,2965.00000000,892.00000000,892,0,0,0,-16302973980.75000000,1.00000000,1.00000000
14,110447800.00000000,0.02447444,0,0,0,0,0.57600000,0,0,0,-11046004892.25000000,3.91198969,0.79641652,4057.44926453,-20931764997.25000000,3067.00000000,784.00000000,784,0,0,0,-9885760105.00000000,1.00000000,1.00000000
15,141633600.00000000,0.02441896,0,0,0,0,0.52700000,0,0,0,-14164760431.75000000,3.34954762,0.77009106,3510.34063339,-25606347051.75000000,2961.00000000,884.00000000,884,0,0,0,-11441586620.00000000,1.00000000,1.00000000
16,138069712.00000000,0.02416856,0,0,0,0,0.55300000,0,0,0,-13808283168.75000000,3.60739851,0.78295779,4120.89687061,-26444464174.75000000,3023.00000000,838.00000000,838,0,0,0,-12636181006.00000000,1.00000000,1.00000000
17,123356672.00000000,0.02385348,0,0,0,0,0.53000000,0,0,0,-12337053104.53125000,3.42643666,0.77408463,3860.35996532,-22960506162.28125000,2981.00000000,870.00000000,870,0,0,0,-10623453057.75000000,1.00000000,1.00000000
18,159958320.00000000,0.02405053,0,0,0,0,0.50900000,0,0,0,-15997305720.00000000,3.17857146,0.76068377,3447.49679852,-29597667048.50000000,2937.00000000,924.00000000,924,0,0,0,-13600361328.50000000,1.00000000,1.00000000
19,133344720.00000000,0.02394567,0,0,0,0,0.53650000,0,0,0,-13335840232.50000000,3.43087554,0.77431095,4470.75207043,-24601568733.00000000,2978.00000000,868.00000000,868,0,0,0,-11265728500.50000000,1.00000000,1.00000000
20,136811376.00000000,0.02373954,0,0,0,0,0.50600000,0,0,0,-13682625506.75000000,3.13948488,0.75842404,3810.77931213,-25863605123.25000000,2926.00000000,932.00000000,932,0,0,0,-12180979616.50000000,1.00000000,1.00000000
21,142424928.00000000,0.02439528,0,0,0,0,0.54250000,0,0,0,-14243850787.62500000,3.51103377,0.77832133,3625.96942997,-25697126088.37500000,3023.00000000,861.00000000,861,0,0,0,-11453275300.75000000,1.00000000,1.00000000
22,157193552.00000000,0.02363053,0,0,0,0,0.53650000,0,0,0,-15720744404.50000000,3.42189288,0.77385253,4201.41290855,-30997473763.50000000,3001.00000000,877.00000000,877,0,0,0,-15276729359.00000000,1.00000000,1.00000000
23,129123472.00000000,0.02437002,0,0,0,0,0.51650000,0,0,0,-12913803553.62500000,3.24398255,0.76437229,3749.41737843,-25013272415.12500000,2965.00000000,914.00000000,914,0,0,0,-12099468861.50000000,1.00000000,1.00000000
24,112628952.00000000,0.02366660,0,0,0,0,0.53750000,0,0,0,-11264284855.00000000,3.39794755,0.77262121,3703.04832745,-21839166499.50000000,2980.00000000,877.00000000,877,0,0,0,-10574881644.50000000,1.00000000,1.00000000
25,160950176.00000000,0.02381015,0,0,0,0,0.49850000,0,0,0,-16096515175.00000000,3.14239836,0.75859398,3525.46984577,-30756663716.00000000,2935.00000000,934.00000000,934,0,0,0,-14660148541.00000000,1.00000000,1.00000000
26,142910912.00000000,0.02320871,13.49874299,0,0,0,0.55400000,0,0,0,-14292406455.12500000,3.60905838,0.78303593,3832.75676060,-26892257628.12500000,3028.00000000,839.00000000,839,0,0,0,-12599851173.00000000,1.00000000,1.00000000
27,208009888.00000000,0.02396077,13.58834162,0,0,0,0.55950000,0,0,0,-20802294205.28125000,3.69454551,0.78698683,3960.84467793,-39814434614.03125000,3048.00000000,825.00000000,825,0,0,0,-19012140408.75000000,1.00000000,1.00000000
28,159794752.00000000,0.02357114,12.99190997,0,0,0,0.51650000,0,0,0,-15980908002.25000000,3.30623603,0.76777864,4146.28419876,-30807393142.50000000,2969.00000000,898.00000000,898,0,0,0,-14826485140.25000000,1.00000000,1.00000000
29,119354080.00000000,0.02411370,12.65141945,0,0.03935510,0,0.57900000,0,0,0,-11936649410.06250000,3.85678387,0.79410243,3902.56009102,-33864985682.06250000,3070.00000000,796.00000000,796,0,0,0,-21928336272.00000000,1.00000000,1.00000000
30,131719936.00000000,0.02315015,12.05423998,0,0.04262876,0,0.55050000,0,0,0,-13173301427.90625000,3.60958076,0.78306055,3891.90166092,-37747489139.40625000,3014.00000000,835.00000000,835,0,0,0,-24574187711.50000000,1.00000000,1.00000000
31,138448272.00000000,0.02404926,12.26784347,0,0.04697757,0,0.59450000,0,0,0,-13845983769.50000000,4.13733339,0.80534649,4340.09367180,-38937534075.00000000,3103.00000000,750.00000000,750,0,0,0,-25091550305.50000000,1.00000000,1.00000000
32,132940008.00000000,0.02372947,12.22950293,0,0.03691982,0,0.52950000,0,0,0,-13295424052.37500000,3.30803561,0.76787567,4395.81269550,-37595442662.37500000,2964.00000000,896.00000000,896,0,0,0,-24300018610.00000000,1.00000000,1.00000000
33,123495456.00000000,0.02366953,12.12563273,0,0.03406254,0,0.53750000,0,0,0,-12350918773.81250000,3.44137931,0.77484471,3818.78330135,-34918395018.68750000,2994.00000000,870.00000000,870,0,0,0,-22567476244.87500000,1.00000000,1.00000000
34,120552704.00000000,0.02382572,11.31400642,0,0.04280319,0,0.53300000,0,0,0,-12056661395.90625000,3.38863635,0.77213877,3973.71565151,-34366154902.40625000,2982.00000000,880.00000000,880,0,0,0,-22309493506.50000000,1.00000000,1.00000000
35,155780816.00000000,0.02396868,11.70288352,0,0.03516149,0,0.56300000,0,0,0,-15579386888.93750000,3.66306949,0.78554899,3669.63512802,-43126850547.93750000,3055.00000000,834.00000000,834,0,0,0,-27547463659.00000000,1.00000000,1.00000000
36,99548480.00000000,0.02429841,11.84131814,0,0.03475756,0,0.56450000,0,0,0,-9956119160.75000000,3.75552821,0.78971839,3674.71144867,-28335327711.75000000,3057.00000000,814.00000000,814,0,0,0,-18379208551.00000000,1.00000000,1.00000000
37,103055208.00000000,0.02436967,11.76787935,0,0.03350509,0,0.54400000,0,0,0,-10306887946.00000000,3.48502302,0.77703571,3790.38775063,-29697925108.00000000,3025.00000000,868.00000000,868,0,0,0,-19391037162.00000000,1.00000000,1.00000000
38,189910176.00000000,0.02367777,11.65698552,0,0.03230324,0,0.56250000,0,0,0,-18992304158.62500000,3.66585660,0.78567708,4595.87191105,-52458842197.62500000,3017.00000000,823.00000000,823,0,0,0,-33466538039.00000000,1.00000000,1.00000000
39,132952576.00000000,0.02412411,11.15063909,0,0.03191345,0,0.48400000,0,0,0,-13296842785.25000000,2.92871690,0.74546397,3917.95807457,-37601281740.25000000,2876.00000000,982.00000000,982,0,0,0,-24304438955.00000000,1.00000000,1.00000000
40,107891992.00000000,0.02372963,11.28494435,0,0.04415371,0,0.53900000,0,0,0,-10790552166.25000000,3.48083615,0.77682739,3872.58802414,-30160151554.25000000,2997.00000000,861.00000000,861,0,0,0,-19369599388.00000000,1.00000000,1.00000000
41,99044304.00000000,0.02365903,11.66861309,0,0.03378125,0,0.57350000,0,0,0,-9905679636.37500000,3.82080197,0.79256564,3822.12919712,-26193374796.37500000,3049.00000000,798.00000000,798,0,0,0,-16287695160.00000000,1.00000000,1.00000000
42,117462808.00000000,0.02390674,11.81640095,0,0.02896749,0,0.55800000,0,0,0,-11747584681.31250000,3.64550900,0.78473836,4349.00491333,-34050626286.31250000,3044.00000000,835.00000000,835,0,0,0,-22303041605.00000000,1.00000000,1.00000000
43,119135112.00000000,0.02392936,11.42632297,0,0.03298479,0,0.58650000,0,0,0,-11914708241.56445312,3.95730925,0.79827768,4782.19257355,-33465178444.56445312,3059.00000000,773.00000000,773,0,0,0,-21550470203.00000000,1.00000000,1.00000000
44,135582816.00000000,0.02452423,11.76011859,0,0.03375552,0,0.54450000,0,0,0,-13559629148.43750000,3.48720932,0.77714431,3892.43757915,-38379296915.18750000,2999.00000000,860.00000000,860,0,0,0,-24819667766.75000000,1.00000000,1.00000000
45,84115472.00000000,0.02446668,11.55218039,0,0.02967563,0,0.54050000,0,0,0,-8412905071.18750000,3.48611116,0.77708977,3786.39032841,-23316284388.18750000,3012.00000000,864.00000000,864,0,0,0,-14903379317.00000000,1.00000000,1.00000000
46,134397408.00000000,0.02392606,11.36343194,0,0.02997721,0,0.55050000,0,0,0,-13441075680.87500000,3.57378983,0.78136295,4745.55045509,-39149034684.87500000,3027.00000000,847.00000000,847,0,0,0,-25707959004.00000000,1.00000000,1.00000000
47,102710376.00000000,0.02371789,11.95238502,0,0.03168795,0,0.56800000,0,0,0,-10272287263.00000000,3.79726362,0.79154783,4216.10058784,-29543269272.00000000,3053.00000000,804.00000000,804,0,0,0,-19270982009.00000000,1.00000000,1.00000000
48,107397280.00000000,0.02372490,11.92687971,0,0.03249732,0,0.57550000,0,0,0,-10740961459.10937500,3.87515759,0.79487842,3800.21935368,-31464481201.85937500,3073.00000000,793.00000000,793,0,0,0,-20723519742.75000000,1.00000000,1.00000000
49,94639976.00000000,0.02345900,12.23081670,0,0.03025186,0,0.60750000,0,0,0,-9465127154.62500000,4.23505449,0.80897999,4253.82799530,-26738973961.62500000,3117.00000000,736.00000000,736,0,0,0,-17273846807.00000000,1.00000000,1.00000000
50,122067560.00000000,0.02428882,11.52924105,0,0.03116740,0,0.56100000,0,0,0,-12208037837.50000000,3.69464731,0.78699148,3689.73304653,-34088778599.50000000,3037.00000000,822.00000000,822,0,0,0,-21880740762.00000000,1.00000000,1.00000000
51,132466920.00000000,0.02403175,12.03471173,0,0.03727274,0,0.56650000,0,0,0,-13247969438.00000000,3.76772618,0.79025638,4038.94992542,-31816395091.50000000,3082.00000000,818.00000000,818,0,0,0,-18568425653.50000000,1.00000000,1.00000000
52,104350784.00000000,0.02389480,11.48019381,0,0.03084752,0,0.57300000,0,0,0,-10436331100.87500000,3.78731346,0.79111457,3743.53135872,-28969030537.37500000,3045.00000000,804.00000000,804,0,0,0,-18532699436.50000000,1.00000000,1.00000000
53,164209776.00000000,0.02411212,12.16773065,0,0.03163028,0,0.56950000,0,0,0,-16422247658.31250000,3.76137757,0.78997678,4413.46191216,-47713469003.06250000,3058.00000000,813.00000000,813,0,0,0,-31291221344.75000000,1.00000000,1.00000000
54,87193680.00000000,0.02356179,12.39961900,0,0.03049143,0,0.60200000,0,0,0,-8720484295.87500000,4.28395081,0.81074768,3948.40573406,-23727656819.87500000,3123.00000000,729.00000000,729,0,0,0,-15007172524.00000000,1.00000000,1.00000000
55,104045200.00000000,0.02385501,12.09192226,0,0.03357813,0,0.56700000,0,0,0,-10405775372.50000000,3.75434232,0.78966600,4341.33881760,-29532464010.50000000,3026.00000000,806.00000000,806,0,0,0,-19126688638.00000000,1.00000000,1.00000000
56,130556568.00000000,0.02321657,12.84420091,0,0.02929932,0,0.59300000,0,0,0,-13056833215.00000000,4.05766726,0.80228037,3964.93469810,-37250607536.25000000,3096.00000000,763.00000000,763,0,0,0,-24193774321.25000000,1.00000000,1.00000000
57,126585456.00000000,0.02394055,11.70004773,0,0.03348936,100.42947235,0.53350000,0,0,0,-12659930337.50000000,3.40000010,0.77272725,4391.97405052,-36181760383.50000000,2975.00000000,875.00000000,875,0,0,0,-23521830046.00000000,1.00000000,1.00000000
58,101267432.00000000,0.02385528,11.87272167,0,0.03325671,113.76323615,0.59800000,0,0,0,-10127907691.06250000,4.11184216,0.80437583,4314.25415897,-28246585628.56250000,3125.00000000,760.00000000,760,0,0,0,-18118677937.50000000,1.00000000,1.00000000
59,146120560.00000000,0.02391949,12.31383380,0,0.02636584,117.94405111,0.59650000,0,0,0,-14613206011.84375000,4.17623520,0.80680937,4753.20275879,-41091029830.84375000,3128.00000000,749.00000000,749,0,0,0,-26477823819.00000000,1.00000000,1.00000000
60,108071008.00000000,0.02348239,12.70724844,0,0.02941814,120.63971795,0.58900000,0,0,0,-10808266653.50000000,4.09511232,0.80373347,4418.13236046,-31259389061.50000000,3100.00000000,757.00000000,757,0,0,0,-20451122408.00000000,1.00000000,1.00000000
61,99794616.00000000,0.02320250,12.27371710,0,0.02926519,110.81729380,0.60900000,0,0,0,-9980583726.37500000,4.27247953,0.81033593,4395.07275486,-28678262264.37500000,3136.00000000,734.00000000,734,0,0,0,-18697678538.00000000,1.00000000,1.00000000
62,115477664.00000000,0.02405840,12.70835429,0,0.03154361,116.83963352,0.57000000,0,0,0,-11549007153.12500000,3.84441662,0.79357678,4199.27878571,-32395132116.12500000,3064.00000000,797.00000000,797,0,0,0,-20846124963.00000000,1.00000000,1.00000000
63,130981864.00000000,0.02339656,12.17421031,0,0.02756226,112.15666284,0.58800000,0,0,0,-13099377616.75000000,4.00518131,0.80020702,4706.72023773,-32938190341.75000000,3092.00000000,772.00000000,772,0,0,0,-19838812725.00000000,1.00000000,1.00000000
64,91009464.00000000,0.02318621,13.26375257,0,0.02869005,111.90359497,0.58500000,0,0,0,-9102148974.25000000,3.98326898,0.79932851,4398.80256748,-26350500723.25000000,3095.00000000,777.00000000,777,0,0,0,-17248351749.00000000,1.00000000,1.00000000
65,109789440.00000000,0.02421315,13.07717785,0,0.02404137,117.58967929,0.56000000,0,0,0,-10980236973.12500000,3.68363643,0.78649068,4042.35331631,-30055143335.12500000,3039.00000000,825.00000000,825,0,0,0,-19074906362.00000000,1.00000000,1.00000000
66,158226192.00000000,0.02411109,12.65342010,0,0.03069597,124.11993832,0.55600000,0,0,0,-15823927083.50000000,3.65903616,0.78536332,4118.62598228,-39468701105.50000000,3037.00000000,830.00000000,830,0,0,0,-23644774022.00000000,1.00000000,1.00000000
67,96389848.00000000,0.02354297,12.71349669,0,0.03131456,128.49952104,0.59000000,0,0,0,-9640203529.37500000,3.93885350,0.79752386,4409.56472969,-26500263513.12500000,3092.00000000,785.00000000,785,0,0,0,-16860059983.75000000,1.00000000,1.00000000
68,132369736.00000000,0.02377812,12.72015507,0,0.02931227,119.63557180,0.61750000,0,0,0,-13238081436.87500000,4.34112787,0.81277364,4427.85896397,-37021165081.87500000,3156.00000000,727.00000000,727,0,0,0,-23783083645.00000000,1.00000000,1.00000000
69,128227960.00000000,0.02387255,12.98969079,0,0.03009361,122.09386359,0.56600000,0,0,0,-12824095569.25000000,3.68923831,0.78674573,4698.75515175,-38067170118.75000000,3051.00000000,827.00000000,827,0,0,0,-25243074549.50000000,1.00000000,1.00000000
70,98339904.00000000,0.02456229,13.72478309,0,0.03338124,136.51180522,0.56400000,0,0,0,-9835243951.57812500,3.76361394,0.79007536,3999.22890759,-27888483885.51562500,3041.00000000,808.00000000,808,0,0,0,-18053239933.93750000,1.00000000,1.00000000
71,128287888.00000000,0.02373521,13.61512554,0,0.03433196,112.31818390,0.56150000,0,0,0,-12830061728.37500000,3.75675678,0.78977275,4467.57684040,-33087485328.87500000,3058.00000000,814.00000000,814,0,0,0,-20257423600.50000000,1.00000000,1.00000000
72,128678768.00000000,0.02416606,13.46239210,0,0.03275342,130.75122240,0.55600000,0,0,0,-12869179941.50000000,3.63865542,0.78442031,4319.64718151,-35848899855.50000000,3031.00000000,833.00000000,833,0,0,0,-22979719914.00000000,1.00000000,1.00000000
73,68880320.00000000,0.02341903,13.18320290,0,0.03359333,125.93703969,0.57600000,0,0,0,-6889277807.93750000,3.84480596,0.79359341,4498.43057823,-20036027939.68750000,3072.00000000,799.00000000,799,0,0,0,-13146750131.75000000,1.00000000,1.00000000
74,88414432.00000000,0.02390696,12.92923389,0,0.02733620,97.33832635,0.58050000,0,0,0,-8842653187.20312500,3.91210198,0.79642117,4578.56975937,-25373169619.82812500,3071.00000000,785.00000000,785,0,0,0,-16530516432.62500000,1.00000000,1.00000000
75,94077344.00000000,0.02343242,13.97493441,0,0.02837716,121.42706723,0.56950000,0,0,0,-9409004050.15625000,3.75522757,0.78970510,4368.70750713,-26063483035.15625000,3053.00000000,813.00000000,813,0,0,0,-16654478985.00000000,1.00000000,1.00000000
76,96104560.00000000,0.02384142,13.67445755,0,0.03523689,123.20548164,0.61650000,0,0,0,-9611527101.81250000,4.45957470,0.81683552,4421.16573238,-27446755593.31250000,3144.00000000,705.00000000,705,0,0,0,-17835228491.50000000,1.00000000,1.00000000
77,120781080.00000000,0.02324919,14.53634763,0,0.03379914,102.64569092,0.61000000,0,0,0,-12079238434.75000000,4.20485163,0.80787158,4621.98516369,-32174046725.25000000,3120.00000000,742.00000000,742,0,0,0,-20094808290.50000000,1.00000000,1.00000000
78,100571824.00000000,0.02340207,13.91705154,0,0.02887468,109.21156311,0.61000000,0,0,0,-10058321808.00000000,4.27837849,0.81054789,4102.10857773,-29446450081.00000000,3166.00000000,740.00000000,740,0,0,0,-19388128273.00000000,1.00000000,1.00000000
79,94788688.00000000,0.02426335,14.09294325,0,0.02378683,132.37346056,0.57000000,0,0,0,-9480142040.12500000,3.76376987,0.79008222,4740.78372002,-27373297184.37500000,3075.00000000,817.00000000,817,0,0,0,-17893155144.25000000,1.00000000,1.00000000
80,154202064.00000000,0.02349905,13.31227175,0,0.02728189,109.68514167,0.59700000,0,0,0,-15421373114.00000000,4.12997341,0.80506724,4846.92729759,-44460415114.00000000,3114.00000000,754.00000000,754,0,0,0,-29039042000.00000000,1.00000000,1.00000000
81,129883656.00000000,0.02395756,13.80190418,0,0.02537708,114.31185659,0.62500000,0,0,0,-12989445503.53125000,4.46468925,0.81700701,5726.83318710,-38998098614.03125000,3161.00000000,708.00000000,708,0,0,0,-26008653110.50000000,1.00000000,1.00000000
82,92458144.00000000,0.02318466,14.39254042,0,0.02454120,116.05020481,0.60950000,0,0,0,-9246920648.37500000,4.35883188,0.81339216,4512.05705833,-25771698698.37500000,3134.00000000,719.00000000,719,0,0,0,-16524778050.00000000,1.00000000,1.00000000
83,84709664.00000000,0.02345052,14.25005282,0,0.03290773,114.97975583,0.60950000,0,0,0,-8472107612.06250000,4.23378372,0.80893362,4217.94274330,-23589168774.56250000,3133.00000000,740.00000000,740,0,0,0,-15117061162.50000000,1.00000000,1.00000000
84,80449272.00000000,0.02295074,14.02981104,0,0.03032925,115.50660536,0.58100000,0,0,0,-8046140994.68750000,3.92838883,0.79709393,4424.10828972,-21795189099.18750000,3072.00000000,782.00000000,782,0,0,0,-13749048104.50000000,1.00000000,1.00000000
85,90036856.00000000,0.02320370,14.19423987,0,0.03058568,110.25151994,0.63350000,0,0,0,-9004704217.50000000,4.70501471,0.82471561,4382.08648109,-25872438275.50000000,3190.00000000,678.00000000,678,0,0,0,-16867734058.00000000,1.00000000,1.00000000
86,95115152.00000000,0.02336142,13.45640988,0,0.03159931,108.12417772,0.63150000,0,0,0,-9512553518.75000000,4.65785599,0.82325459,4693.50290585,-26742460192.25000000,3172.00000000,681.00000000,681,0,0,0,-17229906673.50000000,1.00000000,1.00000000
87,84628912.00000000,0.02365188,14.94337393,0,0.02852348,129.98423004,0.59000000,0,0,0,-8464077774.12500000,4.04960823,0.80196482,3812.39591789,-24084735796.12500000,3102.00000000,766.00000000,766,0,0,0,-15620658022.00000000,1.00000000,1.00000000
88,77808704.00000000,0.02390297,14.20199891,0,0.02860013,103.72807312,0.62000000,0,0,0,-7781957180.25000000,4.46910095,0.81715459,4196.96495819,-22008538716.75000000,3182.00000000,712.00000000,712,0,0,0,-14226581536.50000000,1.00000000,1.00000000
89,117120336.00000000,0.02333040,15.13711368,0,0.02595595,102.17531628,0.59600000,0,0,0,-11713195852.25000000,4.11523199,0.80450541,4968.13580990,-33363058337.75000000,3107.00000000,755.00000000,755,0,0,0,-21649862485.50000000,1.00000000,1.00000000
90,89408376.00000000,0.02387118,14.43322762,0,0.02604514,96.53137758,0.58350000,0,0,0,-8942094199.50000000,3.84079599,0.79342240,4440.15243149,-26451161258.50000000,3088.00000000,804.00000000,804,0,0,0,-17509067059.00000000,1.00000000,1.00000000
91,99703784.00000000,0.02387316,14.74513428,0,0.03420934,107.57963986,0.64050000,0,0,0,-9971392493.71875000,4.76453066,0.82652533,4435.60738468,-25990967955.71875000,3197.00000000,671.00000000,671,0,0,0,-16019575462.00000000,1.00000000,1.00000000
92,103010464.00000000,0.02367949,14.88480466,0,0.02866568,110.87946998,0.61350000,0,0,0,-10302162024.40625000,4.33653831,0.81261259,4331.64683914,-29755446301.84375000,3157.00000000,728.00000000,728,0,0,0,-19453284277.43750000,1.00000000,1.00000000
93,86174872.00000000,0.02329203,13.70522254,0,0.02505499,93.10557895,0.59550000,0,0,0,-8618656513.25000000,4.08563900,0.80336785,4431.58044434,-24473011260.25000000,3101.00000000,759.00000000,759,0,0,0,-15854354747.00000000,1.00000000,1.00000000
94,141304928.00000000,0.02370831,15.84663101,0,0.03120950,106.95256890,0.60000000,0,0,0,-14131628805.62500000,4.27755117,0.81051815,4801.72772503,-39727947121.12500000,3144.00000000,735.00000000,735,0,0,0,-25596318315.50000000,1.00000000,1.00000000
95,103291496.00000000,0.02366074,15.26044636,0,0.03394404,118.12777456,0.65000000,0,0,0,-10330129038.00000000,4.97538471,0.83264673,4398.06254959,-29955739149.00000000,3234.00000000,650.00000000,650,0,0,0,-19625610111.00000000,1.00000000,1.00000000
96,125964360.00000000,0.02400564,15.38830235,0,0.02947932,103.27637906,0.57750000,0,0,0,-12597689539.34375000,3.81141448,0.79216093,3961.63461161,-37306837606.34375000,3072.00000000,806.00000000,806,0,0,0,-24709148067.00000000,1.00000000,1.00000000
97,77109112.00000000,0.02337282,14.55644918,0,0.02520945,106.26176792,0.65150000,0,0,0,-7711923232.87500000,4.80000019,0.82758623,4200.47430611,-22360058248.87500000,3192.00000000,665.00000000,665,0,0,0,-14648135016.00000000,1.00000000,1.00000000
98,97485536.00000000,0.02363464,15.32684876,0,0.02725984,105.43534512,0.63550000,0,0,0,-9749605217.03125000,4.61095095,0.82177711,4327.70137596,-27502580276.15625000,3200.00000000,694.00000000,694,0,0,0,-17752975059.12500000,1.00000000,1.00000000
99,111355976.00000000,0.02347636,14.10030886,0,0.02807291,127.38823022,0.63350000,0,0,0,-11136631397.26562500,4.65102625,0.82304102,4220.09671211,-29344201266.26562500,3172.00000000,682.00000000,682,0,0,0,-18207569869.00000000,1.00000000,1.00000000
100,83824696.00000000,0.02338074,15.45522613,0,0.02723606,105.61216651,0.61050000,0,0,0,-8383587704.17187500,4.30178308,0.81138420,4301.81995583,-23557925605.73437500,3136.00000000,729.00000000,729,0,0,0,-15174337901.56250000,1.00000000,1.00000000
101,71139904.00000000,0.02335752,15.28458182,0,0.02892632,103.26647780,0.63250000,0,0,0,-7115024313.87500000,4.65204668,0.82307297,4520.29637241,-20485339054.37500000,3182.00000000,684.00000000,684,0,0,0,-13370314740.50000000,1.00000000,1.00000000
102,78511128.00000000,0.02321805,14.42694546,0,0.02948857,98.26300134,0.62750000,0,0,0,-7852194247.78125000,4.44163132,0.81623161,4760.16555691,-21766601681.78125000,3158.00000000,711.00000000,711,0,0,0,-13914407434.00000000,1.00000000,1.00000000
103,96305088.00000000,0.02366683,15.37810256,0,0.02342744,111.66655901,0.59700000,0,0,0,-9631668128.87500000,4.15119362,0.80587023,4333.99111080,-27224017484.37500000,3130.00000000,754.00000000,754,0,0,0,-17592349355.50000000,1.00000000,1.00000000
104,97921432.00000000,0.02330128,14.70922918,0,0.02800013,93.43657515,0.57950000,0,0,0,-9793367549.75000000,3.90724277,0.79621959,4049.06781292,-27889024072.75000000,3075.00000000,787.00000000,787,0,0,0,-18095656523.00000000,1.00000000,1.00000000
105,86468536.00000000,0.02400677,15.04646348,0,0.02244261,89.99283473,0.57050000,0,0,0,-8648110409.25000000,3.82089543,0.79256964,4394.56454277,-23974028596.25000000,3072.00000000,804.00000000,804,0,0,0,-15325918187.00000000,1.00000000,1.00000000
106,95545448.00000000,0.02368433,15.29806002,0,0.02849536,93.36163839,0.58950000,0,0,0,-9555734957.78125000,4.01554394,0.80061984,4816.76712990,-27556631870.28125000,3100.00000000,772.00000000,772,0,0,0,-18000896912.50000000,1.00000000,1.00000000
107,120674840.00000000,0.02385825,15.12333470,0,0.02398203,99.13603041,0.62150000,0,0,0,-12068566845.25000000,4.46067429,0.81687242,4147.48279381,-34871397475.25000000,3176.00000000,712.00000000,712,0,0,0,-22802830630.00000000,1.00000000,1.00000000
108,118311344.00000000,0.02422666,15.13990994,0,0.02849812,96.28240797,0.56850000,0,0,0,-11832403613.18750000,3.74601221,0.78929681,4364.04395485,-34244173525.68750000,3053.00000000,815.00000000,815,0,0,0,-22411769912.50000000,1.00000000,1.00000000
109,83451896.00000000,0.02297389,15.40506685,0,0.02378608,91.33574888,0.63750000,0,0,0,-8346204736.62500000,4.76671600,0.82659107,4188.07918215,-22765562422.68750000,3208.00000000,673.00000000,673,0,0,0,-14419357686.06250000,1.00000000,1.00000000
110,109689920.00000000,0.02375590,15.44153789,0,0.02582350,106.85448625,0.58600000,0,0,0,-10970208687.50000000,3.96414852,0.79855561,4650.38867474,-31270384927.50000000,3096.00000000,781.00000000,781,0,0,0,-20300176240.00000000,1.00000000,1.00000000
111,71695776.00000000,0.02348901,16.09149754,0,0.02406263,95.02336375,0.62350000,0,0,0,-7170635408.56250000,4.50786829,0.81844157,4261.56569195,-19971060152.56250000,3151.00000000,699.00000000,699,0,0,0,-12800424744.00000000,1.00000000,1.00000000
112,104307744.00000000,0.02345949,15.67338233,0,0.02928244,92.07745277,0.58700000,0,0,0,-10431958565.81250000,4.04954386,0.80196232,4178.35233498,-29225658547.06250000,3106.00000000,767.00000000,767,0,0,0,-18793699981.25000000,1.00000000,1.00000000
113,81878960.00000000,0.02363307,15.21924851,0,0.02212238,114.67045508,0.60300000,0,0,0,-8189025669.75000000,4.26187229,0.80995357,4688.22502518,-22274167815.25000000,3141.00000000,737.00000000,737,0,0,0,-14085142145.50000000,1.00000000,1.00000000
114,109505144.00000000,0.02363047,15.43484889,0,0.03024804,101.00801086,0.61500000,0,0,0,-10951629244.50000000,4.32967043,0.81237113,4919.28127861,-31124931454.50000000,3152.00000000,728.00000000,728,0,0,0,-20173302210.00000000,1.00000000,1.00000000
115,70592320.00000000,0.02391535,15.47246572,0,0.02992985,96.10245514,0.57250000,0,0,0,-7060489533.92968750,3.80816841,0.79202062,4079.82932758,-19504780632.42968750,3077.00000000,808.00000000,808,0,0,0,-12444291098.50000000,1.00000000,1.00000000
116,76487944.00000000,0.02348446,15.22709549,0,0.03104716,94.93944126,0.59000000,0,0,0,-7649991096.06250000,4.01295328,0.80051678,4861.71060753,-21756514587.68750000,3098.00000000,772.00000000,772,0,0,0,-14106523491.62500000,1.00000000,1.00000000
117,106343616.00000000,0.02322915,16.57098843,0,0.02609663,100.81264242,0.59250000,0,0,0,-10635528368.00000000,4.11857700,0.80463320,4083.05455875,-25393927797.00000000,3126.00000000,759.00000000,759,0,0,0,-14758399429.00000000,1.00000000,1.00000000
118,109881520.00000000,0.02359900,16.26497082,0,0.02939565,88.08128018,0.60100000,0,0,0,-10989325985.68750000,4.09473705,0.80371898,4676.11671925,-31696344143.93750000,3112.00000000,760.00000000,760,0,0,0,-20707018158.25000000,1.00000000,1.00000000
119,80403192.00000000,0.02336188,15.38643917,0,0.02320982,105.20813921,0.62750000,0,0,0,-8041393029.31250000,4.50636482,0.81839198,4615.20112038,-21526796505.56250000,3186.00000000,707.00000000,707,0,0,0,-13485403476.25000000,1.00000000,1.00000000
120,107538832.00000000,0.02353334,16.35806221,0,0.02962852,103.25197940,0.57950000,0,0,0,-10755098093.00000000,3.91116762,0.79638243,4414.09612751,-29511889719.00000000,3082.00000000,788.00000000,788,0,0,0,-18756791626.00000000,1.00000000,1.00000000
121,94328016.00000000,0.02330015,14.67111579,0,0.02845512,101.94175720,0.59500000,0,0,0,-9433962549.77343750,4.10596037,0.80415046,4547.88545418,-25508790541.14843750,3100.00000000,755.00000000,755,0,0,0,-16074827991.37500000,1.00000000,1.00000000
122,76198264.00000000,0.02314006,15.87652816,0,0.02646354,115.79929013,0.61050000,0,0,0,-7620940319.06250000,4.29848671,0.81126690,4485.64571190,-19427254210.06250000,3125.00000000,727.00000000,727,0,0,0,-11806313891.00000000,1.00000000,1.00000000
123,76598944.00000000,0.02352235,16.37530090,0,0.02861590,95.04081217,0.62500000,0,0,0,-7660984455.12500000,4.46218491,0.81692308,4662.29124069,-21643117462.87500000,3186.00000000,714.00000000,714,0,0,0,-13982133007.75000000,1.00000000,1.00000000
124,62683484.00000000,0.02354075,16.45618433,0,0.03001952,90.81823603,0.58950000,0,0,0,-6269547301.03125000,4.01032257,0.80041206,4364.73694420,-17827625823.90625000,3108.00000000,775.00000000,775,0,0,0,-11558078522.87500000,1.00000000,1.00000000
125,116314576.00000000,0.02352515,15.50373772,0,0.02471546,92.00582674,0.62700000,0,0,0,-11632520068.75000000,4.52932739,0.81914616,4018.66633034,-29552374161.75000000,3166.00000000,699.00000000,699,0,0,0,-17919854093.00000000,1.00000000,1.00000000
126,97176200.00000000,0.02348626,14.78082482,0,0.02849894,81.21331618,0.63000000,0,0,0,-9718681321.43750000,4.51566935,0.81869835,4708.24951553,-27453309454.68750000,3170.00000000,702.00000000,702,0,0,0,-17734628133.25000000,1.00000000,1.00000000
127,83600848.00000000,0.02337411,15.53786245,0,0.02222413,101.00900862,0.60200000,0,0,0,-8361241968.31250000,4.17420197,0.80673349,4494.06527710,-22923853693.06250000,3139.00000000,752.00000000,752,0,0,0,-14562611724.75000000,1.00000000,1.00000000
128,66688324.00000000,0.02379986,15.63286592,0,0.02736283,92.95237011,0.56400000,0,0,0,-6670121178.25000000,3.65939403,0.78537983,3600.77918100,-19082755798.25000000,3019.00000000,825.00000000,825,0,0,0,-12412634620.00000000,1.00000000,1.00000000
129,109392576.00000000,0.02325114,15.87207582,0,0.03082107,105.48559316,0.60500000,0,0,0,-10940409537.37500000,4.17177105,0.80664265,4401.07072067,-31911049230.37500000,3133.00000000,751.00000000,751,0,0,0,-20970639693.00000000,1.00000000,1.00000000
130,110455920.00000000,0.02329032,17.09631867,0,0.02555677,106.61776140,0.64800000,0,0,0,-11046571464.12500000,4.92507648,0.83122581,5233.75782776,-31524992446.12500000,3221.00000000,654.00000000,654,0,0,0,-20478420982.00000000,1.00000000,1.00000000
131,99139936.00000000,0.02326769,15.55181229,0,0.02692938,91.86058172,0.61950000,0,0,0,-9915094999.50000000,4.35644960,0.81330919,4756.15735435,-27997017922.00000000,3141.00000000,721.00000000,721,0,0,0,-18081922922.50000000,1.00000000,1.00000000
132,70916024.00000000,0.02343961,16.96539421,0,0.02524815,96.30946392,0.60600000,0,0,0,-7092759343.93750000,4.16400003,0.80635166,5222.05961990,-20688718804.43750000,3123.00000000,750.00000000,750,0,0,0,-13595959460.50000000,1.00000000,1.00000000
133,92028240.00000000,0.02292049,16.81378367,0,0.03033031,93.74951341,0.64000000,0,0,0,-9203818764.89648438,4.80966759,0.82787311,4730.11698532,-26074686808.14648438,3184.00000000,662.00000000,662,0,0,0,-16870868043.25000000,1.00000000,1.00000000
134,82680072.00000000,0.02245986,16.82605151,0,0.02721508,102.50239902,0.59400000,0,0,0,-8269170477.37500000,4.09920645,0.80389106,4430.48591614,-23558388907.87500000,3099.00000000,756.00000000,756,0,0,0,-15289218430.50000000,1.00000000,1.00000000
135,91738672.00000000,0.02359049,14.07961661,0,0.03158364,89.59179348,0.63050000,0,0,0,-9174910221.25000000,4.64005804,0.82269686,3990.02675819,-24711893876.25000000,3197.00000000,689.00000000,689,0,0,0,-15536983655.00000000,1.00000000,1.00000000
136,61514076.00000000,0.02347975,15.35935657,0,0.02600582,89.58532079,0.62600000,0,0,0,-6152477592.37500000,4.49219847,0.81792355,4261.55069923,-17498828234.37500000,3167.00000000,705.00000000,705,0,0,0,-11346350642.00000000,1.00000000,1.00000000
137,88692224.00000000,0.02299344,16.88620604,0,0.02522098,79.61093521,0.63100000,0,0,0,-8870257166.62500000,4.63994169,0.82269323,4196.67047596,-25208754156.62500000,3183.00000000,686.00000000,686,0,0,0,-16338496990.00000000,1.00000000,1.00000000
138,76974840.00000000,0.02284794,16.58975619,0,0.03212067,83.69559733,0.62050000,0,0,0,-7698549435.93750000,4.51420450,0.81865019,4888.13324547,-20858766953.93750000,3178.00000000,704.00000000,704,0,0,0,-13160217518.00000000,1.00000000,1.00000000
139,69925528.00000000,0.02304888,16.22182837,0,0.02188455,78.90597534,0.57300000,0,0,0,-6993792239.75000000,3.82706761,0.79283488,3799.75341225,-18695836013.75000000,3054.00000000,798.00000000,798,0,0,0,-11702043774.00000000,1.00000000,1.00000000
140,93106032.00000000,0.02349079,15.81737417,0,0.02814868,100.04848607,0.57700000,0,0,0,-9311871286.00000000,3.78378367,0.79096043,4271.38702965,-26260831091.25000000,3080.00000000,814.00000000,814,0,0,0,-16948959805.25000000,1.00000000,1.00000000
141,63140144.00000000,0.02294746,16.69494990,0,0.02735401,97.03017298,0.61450000,0,0,0,-6315121781.06250000,4.31586218,0.81188375,4192.38444710,-18026352544.56250000,3129.00000000,725.00000000,725,0,0,0,-11711230763.50000000,1.00000000,1.00000000
142,72259448.00000000,0.02336627,16.20750718,0,0.02840741,88.87680393,0.60300000,0,0,0,-7227094259.87500000,4.19143248,0.80737495,4184.02066612,-20177488082.87500000,3131.00000000,747.00000000,747,0,0,0,-12950393823.00000000,1.00000000,1.00000000
143,58411744.00000000,0.02311621,16.58552836,0,0.03018126,98.54996999,0.62800000,0,0,0,-5842239783.75000000,4.50859594,0.81846553,4149.54880142,-16442563715.75000000,3147.00000000,698.00000000,698,0,0,0,-10600323932.00000000,1.00000000,1.00000000
144,45186764.00000000,0.02238747,15.88220167,0,0.03096753,95.04522196,0.64200000,0,0,0,-4519687807.45312500,4.81464863,0.82802057,4362.03817558,-12536062036.95312500,3221.00000000,669.00000000,669,0,0,0,-8016374229.50000000,1.00000000,1.00000000
145,61054532.00000000,0.02306713,15.22913107,0,0.02356416,95.00822279,0.62350000,0,0,0,-6106535945.06250000,4.42577028,0.81569439,4014.29616642,-17601308771.56250000,3160.00000000,714.00000000,714,0,0,0,-11494772826.50000000,1.00000000,1.00000000
146,81234056.00000000,0.02343550,15.34537026,0,0.02859607,93.58129671,0.58400000,0,0,0,-8124618135.53125000,3.95019150,0.79798764,3761.28850937,-23059542853.90625000,3093.00000000,783.00000000,783,0,0,0,-14934924718.37500000,1.00000000,1.00000000
147,72195888.00000000,0.02316012,17.17983552,0,0.02813458,88.96165636,0.63850000,0,0,0,-7220618817.50000000,4.67203522,0.82369643,4732.94904613,-20342038510.00000000,3191.00000000,683.00000000,683,0,0,0,-13121419692.50000000,1.00000000,1.00000000
148,75273768.00000000,0.02286900,14.82194330,0,0.02685590,93.05281999,0.58800000,0,0,0,-7528564503.06250000,3.99221802,0.79968822,4048.56898308,-21407494788.06250000,3078.00000000,771.00000000,771,0,0,0,-13878930285.00000000,1.00000000,1.00000000
149,62748596.00000000,0.02290641,15.78697468,0,0.02478824,87.77944692,0.60450000,0,0,0,-6276021900.71875000,4.15312910,0.80594313,4295.53679180,-18082833942.21875000,3119.00000000,751.00000000,751,0,0,0,-11806812041.50000000,1.00000000,1.00000000
150,81413336.00000000,0.02261284,16.18554058,0,0.02669150,97.73300213,0.64150000,0,0,0,-8142343933.37500000,4.79490995,0.82743478,4610.20613384,-23069750344.87500000,3203.00000000,668.00000000,668,0,0,0,-14927406411.50000000,1.00000000,1.00000000
151,70160880.00000000,0.02256727,16.62552447,0,0.02866652,88.24783240,0.64350000,0,0,0,-7017107883.50000000,4.72673559,0.82538044,4364.97148609,-19759868350.50000000,3200.00000000,677.00000000,677,0,0,0,-12742760467.00000000,1.00000000,1.00000000
152,81686888.00000000,0.02266944,14.96329263,0,0.02487078,79.01891030,0.62700000,0,0,0,-8169752466.37500000,4.58730173,0.82102275,4382.03930092,-23401662365.87500000,3179.00000000,693.00000000,693,0,0,0,-15231909899.50000000,1.00000000,1.00000000
153,64729488.00000000,0.02279244,15.20461663,0,0.02746460,88.57207701,0.63400000,0,0,0,-6474006102.18750000,4.53648090,0.81937987,4015.03420639,-18558177538.06250000,3171.00000000,699.00000000,699,0,0,0,-12084171435.87500000,1.00000000,1.00000000
154,89447168.00000000,0.02312857,16.37842198,0,0.02759988,85.41269981,0.64350000,0,0,0,-8945703267.09375000,4.89193296,0.83027643,4338.48791599,-23610504197.59375000,3214.00000000,657.00000000,657,0,0,0,-14664800930.50000000,1.00000000,1.00000000
155,55505868.00000000,0.02308155,15.55991822,0,0.02795470,81.97653749,0.62100000,0,0,0,-5551671352.75000000,4.43943644,0.81615746,4006.81743431,-16010482102.87500000,3152.00000000,710.00000000,710,0,0,0,-10458810750.12500000,1.00000000,1.00000000
156,74925848.00000000,0.02319866,15.63452594,0,0.02760350,71.95619626,0.60550000,0,0,0,-7493724273.81250000,4.19946098,0.80767238,4062.26091862,-20055729392.81250000,3116.00000000,742.00000000,742,0,0,0,-12562005119.00000000,1.00000000,1.00000000
157,58319528.00000000,0.02201292,15.93994648,0,0.02536150,100.20935228,0.67550000,0,0,0,-5832876025.87500000,5.26570034,0.84040093,4171.87059402,-16766417424.12500000,3270.00000000,621.00000000,621,0,0,0,-10933541398.25000000,1.00000000,1.00000000
158,73387896.00000000,0.02265586,16.74690519,0,0.02150384,92.82542419,0.64150000,0,0,0,-7339805968.25000000,4.70029688,0.82457054,4267.19067764,-20639911788.75000000,3168.00000000,674.00000000,674,0,0,0,-13300105820.50000000,1.00000000,1.00000000
159,50170700.00000000,0.02287751,15.39678261,0,0.02611279,80.21534136,0.63550000,0,0,0,-5018094415.93750000,4.66372967,0.82343793,4192.07945633,-14012975315.43750000,3176.00000000,681.00000000,681,0,0,0,-8994880899.50000000,1.00000000,1.00000000
160,100897128.00000000,0.02280253,15.05447588,0,0.03099979,77.83656904,0.63550000,0,0,0,-10090739694.46093750,4.70294094,0.82465190,4827.32664490,-28616220754.21093750,3198.00000000,680.00000000,680,0,0,0,-18525481059.75000000,1.00000000,1.00000000
161,57352520.00000000,0.02260892,16.29892930,0,0.02543354,74.69944297,0.66850000,0,0,0,-5736157726.96875000,5.31967211,0.84176391,4637.00054932,-15040066403.71875000,3245.00000000,610.00000000,610,0,0,0,-9303908676.75000000,1.00000000,1.00000000
162,59060824.00000000,0.02293969,16.13871344,0,0.02985215,83.14630975,0.63150000,0,0,0,-5907128290.22656250,4.59855080,0.82138234,4155.38701057,-16368924832.97656250,3173.00000000,690.00000000,690,0,0,0,-10461796542.75000000,1.00000000,1.00000000
163,64342608.00000000,0.02305194,15.56543406,0,0.02277337,84.29892561,0.62850000,0,0,0,-6435323422.25000000,4.53934193,0.81947315,4187.86542702,-18695968070.25000000,3173.00000000,699.00000000,699,0,0,0,-12260644648.00000000,1.00000000,1.00000000
164,58658636.00000000,0.02283724,15.38650855,0,0.02500716,72.69759793,0.64500000,0,0,0,-5866864641.25000000,4.83861256,0.82872641,4364.57288074,-15767623191.75000000,3208.00000000,663.00000000,663,0,0,0,-9900758550.50000000,1.00000000,1.00000000
165,55809336.00000000,0.02273834,16.16644086,0,0.02336833,74.65702650,0.61750000,0,0,0,-5582041171.06250000,4.29023361,0.81097245,3942.74934006,-15938747787.81250000,3119.00000000,727.00000000,727,0,0,0,-10356706616.75000000,1.00000000,1.00000000
166,57925576.00000000,0.02319213,15.86248242,0,0.02323311,90.88999600,0.64750000,0,0,0,-5793559814.50000000,4.77245522,0.82676351,4197.41381550,-17024940684.50000000,3188.00000000,668.00000000,668,0,0,0,-11231380870.00000000,1.00000000,1.00000000
167,68070200.00000000,0.02336380,14.75530361,0,0.03133919,90.69094086,0.64800000,0,0,0,-6808003111.48437500,4.91257668,0.83086902,4326.66692924,-19200730494.48437500,3203.00000000,652.00000000,652,0,0,0,-12392727383.00000000,1.00000000,1.00000000
168,72804424.00000000,0.02298783,14.80339621,0,0.02617886,80.89432102,0.66800000,0,0,0,-7281367789.68750000,5.26094007,0.84027958,4144.47687435,-20099437450.43750000,3246.00000000,617.00000000,617,0,0,0,-12818069660.75000000,1.00000000,1.00000000
169,49105244.00000000,0.02290005,15.71863172,0,0.02669409,90.99669308,0.64650000,0,0,0,-4911514121.12500000,4.87538004,0.82979822,4195.01957226,-13592733829.62500000,3208.00000000,658.00000000,658,0,0,0,-8681219708.50000000,1.00000000,1.00000000
170,62183884.00000000,0.02300967,15.42586564,0,0.02934517,79.27642822,0.62800000,0,0,0,-6219452016.56250000,4.53428555,0.81930822,4493.57978344,-17784106091.81250000,3174.00000000,700.00000000,700,0,0,0,-11564654075.25000000,1.00000000,1.00000000
171,62208916.00000000,0.02262994,15.84756843,0,0.02994933,94.95817524,0.58900000,0,0,0,-6222097978.76562500,3.95758367,0.79828882,4262.07086182,-18138715203.18750000,3079.00000000,778.00000000,778,0,0,0,-11916617224.42187500,1.00000000,1.00000000
172,63641000.00000000,0.02229948,15.91729139,0,0.02228484,89.98985969,0.68950000,0,0,0,-6364979644.37500000,5.51346779,0.84647197,4619.32159233,-18222128544.87500000,3275.00000000,594.00000000,594,0,0,0,-11857148900.50000000,1.00000000,1.00000000
173,56098480.00000000,0.02209804,16.65884635,0,0.02509893,89.68859779,0.65650000,0,0,0,-5610815319.09375000,5.02028084,0.83389479,4200.86858749,-15474199303.59375000,3218.00000000,641.00000000,641,0,0,0,-9863383984.50000000,1.00000000,1.00000000
174,51846824.00000000,0.02178320,14.77013669,0,0.02324501,81.89002185,0.62450000,0,0,0,-5185782269.37500000,4.39444447,0.81462407,4600.73070812,-15174391462.37500000,3164.00000000,720.00000000,720,0,0,0,-9988609193.00000000,1.00000000,1.00000000
175,55435320.00000000,0.02165072,14.89430473,0,0.02494441,80.65793991,0.62850000,0,0,0,-5544608700.96875000,4.48725224,0.81775939,4162.10350037,-15362592857.34375000,3168.00000000,706.00000000,706,0,0,0,-9817984156.37500000,1.00000000,1.00000000
176,51052800.00000000,0.02290945,17.38922762,0,0.02007609,76.85743798,0.66900000,0,0,0,-5106213791.17187500,5.18181801,0.83823532,4484.53339195,-14048439212.17187500,3249.00000000,627.00000000,627,0,0,0,-8942225421.00000000,1.00000000,1.00000000
177,66794480.00000000,0.02251174,15.30163312,0,0.02493676,86.91222297,0.67600000,0,0,0,-6680353523.75000000,5.31535959,0.84165591,4645.62591553,-19262984997.75000000,3253.00000000,612.00000000,612,0,0,0,-12582631474.00000000,1.00000000,1.00000000
178,37363416.00000000,0.02238681,16.10302967,0,0.02571871,72.30676439,0.68050000,0,0,0,-3737228323.88281250,5.41390705,0.84408879,4527.29564857,-10028620511.50781250,3270.00000000,604.00000000,604,0,0,0,-6291392187.62500000,1.00000000,1.00000000
179,44224416.00000000,0.02293111,15.62109750,0,0.03236352,83.88269933,0.66350000,0,0,0,-4423410093.50000000,5.01851845,0.83384615,4126.48299217,-12985185094.50000000,3252.00000000,648.00000000,648,0,0,0,-8561775001.00000000,1.00000000,1.00000000
180,62929120.00000000,0.02206260,16.33196400,0,0.03117534,82.32108307,0.64750000,0,0,0,-6293919511.37500000,4.80059958,0.82760406,4509.39043045,-17810662415.12500000,3202.00000000,667.00000000,667,0,0,0,-11516742903.75000000,1.00000000,1.00000000
181,84566040.00000000,0.02211778,14.97217599,0,0.02529835,69.89474403,0.62600000,0,0,0,-8457680907.59375000,4.47167158,0.81724048,3947.31216908,-24638617743.09375000,3157.00000000,706.00000000,706,0,0,0,-16180936835.50000000,1.00000000,1.00000000
182,63832392.00000000,0.02199770,16.58656025,0,0.02682052,88.90123071,0.62800000,0,0,0,-6384303544.56250000,4.51069880,0.81853479,4313.34725952,-18217003789.18750000,3162.00000000,701.00000000,701,0,0,0,-11832700244.62500000,1.00000000,1.00000000
183,47219248.00000000,0.02299765,16.59229133,0,0.02524284,86.83061049,0.66800000,0,0,0,-4722868871.43750000,5.09968376,0.83605707,4338.85270119,-13677181325.68750000,3223.00000000,632.00000000,632,0,0,0,-8954312454.25000000,1.00000000,1.00000000
184,78624800.00000000,0.02358028,14.36660075,0,0.02298874,90.81194560,0.62500000,0,0,0,-7863559754.56250000,4.45224714,0.81658942,3938.46144009,-23263408180.06250000,3170.00000000,712.00000000,712,0,0,0,-15399848425.50000000,1.00000000,1.00000000
185,60451524.00000000,0.02232401,15.38431376,0,0.03068029,86.60085424,0.67550000,0,0,0,-6046031894.12500000,5.49243689,0.84597462,4532.78665257,-16197221528.87500000,3268.00000000,595.00000000,595,0,0,0,-10151189634.75000000,1.00000000,1.00000000
186,44391772.00000000,0.02217113,15.46400473,0,0.03087326,73.32142851,0.62650000,0,0,0,-4440215740.62500000,4.57871723,0.82074732,4251.29765987,-11771216463.12500000,3141.00000000,686.00000000,686,0,0,0,-7331000722.50000000,1.00000000,1.00000000
187,65251680.00000000,0.02192196,14.79408171,0,0.02687453,73.74624676,0.63250000,0,0,0,-6526227656.25000000,4.55364799,0.81993818,4240.12256050,-17843287159.96875000,3183.00000000,699.00000000,699,0,0,0,-11317059503.71875000,1.00000000,1.00000000
188,41295592.00000000,0.02235951,15.34960937,0,0.02739411,103.26675500,0.68050000,0,0,0,-4130458402.75000000,5.40924072,0.84397531,4108.34475946,-11734127969.50000000,3278.00000000,606.00000000,606,0,0,0,-7603669566.75000000,1.00000000,1.00000000
189,51042976.00000000,0.02273682,13.63497092,0,0.02748990,81.06799995,0.66450000,0,0,0,-5105244529.63476562,5.14217997,0.83719134,4341.02761650,-13499827377.88476562,3255.00000000,633.00000000,633,0,0,0,-8394582848.25000000,1.00000000,1.00000000
190,68115576.00000000,0.02241880,15.38094573,0,0.02643180,70.96568086,0.67200000,0,0,0,-6812469819.68750000,5.30668831,0.84143817,4286.48936367,-19275642596.18750000,3253.00000000,613.00000000,613,0,0,0,-12463172776.50000000,1.00000000,1.00000000
191,61189848.00000000,0.02253930,15.46014975,0,0.02895914,76.32136748,0.64200000,0,0,0,-6119990234.90625000,4.76946115,0.82667357,4237.38232708,-15481585365.21875000,3186.00000000,668.00000000,668,0,0,0,-9361595130.31250000,1.00000000,1.00000000
192,48272976.00000000,0.02203349,14.47871145,0,0.02648506,71.49804052,0.67250000,0,0,0,-4828210530.29687500,5.28013039,0.84076762,3958.13019180,-12985922822.54687500,3242.00000000,614.00000000,614,0,0,0,-8157712292.25000000,1.00000000,1.00000000
193,48242884.00000000,0.02317435,16.55458276,0,0.03040389,65.87833659,0.68800000,0,0,0,-4825144505.06250000,5.63511181,0.84928662,4435.02926636,-13574331748.93750000,3274.00000000,581.00000000,581,0,0,0,-8749187243.87500000,1.00000000,1.00000000
194,57457264.00000000,0.02230694,14.06326870,0,0.02609708,65.44737244,0.63800000,0,0,0,-5746761435.56250000,4.64473677,0.82284385,4561.27192402,-16784321526.56250000,3177.00000000,684.00000000,684,0,0,0,-11037560091.00000000,1.00000000,1.00000000
195,47556292.00000000,0.02201631,14.93949256,0,0.02446339,74.10740874,0.65600000,0,0,0,-4756602665.00000000,4.97067881,0.83251488,3932.57954025,-12152956998.00000000,3221.00000000,648.00000000,648,0,0,0,-7396354333.00000000,1.00000000,1.00000000
196,51373684.00000000,0.02218096,15.72554253,0,0.02608219,67.70809809,0.68200000,0,0,0,-5138266282.50000000,5.43211937,0.84453022,4404.36801815,-14896663004.00000000,3281.00000000,604.00000000,604,0,0,0,-9758396721.50000000,1.00000000,1.00000000
197,50390496.00000000,0.02215903,16.02155879,0,0.02891034,75.93761063,0.69800000,0,0,0,-5039865211.87500000,5.93214273,0.85574448,4514.71347809,-13646614056.12500000,3322.00000000,560.00000000,560,0,0,0,-8606748844.25000000,1.00000000,1.00000000
198,49024196.00000000,0.02239753,15.33620331,0,0.02712619,66.40868208,0.67250000,0,0,0,-4903340346.46093750,5.24919081,0.83997929,4228.97634125,-12959117057.83593750,3244.00000000,618.00000000,618,0,0,0,-8055776711.37500000,1.00000000,1.00000000
199,48249088.00000000,0.02294353,15.35693452,0,0.02345029,73.07889726,0.66050000,0,0,0,-4825855740.60986328,5.11338568,0.83642453,4109.88442230,-13305888462.60986328,3247.00000000,635.00000000,635,0,0,0,-8480032722.00000000,1.00000000,1.00000000
200,43437744.00000000,0.02144735,15.82317746,0,0.02627828,69.53997506,0.70050000,0,0,0,-4344568754.81250000,6.01090908,0.85736513,4322.05084896,-12095790547.31250000,3306.00000000,550.00000000,550,0,0,0,-7751221792.50000000,1.00000000,1.00000000
201,37438732.00000000,0.02200236,14.42661498,0,0.02774883,72.02973217,0.65700000,0,0,0,-3744853604.28125000,4.96620607,0.83238930,4231.72556496,-10757659742.78125000,3233.00000000,651.00000000,651,0,0,0,-7012806138.50000000,1.00000000,1.00000000
202,57500020.00000000,0.02193765,14.87540724,0,0.02469956,74.39664925,0.60250000,0,0,0,-5751150913.50000000,4.14400005,0.80559874,3914.27320766,-15370764839.50000000,3108.00000000,750.00000000,750,0,0,0,-9619613926.00000000,1.00000000,1.00000000
203,32768536.00000000,0.02207581,15.74764734,0,0.02610139,69.60859723,0.67300000,0,0,0,-3277750516.50000000,5.33990145,0.84226882,4236.26588631,-9258267956.50000000,3252.00000000,609.00000000,609,0,0,0,-5980517440.00000000,1.00000000,1.00000000
204,52571800.00000000,0.02289025,14.02931226,0,0.02643324,67.20568763,0.63900000,0,0,0,-5258211339.93750000,4.68814039,0.82419562,4501.32552719,-15075087758.93750000,3202.00000000,683.00000000,683,0,0,0,-9816876419.00000000,1.00000000,1.00000000
205,46583052.00000000,0.02190672,14.28961709,0,0.02404997,75.03687541,0.64150000,0,0,0,-4659325625.39062500,4.72041416,0.82518750,4281.96431923,-13164702671.82812500,3191.00000000,676.00000000,676,0,0,0,-8505377046.43750000,1.00000000,1.00000000
206,47284548.00000000,0.02261264,16.43630906,0,0.02777936,70.61605708,0.63200000,0,0,0,-4729506074.86914062,4.56709957,0.82037324,4352.54691887,-12574344884.36914062,3165.00000000,693.00000000,693,0,0,0,-7844838809.50000000,1.00000000,1.00000000
207,49300004.00000000,0.02270851,14.17948129,0,0.02796421,67.73820114,0.65750000,0,0,0,-4930967458.68750000,4.99380827,0.83316118,4353.71162796,-14134211831.18750000,3226.00000000,646.00000000,646,0,0,0,-9203244372.50000000,1.00000000,1.00000000
208,29837898.00000000,0.02147929,15.06083349,0,0.02160793,66.19646411,0.70700000,0,0,0,-2984580322.48242188,6.03676462,0.85788924,4074.49918747,-8436022158.24804688,3284.00000000,544.00000000,544,0,0,0,-5451441835.76562500,1.00000000,1.00000000
209,44220172.00000000,0.02212307,14.81824109,0,0.02363140,75.09239366,0.68100000,0,0,0,-4422910501.12500000,5.47324419,0.84551793,4613.36382103,-12688633496.12500000,3273.00000000,598.00000000,598,0,0,0,-8265722995.00000000,1.00000000,1.00000000
210,44085524.00000000,0.02197346,13.98824867,0,0.02766149,71.30824068,0.63400000,0,0,0,-4409601584.93750000,4.64782619,0.82294071,4329.04482555,-12037358151.93750000,3207.00000000,690.00000000,690,0,0,0,-7627756567.00000000,1.00000000,1.00000000
211,45140788.00000000,0.02109942,14.75556350,0,0.02713866,78.40884823,0.68650000,0,0,0,-4514939379.21093750,5.70172405,0.85078466,4349.00048447,-12439208453.71093750,3307.00000000,580.00000000,580,0,0,0,-7924269074.50000000,1.00000000,1.00000000
212,42683288.00000000,0.02124522,14.12309166,0,0.02523970,79.31284671,0.68550000,0,0,0,-4269202102.96093750,5.53637886,0.84701008,4387.62153053,-11630135384.33593750,3272.00000000,591.00000000,591,0,0,0,-7360933281.37500000,1.00000000,1.00000000
213,38448284.00000000,0.02119275,14.32363541,0,0.02571685,71.57289293,0.71100000,0,0,0,-3845627489.67187500,6.01814890,0.85751230,4216.85822105,-10971706885.92187500,3316.00000000,551.00000000,551,0,0,0,-7126079396.25000000,1.00000000,1.00000000
214,52803580.00000000,0.02173388,14.94059348,0,0.02725943,68.52343920,0.68300000,0,0,0,-5281253382.00000000,5.40397358,0.84384698,4525.71300983,-15013803644.00000000,3264.00000000,604.00000000,604,0,0,0,-9732550262.00000000,1.00000000,1.00000000
215,34322244.00000000,0.02122320,15.54681862,0,0.02703512,62.83356730,0.67300000,0,0,0,-3433152935.12500000,5.21864939,0.83919340,4045.92395687,-9915568354.62500000,3246.00000000,622.00000000,622,0,0,0,-6482415419.50000000,1.00000000,1.00000000
216,43391080.00000000,0.02180766,14.63570720,0,0.02579636,61.84219572,0.66300000,0,0,0,-4340041779.46875000,5.11904764,0.83657587,3822.30620384,-12430841563.71875000,3225.00000000,630.00000000,630,0,0,0,-8090799784.25000000,1.00000000,1.00000000
217,42347044.00000000,0.02237016,13.27361028,0,0.02683077,75.81268650,0.66050000,0,0,0,-4235674243.78125000,5.02170563,0.83393407,4050.47986221,-11955141552.03125000,3239.00000000,645.00000000,645,0,0,0,-7719467308.25000000,1.00000000,1.00000000
218,31725730.00000000,0.02155853,14.21354488,0,0.02678178,74.60175154,0.70050000,0,0,0,-3173387348.87500000,5.94086027,0.85592562,3764.77241230,-9126017216.37500000,3315.00000000,558.00000000,558,0,0,0,-5952629867.50000000,1.00000000,1.00000000
219,44297212.00000000,0.02209204,13.93587042,0,0.02720724,59.54782062,0.68500000,0,0,0,-4430587656.01562500,5.56388426,0.84765118,4356.07095909,-12490903575.51562500,3266.00000000,587.00000000,587,0,0,0,-8060315919.50000000,1.00000000,1.00000000
220,47416600.00000000,0.02292302,14.55732142,0,0.03150744,67.96570884,0.62700000,0,0,0,-4742755793.14843750,4.42119932,0.81553900,3733.05053902,-13821166057.14843750,3170.00000000,717.00000000,717,0,0,0,-9078410264.00000000,1.00000000,1.00000000
221,40304872.00000000,0.02179833,14.55422648,0,0.02571643,69.62835036,0.71700000,0,0,0,-4031257639.90625000,6.36294889,0.86418486,4166.43008041,-11171333378.53125000,3366.00000000,529.00000000,529,0,0,0,-7140075738.62500000,1.00000000,1.00000000
222,43149188.00000000,0.02215114,14.52536893,0,0.02401306,66.47370105,0.68900000,0,0,0,-4315758659.43750000,5.73426580,0.85150570,4096.98214149,-11063436633.31250000,3280.00000000,572.00000000,572,0,0,0,-6747677973.87500000,1.00000000,1.00000000
223,35236248.00000000,0.02131377,14.51790023,0,0.02493330,78.92623223,0.65200000,0,0,0,-3524592806.90625000,4.98606825,0.83294541,3925.29526234,-9381399287.46875000,3221.00000000,646.00000000,646,0,0,0,-5856806480.56250000,1.00000000,1.00000000
224,40464144.00000000,0.02137635,13.41662030,0,0.02342492,58.94376458,0.63500000,0,0,0,-4047451345.18750000,4.61773252,0.82199222,4031.11851406,-11066977097.18750000,3177.00000000,688.00000000,688,0,0,0,-7019525752.00000000,1.00000000,1.00000000
225,39105100.00000000,0.02180705,13.53410766,0,0.02965775,74.56798299,0.68400000,0,0,0,-3911384285.10156250,5.55405426,0.84742266,4166.62514305,-9744900811.10156250,3288.00000000,592.00000000,592,0,0,0,-5833516526.00000000,1.00000000,1.00000000
226,49691332.00000000,0.02231570,14.32060895,0,0.03073212,64.40702926,0.64650000,0,0,0,-4970160326.01562500,4.74226809,0.82585281,4246.71224785,-14646357910.26562500,3220.00000000,679.00000000,679,0,0,0,-9676197584.25000000,1.00000000,1.00000000
227,47343036.00000000,0.02120021,14.45776472,0,0.02260644,49.53169314,0.65900000,0,0,0,-4735259021.50000000,5.11302996,0.83641499,4650.89821053,-12662185799.50000000,3257.00000000,637.00000000,637,0,0,0,-7926926778.00000000,1.00000000,1.00000000
228,26928944.00000000,0.02101095,14.31392169,0,0.02585313,62.84082837,0.71100000,0,0,0,-2693667813.56250000,6.26779032,0.86240661,4097.79077721,-7227299010.06250000,3347.00000000,534.00000000,534,0,0,0,-4533631196.50000000,1.00000000,1.00000000
229,37407832.00000000,0.02124364,14.97640664,0,0.02639913,57.86415609,0.67700000,0,0,0,-3741684091.00000000,5.31914902,0.84175086,4291.76826572,-10659483005.00000000,3250.00000000,611.00000000,611,0,0,0,-6917798914.00000000,1.00000000,1.00000000
230,44828856.00000000,0.02102387,14.43974224,0,0.02905186,64.37677553,0.70800000,0,0,0,-4483696493.28125000,5.98918915,0.85692191,4568.64110374,-12997367328.15625000,3324.00000000,555.00000000,555,0,0,0,-8513670834.87500000,1.00000000,1.00000000
231,35438808.00000000,0.02202154,14.09838731,0,0.02011304,69.14847183,0.70650000,0,0,0,-3544654221.90625000,6.33333349,0.86363637,4252.49650097,-9313733058.90625000,3363.00000000,531.00000000,531,0,0,0,-5769078837.00000000,1.00000000,1.00000000
232,33593420.00000000,0.02195437,14.66760291,0,0.03091130,62.93443722,0.68400000,0,0,0,-3360233991.68750000,5.41983461,0.84423274,3944.01054001,-9606595249.56250000,3279.00000000,605.00000000,605,0,0,0,-6246361257.87500000,1.00000000,1.00000000
233,28675052.00000000,0.02095400,14.51560792,0,0.02110610,63.24134021,0.66300000,0,0,0,-2868432317.13281250,5.14308405,0.83721530,4172.72210979,-8020759839.38281250,3235.00000000,629.00000000,629,0,0,0,-5152327522.25000000,1.00000000,1.00000000
234,30044858.00000000,0.02103992,13.71709801,0,0.02449947,55.65617328,0.69000000,0,0,0,-3005341664.81250000,5.61604118,0.84885222,4094.86991119,-8471087681.56250000,3291.00000000,586.00000000,586,0,0,0,-5465746016.75000000,1.00000000,1.00000000
235,31555814.00000000,0.02112830,13.09772526,0,0.02495018,69.13469187,0.68400000,0,0,0,-3156475778.34375000,5.48252916,0.84573925,4082.38568401,-9134473777.59375000,3295.00000000,601.00000000,601,0,0,0,-5977997999.25000000,1.00000000,1.00000000
236,40311320.00000000,0.02134921,13.70973320,0,0.02328173,51.61566120,0.62950000,0,0,0,-4032214092.28125000,4.43820238,0.81611568,3816.64742899,-11746133621.78125000,3160.00000000,712.00000000,712,0,0,0,-7713919529.50000000,1.00000000,1.00000000
237,30662104.00000000,0.02091341,13.86384544,0,0.01938846,67.89533573,0.67750000,0,0,0,-3067119938.06250000,5.28874397,0.84098572,3982.61419868,-8771501769.31250000,3242.00000000,613.00000000,613,0,0,0,-5704381831.25000000,1.00000000,1.00000000
238,31574722.00000000,0.02129569,14.47784283,0,0.02551307,55.16720475,0.67950000,0,0,0,-3158357780.37500000,5.46744585,0.84537947,3565.36011219,-9099079165.12500000,3275.00000000,599.00000000,599,0,0,0,-5940721384.75000000,1.00000000,1.00000000
239,46680688.00000000,0.02163147,13.40426243,0,0.02748467,53.42951923,0.67050000,0,0,0,-4668995545.90625000,5.21990347,0.83922583,4475.41558552,-12859935160.03125000,3252.00000000,623.00000000,623,0,0,0,-8190939614.12500000,1.00000000,1.00000000
240,32441918.00000000,0.02092758,14.23929296,0,0.02556734,58.12330755,0.66250000,0,0,0,-3245129716.75000000,5.16323280,0.83774751,4001.74709511,-8864824854.25000000,3258.00000000,631.00000000,631,0,0,0,-5619695137.50000000,1.00000000,1.00000000
241,38724980.00000000,0.02136678,13.78378403,0,0.02705663,54.21495904,0.66000000,0,0,0,-3873461018.56250000,5.05312490,0.83479607,3797.70496273,-10851271518.93750000,3234.00000000,640.00000000,640,0,0,0,-6977810500.37500000,1.00000000,1.00000000
242,31730806.00000000,0.02093986,14.04839959,0,0.02308130,76.46427631,0.69550000,0,0,0,-3173934986.00000000,5.70862055,0.85093808,4154.37821960,-8556886330.00000000,3311.00000000,580.00000000,580,0,0,0,-5382951344.00000000,1.00000000,1.00000000
243,29882950.00000000,0.02136114,14.39142746,0,0.02233528,66.04240078,0.71450000,0,0,0,-2989080232.23437500,6.14760160,0.86009294,4047.35720253,-8757424682.98437500,3332.00000000,542.00000000,542,0,0,0,-5768344450.75000000,1.00000000,1.00000000
244,34633160.00000000,0.02096870,14.16948927,0,0.02536923,47.62768597,0.72800000,0,0,0,-3464043050.00000000,6.68787289,0.86992502,4003.16333389,-9351789707.50000000,3364.00000000,503.00000000,503,0,0,0,-5887746657.50000000,1.00000000,1.00000000
245,31121506.00000000,0.02104447,12.78405967,0,0.03127624,66.19123289,0.67100000,0,0,0,-3113071225.64062500,5.23948240,0.83973026,3841.25778770,-8955051212.14062500,3238.00000000,618.00000000,618,0,0,0,-5841979986.50000000,1.00000000,1.00000000
246,22515468.00000000,0.02115934,13.11830863,0,0.02473591,52.17254257,0.70500000,0,0,0,-2252328443.02343750,6.15341949,0.86020672,3674.13543701,-6136403538.39843750,3329.00000000,541.00000000,541,0,0,0,-3884075095.37500000,1.00000000,1.00000000
247,32820290.00000000,0.02094154,14.14210150,0,0.02683119,54.71019448,0.69650000,0,0,0,-3282857785.96093750,5.84628963,0.85393548,3721.74296570,-8853706466.69531250,3309.00000000,566.00000000,566,0,0,0,-5570848680.73437500,1.00000000,1.00000000
248,31443152.00000000,0.02164859,14.05948718,0,0.02738593,60.02688090,0.64100000,0,0,0,-3145342796.18750000,4.68980789,0.82424712,3986.15253353,-8966415821.81250000,3175.00000000,677.00000000,677,0,0,0,-5821073025.62500000,1.00000000,1.00000000
249,20728008.00000000,0.02102873,12.96954550,0,0.02526500,59.07358530,0.70850000,0,0,0,-2073582710.40625000,6.19294977,0.86097497,3469.44291592,-5795527074.15625000,3338.00000000,539.00000000,539,0,0,0,-3721944363.75000000,1.00000000,1.00000000
250,37189592.00000000,0.02152644,13.61793762,0,0.02556565,51.37481244,0.65650000,0,0,0,-3719960307.25000000,4.87443256,0.82977080,4006.25050259,-10988969637.25000000,3222.00000000,661.00000000,661,0,0,0,-7269009330.00000000,1.00000000,1.00000000
251,31136804.00000000,0.02128399,13.59054642,0,0.02454079,55.99226846,0.64000000,0,0,0,-3114737710.15625000,4.57471275,0.82061857,3807.88185215,-8564543379.15625000,3184.00000000,696.00000000,696,0,0,0,-5449805669.00000000,1.00000000,1.00000000
252,39404808.00000000,0.02084943,13.83591263,0,0.02278231,57.94128630,0.68850000,0,0,0,-3941324662.00000000,5.71701384,0.85112435,3970.12644577,-9815796101.25000000,3293.00000000,576.00000000,576,0,0,0,-5874471439.25000000,1.00000000,1.00000000
253,29860070.00000000,0.02110291,13.65998804,0,0.03218600,50.31807094,0.68450000,0,0,0,-2986874232.28125000,5.55706978,0.84749287,3888.20142555,-7894223337.53125000,3262.00000000,587.00000000,587,0,0,0,-4907349105.25000000,1.00000000,1.00000000
254,23986938.00000000,0.02117973,13.68762176,0,0.02516869,59.96790865,0.71450000,0,0,0,-2399488280.43750000,6.17311239,0.86059052,3957.65733910,-6766524676.93750000,3352.00000000,543.00000000,543,0,0,0,-4367036396.50000000,1.00000000,1.00000000
255,38260200.00000000,0.02072880,14.15180317,0,0.02851074,60.27626737,0.71400000,0,0,0,-3826795743.37500000,6.20149231,0.86113989,4048.43332863,-10463096603.12500000,3324.00000000,536.00000000,536,0,0,0,-6636300859.75000000,1.00000000,1.00000000
256,21788852.00000000,0.02099191,13.08637416,0,0.02689930,54.58230379,0.73100000,0,0,0,-2179618498.25000000,6.64752483,0.86923873,4382.50558758,-6297123415.00000000,3357.00000000,505.00000000,505,0,0,0,-4117504916.75000000,1.00000000,1.00000000
257,32504076.00000000,0.02174688,13.37453208,0,0.02627211,44.58362283,0.67400000,0,0,0,-3251323241.68750000,5.27228546,0.84056848,3963.04753685,-8614479880.50000000,3253.00000000,617.00000000,617,0,0,0,-5363156638.81250000,1.00000000,1.00000000
258,21089228.00000000,0.02076086,12.44459425,0,0.02294664,58.98868985,0.69200000,0,0,0,-2109784489.06250000,5.57679176,0.84795016,3748.27412415,-5943217848.56250000,3268.00000000,586.00000000,586,0,0,0,-3833433359.50000000,1.00000000,1.00000000
259,31544958.00000000,0.02095088,13.72819763,0,0.02559810,43.55788612,0.71700000,0,0,0,-3155275425.06640625,6.20895529,0.86128366,4324.27124786,-9116021142.37890625,3328.00000000,536.00000000,536,0,0,0,-5960745717.31250000,1.00000000,1.00000000
260,23881932.00000000,0.02097286,12.58459398,0,0.02049504,51.72545539,0.71200000,0,0,0,-2388986473.00000000,6.15157127,0.86017060,3939.19424725,-6915960857.75000000,3328.00000000,541.00000000,541,0,0,0,-4526974384.75000000,1.00000000,1.00000000
261,23756360.00000000,0.02052951,13.53864089,0,0.02269384,52.89391814,0.70250000,0,0,0,-2376475052.34375000,5.77312374,0.85235763,3788.32572508,-6787049690.03125000,3308.00000000,573.00000000,573,0,0,0,-4410574637.68750000,1.00000000,1.00000000
262,29558200.00000000,0.02105791,13.19778238,0,0.02034885,64.90572188,0.71150000,0,0,0,-2956628171.00000000,6.05605793,0.85827780,4034.16834497,-8479953082.37500000,3349.00000000,553.00000000,553,0,0,0,-5523324911.37500000,1.00000000,1.00000000
263,31894508.00000000,0.02084178,12.75871040,0,0.02586028,56.60527971,0.67800000,0,0,0,-3190325961.93750000,5.54145527,0.84712881,3885.04595757,-8462850783.68750000,3275.00000000,591.00000000,591,0,0,0,-5272524821.75000000,1.00000000,1.00000000
264,28141836.00000000,0.02058971,14.10106541,0,0.03352838,57.86204910,0.71000000,0,0,0,-2814977187.89843750,6.03467131,0.85784698,3955.45019436,-7792838376.14843750,3307.00000000,548.00000000,548,0,0,0,-4977861188.25000000,1.00000000,1.00000000
265,30183696.00000000,0.02151324,13.55013445,0,0.02406846,42.83319622,0.72400000,0,0,0,-3019113649.75000000,6.51744175,0.86697602,3862.42618179,-8291722244.50000000,3363.00000000,516.00000000,516,0,0,0,-5272608594.75000000,1.00000000,1.00000000
266,33770548.00000000,0.02095926,14.01176003,0,0.02188471,39.88423941,0.67150000,0,0,0,-3377952683.46875000,5.34925842,0.84250128,3959.25760174,-9406366333.46875000,3247.00000000,607.00000000,607,0,0,0,-6028413650.00000000,1.00000000,1.00000000
267,27390430.00000000,0.02075295,13.79693115,0,0.02921348,47.57543500,0.69400000,0,0,0,-2739877585.09375000,5.75131369,0.85188067,3517.12354469,-7601522790.21875000,3284.00000000,571.00000000,571,0,0,0,-4861645205.12500000,1.00000000,1.00000000
268,23423422.00000000,0.02129400,12.37764836,0,0.02535127,60.82131831,0.70800000,0,0,0,-2343134392.82031250,6.11334562,0.85941917,3870.64982796,-6518683607.19531250,3344.00000000,547.00000000,547,0,0,0,-4175549214.37500000,1.00000000,1.00000000
269,28086632.00000000,0.02042298,12.82047063,0,0.02006791,40.84008853,0.69900000,0,0,0,-2809475749.34375000,5.94414425,0.85599375,4180.03912449,-7623144554.53125000,3299.00000000,555.00000000,555,0,0,0,-4813668805.18750000,1.00000000,1.00000000
270,28455012.00000000,0.02109447,12.74632812,0,0.02456496,54.46331173,0.66950000,0,0,0,-2846423036.34375000,5.20739555,0.83890182,3678.80999756,-7962170262.84375000,3239.00000000,622.00000000,622,0,0,0,-5115747226.50000000,1.00000000,1.00000000
271,44126896.00000000,0.02094976,13.57769993,0,0.02655297,47.01259655,0.70400000,0,0,0,-4413502740.65625000,5.95152617,0.85614669,3751.70434904,-12383033802.53125000,3315.00000000,557.00000000,557,0,0,0,-7969531061.87500000,1.00000000,1.00000000
272,34592172.00000000,0.02071547,12.69623548,0,0.02829491,38.94240273,0.69650000,0,0,0,-3460054357.50781250,5.83128309,0.85361463,3872.40198612,-9726599167.50781250,3318.00000000,569.00000000,569,0,0,0,-6266544810.00000000,1.00000000,1.00000000
273,28266316.00000000,0.02128546,12.64283708,0,0.02277694,53.99728372,0.71950000,0,0,0,-2827402922.40625000,6.33521652,0.86367136,3746.53618717,-7983361406.90625000,3364.00000000,531.00000000,531,0,0,0,-5155958484.50000000,1.00000000,1.00000000
274,31983820.00000000,0.02089438,12.58205638,0,0.02395545,51.09517648,0.68450000,0,0,0,-3199277777.43750000,5.47429514,0.84554303,4267.61308098,-8436779450.56250000,3301.00000000,603.00000000,603,0,0,0,-5237501673.12500000,1.00000000,1.00000000
275,20650792.00000000,0.02092340,13.29379526,0,0.02636043,65.67816840,0.72400000,0,0,0,-2065832581.06250000,6.42175579,0.86526102,3857.17571354,-5809240572.81250000,3365.00000000,524.00000000,524,0,0,0,-3743407991.75000000,1.00000000,1.00000000
276,29780184.00000000,0.02123998,12.90922540,0,0.02467695,45.36191569,0.70500000,0,0,0,-2978830191.78125000,6.01261282,0.85739982,3839.32204151,-8630277228.28125000,3337.00000000,555.00000000,555,0,0,0,-5651447036.50000000,1.00000000,1.00000000
277,27142582.00000000,0.02109964,13.16480392,0,0.02244072,47.94112523,0.74250000,0,0,0,-2714941574.12500000,7.10460234,0.87661332,4353.98964500,-7670483752.12500000,3396.00000000,478.00000000,478,0,0,0,-4955542178.00000000,1.00000000,1.00000000
278,26420856.00000000,0.02181950,13.44716588,0,0.02683667,53.12879181,0.71550000,0,0,0,-2642878692.09375000,6.18784523,0.86087626,4495.53359222,-7557487492.09375000,3360.00000000,543.00000000,543,0,0,0,-4914608800.00000000,1.00000000,1.00000000
279,25431378.00000000,0.02063578,13.07438371,0,0.02352272,40.96809196,0.69350000,0,0,0,-2543991140.01367188,5.64594126,0.84953225,3928.07261562,-7171982963.63867188,3269.00000000,579.00000000,579,0,0,0,-4627991823.62500000,1.00000000,1.00000000
280,22740480.00000000,0.02089435,12.56245382,0,0.02447679,47.00714175,0.73200000,0,0,0,-2274752262.78125000,6.81541586,0.87204778,3805.14879513,-6333031853.03125000,3360.00000000,493.00000000,493,0,0,0,-4058279590.25000000,1.00000000,1.00000000
281,26725942.00000000,0.02022545,12.53466070,0,0.02342001,41.90445889,0.70500000,0,0,0,-2673410546.53125000,5.85612774,0.85414505,3561.40360737,-7614943778.78125000,3297.00000000,563.00000000,563,0,0,0,-4941533232.25000000,1.00000000,1.00000000
282,24963264.00000000,0.02038606,12.24459219,0,0.02577092,57.37753190,0.69800000,0,0,0,-2497152111.46875000,5.80742073,0.85310149,3876.06119537,-7081259825.46875000,3287.00000000,566.00000000,566,0,0,0,-4584107714.00000000,1.00000000,1.00000000
283,32343542.00000000,0.02047074,12.55121991,0,0.02601539,46.89591281,0.70300000,0,0,0,-3235156633.75000000,6.00727272,0.85729110,3796.27581787,-8888618859.25000000,3304.00000000,550.00000000,550,0,0,0,-5653462225.50000000,1.00000000,1.00000000
284,36117436.00000000,0.02006542,12.75569333,0,0.02566804,62.43724993,0.66150000,0,0,0,-3612709118.43750000,5.01397514,0.83372062,4052.17527485,-10043135339.68750000,3229.00000000,644.00000000,644,0,0,0,-6430426221.25000000,1.00000000,1.00000000
285,20993906.00000000,0.02099134,12.46400842,0,0.02502329,52.30283716,0.67900000,0,0,0,-2100287574.18750000,5.39768982,0.84369355,3774.38754082,-5834060503.68750000,3271.00000000,606.00000000,606,0,0,0,-3733772929.50000000,1.00000000,1.00000000
286,26049030.00000000,0.02086012,12.35338264,0,0.02651577,49.37055143,0.71300000,0,0,0,-2605663404.65625000,6.32575750,0.86349535,3824.19397831,-6352514019.34375000,3340.00000000,528.00000000,528,0,0,0,-3746850614.68750000,1.00000000,1.00000000
287,27360276.00000000,0.02089226,12.10368784,0,0.02571086,54.78918372,0.68250000,0,0,0,-2736916093.03125000,5.38741732,0.84344220,3674.75632191,-7040442557.65625000,3254.00000000,604.00000000,604,0,0,0,-4303526464.62500000,1.00000000,1.00000000
288,25243026.00000000,0.02054349,13.36006649,0,0.02630289,49.49338086,0.69700000,0,0,0,-2525135380.25781250,5.79789114,0.85289556,4010.11825562,-7227434762.13281250,3299.00000000,569.00000000,569,0,0,0,-4702299381.87500000,1.00000000,1.00000000
289,24090204.00000000,0.02010909,12.08983410,0,0.02671820,57.11666107,0.73200000,0,0,0,-2409733337.96875000,6.79435492,0.87170202,3906.69031239,-7063477634.96875000,3370.00000000,496.00000000,496,0,0,0,-4653744297.00000000,1.00000000,1.00000000
290,26680494.00000000,0.02036826,12.53531265,0,0.02790982,47.89588886,0.69750000,0,0,0,-2668906576.89062500,5.64786339,0.84957570,3470.52007771,-7800476327.51562500,3304.00000000,585.00000000,585,0,0,0,-5131569750.62500000,1.00000000,1.00000000
291,33300318.00000000,0.02081030,12.53556454,0,0.02564773,49.44963752,0.70750000,0,0,0,-3330838788.15625000,6.01084995,0.85736394,4119.01875162,-9588413626.65625000,3324.00000000,553.00000000,553,0,0,0,-6257574838.50000000,1.00000000,1.00000000
292,22940880.00000000,0.02117729,12.24506099,0,0.03148253,46.39516470,0.72300000,0,0,0,-2294850094.93750000,6.33522749,0.86367160,3759.30131531,-6581350654.68750000,3345.00000000,528.00000000,528,0,0,0,-4286500559.75000000,1.00000000,1.00000000
293,27344440.00000000,0.02110659,12.43998991,0,0.02735647,47.60433176,0.68100000,0,0,0,-2735333187.90625000,5.37209320,0.84306568,3761.61603642,-7392493394.15625000,3234.00000000,602.00000000,602,0,0,0,-4657160206.25000000,1.00000000,1.00000000
294,28058280.00000000,0.02110791,12.75765543,0,0.02268880,37.66328462,0.74100000,0,0,0,-2806527658.40625000,7.06016588,0.87593305,4166.11210108,-7882489164.03125000,3403.00000000,482.00000000,482,0,0,0,-5075961505.62500000,1.00000000,1.00000000
295,22567898.00000000,0.02062672,12.65038400,0,0.02616539,63.86844720,0.71500000,0,0,0,-2257567383.37500000,6.22429895,0.86157829,3956.54328060,-6245822748.56250000,3330.00000000,535.00000000,535,0,0,0,-3988255365.18750000,1.00000000,1.00000000
296,25342384.00000000,0.02042776,12.94531585,0,0.02248389,41.40936110,0.67650000,0,0,0,-2535131154.06250000,5.36243820,0.84282756,3736.32391548,-6911259281.56250000,3255.00000000,607.00000000,607,0,0,0,-4376128127.50000000,1.00000000,1.00000000
297,28856600.00000000,0.02047684,12.72339572,0,0.02322136,41.71466668,0.70700000,0,0,0,-2886458888.07812500,6.03656292,0.85788518,3519.88078737,-8039895004.89062500,3302.00000000,547.00000000,547,0,0,0,-5153436116.81250000,1.00000000,1.00000000
298,26252746.00000000,0.01994838,12.53534960,0,0.02488411,43.52151881,0.67500000,0,0,0,-2626192652.18750000,5.23338747,0.83957356,3418.50633955,-7559027405.43750000,3229.00000000,617.00000000,617,0,0,0,-4932834753.25000000,1.00000000,1.00000000
299,25405672.00000000,0.02100323,12.86078882,0,0.02732829,38.89322111,0.72050000,0,0,0,-2541353198.18750000,6.17343187,0.86059672,3698.49537992,-6936830181.93750000,3346.00000000,542.00000000,542,0,0,0,-4395476983.75000000,1.00000000,1.00000000
300,20216224.00000000,0.02075727,11.65555589,0,0.02334311,45.64057986,0.72150000,0,0,0,-2022392819.42187500,6.31578970,0.86330932,3671.50543404,-5840480528.42187500,3360.00000000,532.00000000,532,0,0,0,-3818087709.00000000,1.00000000,1.00000000
301,21836764.00000000,0.02112864,12.45077361,0,0.02401119,37.25988430,0.72050000,0,0,0,-2184417111.90625000,6.55577278,0.86765087,3558.64170456,-5734281284.40625000,3350.00000000,511.00000000,511,0,0,0,-3549864172.50000000,1.00000000,1.00000000
302,30476532.00000000,0.02037510,12.42830037,0,0.02322042,51.43722195,0.70800000,0,0,0,-3048434340.25000000,6.15213346,0.86018157,3869.36860561,-8355849736.50000000,3316.00000000,539.00000000,539,0,0,0,-5307415396.25000000,1.00000000,1.00000000
303,36561524.00000000,0.02032398,11.91825548,0,0.02683399,50.27816137,0.65600000,0,0,0,-3657115348.25000000,5.00931692,0.83359176,3745.51425076,-9071317154.25000000,3226.00000000,644.00000000,644,0,0,0,-5414201806.00000000,1.00000000,1.00000000
304,23041104.00000000,0.02041997,12.24629561,0,0.02532880,55.74390093,0.69750000,0,0,0,-2304955863.00000000,5.74694586,0.85178477,3154.06113386,-6645390777.25000000,3293.00000000,573.00000000,573,0,0,0,-4340434914.25000000,1.00000000,1.00000000
305,35375668.00000000,0.02082858,11.97279409,0,0.02455759,46.85977406,0.64850000,0,0,0,-3538568299.15625000,4.79940128,0.82756841,3524.18200970,-10157237315.03125000,3206.00000000,668.00000000,668,0,0,0,-6618669015.87500000,1.00000000,1.00000000
306,22556248.00000000,0.01994272,12.75077666,0,0.02360948,54.65852610,0.72200000,0,0,0,-2256383977.43750000,6.38857126,0.86465585,3829.86373997,-6359624643.43750000,3354.00000000,525.00000000,525,0,0,0,-4103240666.00000000,1.00000000,1.00000000
307,23805416.00000000,0.02051901,12.06558662,0,0.02934067,43.92686992,0.76450000,0,0,0,-2381167192.53125000,7.80316734,0.88640451,3932.48940659,-6837413504.78125000,3449.00000000,442.00000000,442,0,0,0,-4456246312.25000000,1.00000000,1.00000000
308,27090264.00000000,0.02076186,11.42859210,0,0.02170993,49.96195666,0.71400000,0,0,0,-2709816904.93750000,6.21771240,0.86145192,3830.81754589,-7891860537.18750000,3370.00000000,542.00000000,542,0,0,0,-5182043632.25000000,1.00000000,1.00000000
309,22796372.00000000,0.02051554,12.12080327,0,0.02680154,45.13034206,0.71600000,0,0,0,-2280433124.87500000,6.07326031,0.85862249,3927.32215405,-6426458193.87500000,3316.00000000,546.00000000,546,0,0,0,-4146025069.00000000,1.00000000,1.00000000
310,31780090.00000000,0.02133576,12.21222481,0,0.02192409,46.13087442,0.67350000,0,0,0,-3178932560.62500000,5.23633432,0.83964938,3598.85506916,-8958968783.62500000,3257.00000000,622.00000000,622,0,0,0,-5780036223.00000000,1.00000000,1.00000000
311,26926472.00000000,0.02067917,12.32979870,0,0.01944076,46.78927888,0.67750000,0,0,0,-2693539497.25000000,5.37541533,0.84314746,3442.82192993,-7543878045.25000000,3236.00000000,602.00000000,602,0,0,0,-4850338548.00000000,1.00000000,1.00000000
312,30816558.00000000,0.02024039,12.07365934,0,0.02811796,36.55763690,0.72300000,0,0,0,-3082405419.87500000,6.44787645,0.86573356,3644.65356112,-7796408276.62500000,3340.00000000,518.00000000,518,0,0,0,-4714002856.75000000,1.00000000,1.00000000
313,27640988.00000000,0.01995904,11.00340629,0,0.02285598,41.30154037,0.69350000,0,0,0,-2764928856.84375000,5.79049301,0.85273528,3725.31791782,-7602720791.84375000,3289.00000000,568.00000000,568,0,0,0,-4837791935.00000000,1.00000000,1.00000000
314,27061812.00000000,0.01975629,12.17818304,0,0.02475533,51.91643227,0.70100000,0,0,0,-2707020236.09375000,5.74694586,0.85178477,3341.72342634,-7695569962.84375000,3293.00000000,573.00000000,573,0,0,0,-4988549726.75000000,1.00000000,1.00000000
315,29396034.00000000,0.01997300,12.08879691,0,0.02167227,36.04427083,0.68850000,0,0,0,-2940479400.40625000,5.55555534,0.84745765,3715.92955542,-8343879802.65625000,3300.00000000,594.00000000,594,0,0,0,-5403400402.25000000,1.00000000,1.00000000
316,20602398.00000000,0.02005064,12.20340595,0,0.02282979,43.67662409,0.72000000,0,0,0,-2061029591.65625000,6.18382359,0.86079836,3800.30752325,-5950209455.90625000,3364.00000000,544.00000000,544,0,0,0,-3889179864.25000000,1.00000000,1.00000000
317,25175552.00000000,0.02034060,11.93873029,0,0.02288502,43.20160717,0.69800000,0,0,0,-2518408727.09375000,5.66148520,0.84988332,3557.15808487,-6870743240.96875000,3278.00000000,579.00000000,579,0,0,0,-4352334513.87500000,1.00000000,1.00000000
318,25324414.00000000,0.02094731,11.56887604,0,0.02391748,48.11355400,0.67100000,0,0,0,-2533359639.31250000,5.24354839,0.83983469,4072.77178383,-7201028936.06250000,3251.00000000,620.00000000,620,0,0,0,-4667669296.75000000,1.00000000,1.00000000
319,21271866.00000000,0.01993338,12.02735683,0,0.02226109,44.73630036,0.74150000,0,0,0,-2127895164.71875000,6.87601614,0.87303227,4008.28278780,-5987297205.53125000,3383.00000000,492.00000000,492,0,0,0,-3859402040.81250000,1.00000000,1.00000000
320,24451988.00000000,0.01980221,11.62447826,0,0.02535781,39.97164906,0.75400000,0,0,0,-2445826253.62500000,7.60267878,0.88375711,3844.89848423,-6946685052.62500000,3406.00000000,448.00000000,448,0,0,0,-4500858799.00000000,1.00000000,1.00000000
321,27564322.00000000,0.02081532,11.69112370,0,0.02399526,29.86407990,0.70050000,0,0,0,-2757257247.12500000,5.90730858,0.85522580,3796.98140049,-7765935311.06250000,3314.00000000,561.00000000,561,0,0,0,-5008678063.93750000,1.00000000,1.00000000
322,24398318.00000000,0.02060133,11.32575131,0,0.02746282,37.10963323,0.72700000,0,0,0,-2440578096.93750000,6.45436907,0.86585051,4027.80559635,-6975754942.25000000,3324.00000000,515.00000000,515,0,0,0,-4535176845.31250000,1.00000000,1.00000000
323,23643640.00000000,0.02007230,11.56091371,0,0.02216435,66.95805910,0.69900000,0,0,0,-2365195903.81250000,5.82807016,0.85354573,3469.54563046,-6702047754.06250000,3322.00000000,570.00000000,570,0,0,0,-4336851850.25000000,1.00000000,1.00000000
324,25494696.00000000,0.02045920,12.65666515,0,0.02453186,44.40685738,0.69750000,0,0,0,-2550310681.68750000,5.75043631,0.85186142,3360.78972244,-6436980840.06250000,3295.00000000,573.00000000,573,0,0,0,-3886670158.37500000,1.00000000,1.00000000
325,30000236.00000000,0.02064879,11.59477015,0,0.02277924,43.04562145,0.69550000,0,0,0,-3000881094.87500000,5.61643839,0.84886128,4166.41454268,-8600265478.37500000,3280.00000000,584.00000000,584,0,0,0,-5599384383.50000000,1.00000000,1.00000000
326,22594412.00000000,0.02043716,11.31763023,0,0.02247334,48.96444130,0.70100000,0,0,0,-2260273733.09375000,5.86596107,0.85435396,3553.79378319,-6277935594.21875000,3326.00000000,567.00000000,567,0,0,0,-4017661861.12500000,1.00000000,1.00000000
327,19098322.00000000,0.02006044,11.54291234,0,0.01930652,47.31088193,0.72400000,0,0,0,-1910592888.19287109,6.40796947,0.86501026,3982.30939484,-5181869749.06787109,3377.00000000,527.00000000,527,0,0,0,-3271276860.87500000,1.00000000,1.00000000
328,26782610.00000000,0.02034137,12.34755831,0,0.02802136,40.43413883,0.71650000,0,0,0,-2679049847.78125000,6.14760160,0.86009294,3819.20332432,-7608140442.78125000,3332.00000000,542.00000000,542,0,0,0,-4929090595.00000000,1.00000000,1.00000000
329,25726354.00000000,0.02018701,11.66417905,0,0.02196771,43.58449109,0.70700000,0,0,0,-2573442588.03906250,5.95503616,0.85621929,3795.37894535,-7316312240.53906250,3311.00000000,556.00000000,556,0,0,0,-4742869652.50000000,1.00000000,1.00000000
330,27923942.00000000,0.02007474,11.62952574,0,0.02661673,35.21043152,0.71350000,0,0,0,-2793178182.78125000,6.16111088,0.86035687,3769.97804451,-7136164419.53125000,3327.00000000,540.00000000,540,0,0,0,-4342986236.75000000,1.00000000,1.00000000
331,26437940.00000000,0.02042936,11.59311384,0,0.02567873,49.11262194,0.72050000,0,0,0,-2644545582.84375000,6.42802286,0.86537468,3413.96634674,-6964333768.46875000,3349.00000000,521.00000000,521,0,0,0,-4319788185.62500000,1.00000000,1.00000000
332,30291650.00000000,0.01933457,11.33487276,0,0.02262553,46.72600259,0.68550000,0,0,0,-3030046256.64062500,5.48166656,0.84571868,3471.25327969,-8019481753.14062500,3289.00000000,600.00000000,600,0,0,0,-4989435496.50000000,1.00000000,1.00000000
333,26486226.00000000,0.01989423,11.83024704,0,0.02339639,54.95378070,0.69250000,0,0,0,-2649474698.07812500,5.64837027,0.84958720,3213.97609234,-7382191342.82812500,3293.00000000,583.00000000,583,0,0,0,-4732716644.75000000,1.00000000,1.00000000
334,30956794.00000000,0.02045081,11.29270614,0,0.02658668,46.65490108,0.68900000,0,0,0,-3096557166.87500000,5.55236483,0.84738332,4136.33533669,-8633062093.00000000,3287.00000000,592.00000000,592,0,0,0,-5536504926.12500000,1.00000000,1.00000000
335,24355312.00000000,0.01970811,11.04486211,0,0.02250178,39.08920754,0.70950000,0,0,0,-2436326918.90625000,6.09357786,0.85902745,3764.83906746,-6811184277.40625000,3321.00000000,545.00000000,545,0,0,0,-4374857358.50000000,1.00000000,1.00000000
336,30149914.00000000,0.01963508,11.44597067,0,0.03003781,40.20029349,0.72800000,0,0,0,-3015742751.81250000,6.47398853,0.86620265,3835.84312820,-8850624039.68750000,3360.00000000,519.00000000,519,0,0,0,-5834881287.87500000,1.00000000,1.00000000
337,22343534.00000000,0.01960879,11.12943656,0,0.02586692,42.72282749,0.74950000,0,0,0,-2235027551.90625000,7.19198322,0.87792945,3787.81512833,-6327527935.40625000,3409.00000000,474.00000000,474,0,0,0,-4092500383.50000000,1.00000000,1.00000000
338,26490600.00000000,0.02038619,11.45619549,0,0.02683376,47.06913100,0.71000000,0,0,0,-2649867894.56250000,6.03096533,0.85777199,3789.63098240,-7424278423.81250000,3311.00000000,549.00000000,549,0,0,0,-4774410529.25000000,1.00000000,1.00000000
339,22494598.00000000,0.02013123,10.96117258,0,0.02451317,28.12011962,0.69500000,0,0,0,-2250305831.60156250,5.68923616,0.85050613,3474.42497969,-6186505240.41406250,3277.00000000,576.00000000,576,0,0,0,-3936199408.81250000,1.00000000,1.00000000
340,20297538.00000000,0.02014601,11.14800695,0,0.02129566,41.55007532,0.74050000,0,0,0,-2030451105.46875000,6.93047047,0.87390405,3505.81750393,-5696032682.84375000,3389.00000000,489.00000000,489,0,0,0,-3665581577.37500000,1.00000000,1.00000000
341,24874432.00000000,0.02028234,11.15218968,0,0.02472365,46.90187020,0.72150000,0,0,0,-2488215367.35253906,6.24859810,0.86204231,3417.18254137,-7207283036.47753906,3343.00000000,535.00000000,535,0,0,0,-4719067669.12500000,1.00000000,1.00000000
342,24114726.00000000,0.01985839,11.69923105,0,0.02563712,30.27576780,0.72100000,0,0,0,-2412213837.31250000,6.46153831,0.86597937,3809.56409264,-6673056523.18750000,3360.00000000,520.00000000,520,0,0,0,-4260842685.87500000,1.00000000,1.00000000
343,34820608.00000000,0.02001851,11.60269005,0,0.01679405,42.43827089,0.69950000,0,0,0,-3482865585.25000000,6.00543499,0.85725367,3390.49853468,-9929784682.50000000,3315.00000000,552.00000000,552,0,0,0,-6446919097.25000000,1.00000000,1.00000000
344,35068928.00000000,0.02033134,11.01451666,0,0.02828667,26.56107288,0.70150000,0,0,0,-3507721034.06250000,5.85435152,0.85410726,3463.90128231,-10014038174.87500000,3296.00000000,563.00000000,563,0,0,0,-6506317140.81250000,1.00000000,1.00000000
345,24892052.00000000,0.02052030,11.45434313,0,0.02247854,39.12737846,0.70900000,0,0,0,-2489997065.75000000,6.09007359,0.85895777,3317.33929920,-6908413855.75000000,3313.00000000,544.00000000,544,0,0,0,-4418416790.00000000,1.00000000,1.00000000
346,20872436.00000000,0.01997800,10.67778129,0,0.02445927,37.41641574,0.75750000,0,0,0,-2087880459.71875000,7.55432367,0.88310003,3679.00533009,-6006814705.21875000,3407.00000000,451.00000000,451,0,0,0,-3918934245.50000000,1.00000000,1.00000000
347,22971338.00000000,0.02008744,11.35180640,0,0.02037471,43.34380510,0.69250000,0,0,0,-2297986798.08203125,5.59829044,0.84844559,3368.15857029,-6496714111.98828125,3275.00000000,585.00000000,585,0,0,0,-4198727313.90625000,1.00000000,1.00000000
348,25479138.00000000,0.01964396,10.76214165,0,0.01983475,42.33955023,0.69850000,0,0,0,-2548763262.34375000,5.64948463,0.84961241,3394.75869751,-7027463436.84375000,3288.00000000,582.00000000,582,0,0,0,-4478700174.50000000,1.00000000,1.00000000
349,22967872.00000000,0.02012865,10.65225299,0,0.02706822,56.48019134,0.72000000,0,0,0,-2297565120.00000000,6.27528095,0.86254829,3894.73884869,-6466016260.50000000,3351.00000000,534.00000000,534,0,0,0,-4168451140.50000000,1.00000000,1.00000000
350,21392424.00000000,0.02034667,10.87174649,0,0.02127835,45.05158700,0.76200000,0,0,0,-2139875159.28125000,7.61197329,0.88388258,3875.51609039,-5813883298.40625000,3433.00000000,451.00000000,451,0,0,0,-3674008139.12500000,1.00000000,1.00000000
351,18875584.00000000,0.02081421,10.77397301,0,0.02093297,49.21181742,0.76050000,0,0,0,-1888180669.87500000,7.83599091,0.88682652,3603.35855579,-5338124932.87500000,3440.00000000,439.00000000,439,0,0,0,-3449944263.00000000,1.00000000,1.00000000
352,18437574.00000000,0.01985642,10.62515366,0,0.02618259,42.56671800,0.74600000,0,0,0,-1844430775.87500000,7.13626814,0.87709355,3887.93667364,-5250396492.12500000,3404.00000000,477.00000000,477,0,0,0,-3405965716.25000000,1.00000000,1.00000000
353,27554088.00000000,0.02048925,11.49582086,0,0.02348648,35.09483507,0.70500000,0,0,0,-2756223236.18750000,5.92652321,0.85562742,3729.11918259,-7858560486.68750000,3307.00000000,558.00000000,558,0,0,0,-5102337250.50000000,1.00000000,1.00000000
354,24529982.00000000,0.02015234,11.26471797,0,0.02436009,43.11642551,0.73150000,0,0,0,-2453710793.86718750,6.78514051,0.87155014,3873.77147532,-6784425780.86718750,3379.00000000,498.00000000,498,0,0,0,-4330714987.00000000,1.00000000,1.00000000
355,24954330.00000000,0.01955689,11.69918392,0,0.02284174,34.81546211,0.65500000,0,0,0,-2496416591.58593750,4.86474180,0.82948953,3396.77627611,-7089372521.33593750,3201.00000000,658.00000000,658,0,0,0,-4592955929.75000000,1.00000000,1.00000000
356,30353984.00000000,0.02022114,11.47206369,0,0.02586693,38.43863148,0.69200000,0,0,0,-3036246407.68798828,5.70383263,0.85083163,3639.81708241,-8747146569.18798828,3274.00000000,574.00000000,574,0,0,0,-5710900161.50000000,1.00000000,1.00000000
357,18965892.00000000,0.01916411,11.13173360,0,0.01952172,33.68154769,0.72300000,0,0,0,-1897366667.77343750,6.27715349,0.86258364,3550.16050720,-5180511917.39843750,3352.00000000,534.00000000,534,0,0,0,-3283145249.62500000,1.00000000,1.00000000
358,26319058.00000000,0.01971630,10.69453735,0,0.02500136,34.85698477,0.70950000,0,0,0,-2632714563.20312500,5.93536806,0.85581154,3327.49896526,-7497747873.89062500,3306.00000000,557.00000000,557,0,0,0,-4865033310.68750000,1.00000000,1.00000000
359,30809442.00000000,0.02039279,10.61992581,0,0.02358129,42.94952838,0.67850000,0,0,0,-3081852931.71875000,5.31250000,0.84158415,3175.32040453,-8481832324.15625000,3230.00000000,608.00000000,608,0,0,0,-5399979392.43750000,1.00000000,1.00000000
360,25062220.00000000,0.01994156,10.56925649,0,0.02236478,40.62302632,0.76000000,0,0,0,-2506876410.18750000,7.47288513,0.88197643,3711.86468601,-7198954157.43750000,3445.00000000,461.00000000,461,0,0,0,-4692077747.25000000,1.00000000,1.00000000
361,19522494.00000000,0.01969200,11.03373213,0,0.02590152,34.32700284,0.72850000,0,0,0,-1952989596.80468750,6.48069477,0.86632258,3448.75836754,-5476212061.55468750,3357.00000000,518.00000000,518,0,0,0,-3523222464.75000000,1.00000000,1.00000000
362,23495802.00000000,0.01988725,10.78338919,0,0.02023351,48.74593820,0.72450000,0,0,0,-2350330047.66162109,6.34351158,0.86382538,3235.29123783,-6631481446.41162109,3324.00000000,524.00000000,524,0,0,0,-4281151398.75000000,1.00000000,1.00000000
363,25031464.00000000,0.02061342,10.44253960,0,0.02384099,33.82064162,0.71150000,0,0,0,-2503931036.87500000,6.12754154,0.85969919,3540.52749968,-7262450061.37500000,3315.00000000,541.00000000,541,0,0,0,-4758519024.50000000,1.00000000,1.00000000
364,31896728.00000000,0.02084533,10.31468050,0,0.02243051,32.44626353,0.69850000,0,0,0,-3190502032.87500000,5.81095409,0.85317767,3647.33175755,-8870246268.75000000,3289.00000000,566.00000000,566,0,0,0,-5679744235.87500000,1.00000000,1.00000000
365,31988206.00000000,0.02021734,10.57779535,0,0.01959912,36.87660631,0.71950000,0,0,0,-3199590812.06250000,6.27715349,0.86258364,3575.37689209,-9208973827.43750000,3352.00000000,534.00000000,534,0,0,0,-6009383015.37500000,1.00000000,1.00000000
366,29912728.00000000,0.02018160,10.52284897,0,0.02348383,40.86944326,0.68800000,0,0,0,-2992149185.09375000,5.51006699,0.84639174,3536.28497171,-8497033833.84375000,3284.00000000,596.00000000,596,0,0,0,-5504884648.75000000,1.00000000,1.00000000
367,29904856.00000000,0.02068899,10.69641303,0,0.02565011,28.54686832,0.69350000,0,0,0,-2991351584.78125000,5.63993168,0.84939605,4009.59512138,-8654475267.90625000,3305.00000000,586.00000000,586,0,0,0,-5663123683.12500000,1.00000000,1.00000000
368,25810416.00000000,0.02025186,11.51575199,0,0.02282826,54.08558697,0.69150000,0,0,0,-2581909499.12548828,5.57312918,0.84786546,3338.47440147,-7501526881.37548828,3277.00000000,588.00000000,588,0,0,0,-4919617382.25000000,1.00000000,1.00000000
369,29447152.00000000,0.02038325,11.08401964,0,0.02377710,23.72322792,0.72850000,0,0,0,-2945439528.12500000,6.66138601,0.86947531,3720.40907907,-7364837716.37500000,3364.00000000,505.00000000,505,0,0,0,-4419398188.25000000,1.00000000,1.00000000
370,30046434.00000000,0.02053954,10.59078045,0,0.02879997,37.52420934,0.69850000,0,0,0,-3005491167.03125000,5.72222233,0.85123968,3422.99834824,-8589455030.03125000,3296.00000000,576.00000000,576,0,0,0,-5583963863.00000000,1.00000000,1.00000000
371,25402442.00000000,0.02094396,10.03839350,0,0.02127974,36.64206632,0.70600000,0,0,0,-2541053065.21923828,5.96942425,0.85651612,3852.04527569,-7049572976.71923828,3319.00000000,556.00000000,556,0,0,0,-4508519911.50000000,1.00000000,1.00000000
372,25973268.00000000,0.02033364,10.21796455,0,0.01968563,32.91317601,0.73650000,0,0,0,-2598030259.12500000,6.83739853,0.87240666,3302.68611431,-6735112494.12500000,3364.00000000,492.00000000,492,0,0,0,-4137082235.00000000,1.00000000,1.00000000
373,24703032.00000000,0.02006323,10.12283370,0,0.02547266,37.53458034,0.71700000,0,0,0,-2471073859.25781250,6.31001902,0.86320144,3830.66739321,-6878865881.41406250,3338.00000000,529.00000000,529,0,0,0,-4407792022.15625000,1.00000000,1.00000000
374,32896784.00000000,0.02042392,10.38137520,0,0.02227861,43.91572528,0.74650000,0,0,0,-3290374104.21875000,7.06431532,0.87599689,3910.59995031,-9372490501.46875000,3405.00000000,482.00000000,482,0,0,0,-6082116397.25000000,1.00000000,1.00000000
375,20669850.00000000,0.01992156,10.83400417,0,0.02000735,45.38340823,0.72950000,0,0,0,-2067714657.50000000,6.59999990,0.86842108,3689.91089630,-5610670267.50000000,3366.00000000,510.00000000,510,0,0,0,-3542955610.00000000,1.00000000,1.00000000
376,24311006.00000000,0.02023774,11.18526638,0,0.02267214,47.22048526,0.71450000,0,0,0,-2431899452.46093750,6.05646610,0.85828602,3659.67699909,-7015430925.21093750,3325.00000000,549.00000000,549,0,0,0,-4583531472.75000000,1.00000000,1.00000000
377,24908326.00000000,0.02058040,10.67728725,0,0.02160451,30.70421187,0.71900000,0,0,0,-2491588057.01562500,6.36761904,0.86427093,3436.80808592,-6695900116.82812500,3343.00000000,525.00000000,525,0,0,0,-4204312059.81250000,1.00000000,1.00000000
378,29113234.00000000,0.01996442,10.95863800,0,0.02502035,31.48143631,0.71800000,0,0,0,-2912101611.71875000,6.29962540,0.86300665,3685.19940853,-8380313406.34375000,3364.00000000,534.00000000,534,0,0,0,-5468211794.62500000,1.00000000,1.00000000
379,23662264.00000000,0.02031264,10.83485059,0,0.02313251,46.20026482,0.71200000,0,0,0,-2367025346.33593750,6.05454540,0.85824740,3415.89014578,-6590226548.58593750,3330.00000000,550.00000000,550,0,0,0,-4223201202.25000000,1.00000000,1.00000000
380,25661282.00000000,0.01958221,10.27177350,0,0.02178229,26.51680936,0.72050000,0,0,0,-2566894294.15625000,6.29323292,0.86288661,3791.88107586,-7399243203.65625000,3348.00000000,532.00000000,532,0,0,0,-4832348909.50000000,1.00000000,1.00000000
381,22955046.00000000,0.01953916,11.03322159,0,0.01922883,32.29958672,0.72250000,0,0,0,-2296249459.85937500,6.44508648,0.86568326,3552.51874542,-6534142109.10937500,3345.00000000,519.00000000,519,0,0,0,-4237892649.25000000,1.00000000,1.00000000
382,27968244.00000000,0.02011637,10.44878324,0,0.02471478,37.64082845,0.71300000,0,0,0,-2797608107.23535156,6.07550621,0.85866737,3516.67465401,-7631976383.23535156,3299.00000000,543.00000000,543,0,0,0,-4834368276.00000000,1.00000000,1.00000000
383,30648948.00000000,0.02015920,10.45655867,0,0.01983485,40.26206440,0.68250000,0,0,0,-3065786568.27343750,5.42122698,0.84426653,3035.61590099,-8523277886.39843750,3269.00000000,603.00000000,603,0,0,0,-5457491318.12500000,1.00000000,1.00000000
384,34907088.00000000,0.02040221,10.06477334,0,0.01922140,31.00965468,0.68550000,0,0,0,-3491583044.93750000,5.51443148,0.84649467,3123.69128513,-9919454271.68750000,3248.00000000,589.00000000,589,0,0,0,-6427871226.75000000,1.00000000,1.00000000
385,23615430.00000000,0.01979055,10.53516052,0,0.02286579,35.51137691,0.72950000,0,0,0,-2362289585.25000000,6.46213579,0.86599010,3699.07184505,-6783220586.00000000,3328.00000000,515.00000000,515,0,0,0,-4420931000.75000000,1.00000000,1.00000000
386,20390174.00000000,0.01926497,10.47486980,0,0.02142978,30.65768295,0.68200000,0,0,0,-2039905521.39062500,5.39669418,0.84366924,3259.10592508,-5683530017.01562500,3265.00000000,605.00000000,605,0,0,0,-3643624495.62500000,1.00000000,1.00000000
387,25925616.00000000,0.01988000,10.56809393,0,0.02449505,40.85684882,0.71650000,0,0,0,-2593343363.50000000,6.15740728,0.86028463,3704.38810158,-7228715943.25000000,3325.00000000,540.00000000,540,0,0,0,-4635372579.75000000,1.00000000,1.00000000
388,24484562.00000000,0.02013086,10.02684925,0,0.02383696,38.85713376,0.78650000,0,0,0,-2449017857.03125000,8.60591125,0.89589745,3549.41166496,-7148613496.09375000,3494.00000000,406.00000000,406,0,0,0,-4699595639.06250000,1.00000000,1.00000000
389,37322892.00000000,0.01997147,9.94150842,0,0.02699928,35.64434783,0.69900000,0,0,0,-3733124752.70312500,5.75831890,0.85203421,3555.87278271,-11018927368.95312500,3288.00000000,571.00000000,571,0,0,0,-7285802616.25000000,1.00000000,1.00000000
390,45454540.00000000,0.02044755,10.20370044,0,0.02729838,39.39203909,0.67050000,0,0,0,-4546399803.06250000,5.07436705,0.83537382,3402.23832226,-11410352728.06250000,3207.00000000,632.00000000,632,0,0,0,-6863952925.00000000,1.00000000,1.00000000
391,21369288.00000000,0.02056808,10.09033934,0,0.02544250,39.83519459,0.69150000,0,0,0,-2137783225.78125000,5.62199306,0.84898806,3217.96019030,-6149863125.90625000,3272.00000000,582.00000000,582,0,0,0,-4012079900.12500000,1.00000000,1.00000000
392,20446798.00000000,0.02012885,9.99055795,0,0.01910792,33.40110217,0.71600000,0,0,0,-2045467029.67968750,6.10681391,0.85928994,3744.07031751,-5666869702.67968750,3316.00000000,543.00000000,543,0,0,0,-3621402673.00000000,1.00000000,1.00000000
393,28514348.00000000,0.01986841,10.16683553,0,0.02754493,46.89110692,0.70500000,0,0,0,-2852245389.68750000,5.89464283,0.85495985,3690.30140591,-8007482260.68750000,3301.00000000,560.00000000,560,0,0,0,-5155236871.00000000,1.00000000,1.00000000
394,21630428.00000000,0.01993960,10.16267780,0,0.02088104,46.04957475,0.72150000,0,0,0,-2163798839.18750000,6.35823774,0.86409789,3670.60599995,-5996311650.18750000,3319.00000000,522.00000000,522,0,0,0,-3832512811.00000000,1.00000000,1.00000000
395,24236788.00000000,0.02049440,9.98818645,0,0.02231235,41.79252073,0.72650000,0,0,0,-2424425986.41601562,6.49038458,0.86649549,3392.04382420,-6920643493.16601562,3375.00000000,520.00000000,520,0,0,0,-4496217506.75000000,1.00000000,1.00000000
396,25370086.00000000,0.02077114,10.09390902,0,0.02193319,35.63390340,0.70500000,0,0,0,-2537808872.25000000,5.95281315,0.85617334,3533.18344307,-6873570757.75000000,3280.00000000,551.00000000,551,0,0,0,-4335761885.50000000,1.00000000,1.00000000
397,19162382.00000000,0.02021832,9.85865289,0,0.02158855,24.50018374,0.77150000,0,0,0,-1916821736.84375000,8.27338123,0.89216447,3531.25033092,-5465901449.84375000,3450.00000000,417.00000000,417,0,0,0,-3549079713.00000000,1.00000000,1.00000000
398,38601252.00000000,0.02049454,10.35563079,0,0.02087386,26.62833563,0.71700000,0,0,0,-3860912541.09375000,6.11233902,0.85939926,3237.96024895,-11066259696.34375000,3319.00000000,543.00000000,543,0,0,0,-7205347155.25000000,1.00000000,1.00000000
399,25880378.00000000,0.01991899,10.05124768,0,0.02363454,40.89825206,0.75800000,0,0,0,-2588664574.84375000,7.54101992,0.88291794,3565.53845263,-7045101946.03125000,3401.00000000,451.00000000,451,0,0,0,-4456437371.18750000,1.00000000,1.00000000
400,27775304.00000000,0.02014138,9.59320511,0,0.02227747,27.96693431,0.71650000,0,0,0,-2778298671.96093750,6.25093651,0.86208677,3840.99083233,-7913019871.96093750,3338.00000000,534.00000000,534,0,0,0,-5134721200.00000000,1.00000000,1.00000000
401,20276330.00000000,0.02011851,9.54549572,0,0.02088993,48.62190342,0.69450000,0,0,0,-2028484449.43750000,5.62371111,0.84902722,3541.87511730,-5860534894.93750000,3273.00000000,582.00000000,582,0,0,0,-3832050445.50000000,1.00000000,1.00000000
402,22295608.00000000,0.02055603,10.36509692,0,0.02886130,30.86656104,0.76150000,0,0,0,-2230188786.45312500,7.63392878,0.88417786,3969.27681541,-6022569129.82812500,3420.00000000,448.00000000,448,0,0,0,-3792380343.37500000,1.00000000,1.00000000
403,24709094.00000000,0.01984496,9.79699094,0,0.02172945,44.54699580,0.68800000,0,0,0,-2471767704.90625000,5.60580206,0.84861791,3595.27840519,-6774713672.90625000,3285.00000000,586.00000000,586,0,0,0,-4302945968.00000000,1.00000000,1.00000000
404,21746786.00000000,0.02058779,10.19540836,0,0.02416932,33.50470363,0.73300000,0,0,0,-2175396160.51562500,6.75251532,0.87100959,3671.03092384,-5602493524.01562500,3356.00000000,497.00000000,497,0,0,0,-3427097363.50000000,1.00000000,1.00000000
405,23085954.00000000,0.01937867,9.91032656,0,0.02436102,46.04130978,0.72050000,0,0,0,-2309373743.79687500,6.19180632,0.86095285,3407.66025734,-6538116463.07812500,3325.00000000,537.00000000,537,0,0,0,-4228742719.28125000,1.00000000,1.00000000
406,20407730.00000000,0.02021093,10.34742072,0,0.02291482,44.37331115,0.71700000,0,0,0,-2041558313.58422852,6.18484306,0.86081809,3664.73634243,-5748814151.33422852,3346.00000000,541.00000000,541,0,0,0,-3707255837.75000000,1.00000000,1.00000000
407,19357378.00000000,0.02006680,10.22403547,0,0.02329060,41.14104610,0.73950000,0,0,0,-1936442633.53125000,6.87044525,0.87294239,3654.40698528,-5547998179.40625000,3394.00000000,494.00000000,494,0,0,0,-3611555545.87500000,1.00000000,1.00000000
408,21338408.00000000,0.02053880,9.75390827,0,0.02483427,43.71639050,0.72300000,0,0,0,-2134601144.87500000,6.43378115,0.86547893,3807.22714615,-5944658413.25000000,3352.00000000,521.00000000,521,0,0,0,-3810057268.37500000,1.00000000,1.00000000
409,28393702.00000000,0.02017142,9.40812846,0,0.01996941,35.26495573,0.70800000,0,0,0,-2840186885.42968750,5.88612080,0.85478038,3569.47158098,-7953219636.92968750,3308.00000000,562.00000000,562,0,0,0,-5113032751.50000000,1.00000000,1.00000000
410,24560190.00000000,0.02061806,9.86963114,0,0.02105764,28.77279652,0.66900000,0,0,0,-2456936067.07324219,5.21543407,0.83911020,3508.53720665,-6842587119.57324219,3244.00000000,622.00000000,622,0,0,0,-4385651052.50000000,1.00000000,1.00000000
411,28011692.00000000,0.01945365,10.03668818,0,0.01794498,35.26159117,0.72200000,0,0,0,-2801939052.00000000,6.35931540,0.86411780,3693.71999121,-7865536194.50000000,3345.00000000,526.00000000,526,0,0,0,-5063597142.50000000,1.00000000,1.00000000
412,19773400.00000000,0.02069863,10.07731690,0,0.02615409,29.66842450,0.72350000,0,0,0,-1978124402.72460938,6.21415281,0.86138356,3701.47465706,-5823393554.72460938,3337.00000000,537.00000000,537,0,0,0,-3845269152.00000000,1.00000000,1.00000000
413,28812812.00000000,0.02008523,9.83949353,0,0.02459634,40.52690209,0.67050000,0,0,0,-2882210681.87500000,5.13716125,0.83705819,3699.23314667,-7744457319.25000000,3221.00000000,627.00000000,627,0,0,0,-4862246637.37500000,1.00000000,1.00000000
414,27486552.00000000,0.02054085,9.99405317,0,0.02267355,31.95096620,0.70250000,0,0,0,-2749475658.71875000,5.86583185,0.85435122,3548.98005962,-7482830710.21875000,3279.00000000,559.00000000,559,0,0,0,-4733355051.50000000,1.00000000,1.00000000
415,28662290.00000000,0.02085146,9.66970606,0,0.01843380,24.30105601,0.69450000,0,0,0,-2867077931.65625000,5.63793087,0.84935063,3806.63536382,-7615795280.90625000,3270.00000000,580.00000000,580,0,0,0,-4748717349.25000000,1.00000000,1.00000000
416,18420004.00000000,0.02099895,9.99187815,0,0.02207306,23.69570605,0.74250000,0,0,0,-1842683620.34375000,7.07949781,0.87622994,3753.29117060,-5073076322.34375000,3384.00000000,478.00000000,478,0,0,0,-3230392702.00000000,1.00000000,1.00000000
417,25270440.00000000,0.02079722,9.32795507,0,0.02092577,35.55225711,0.72450000,0,0,0,-2527812182.78125000,6.37213755,0.86435413,3522.82141972,-7034243947.03125000,3339.00000000,524.00000000,524,0,0,0,-4506431764.25000000,1.00000000,1.00000000
418,24487244.00000000,0.02000017,9.42030462,0,0.02212700,37.78701920,0.72050000,0,0,0,-2449503583.73437500,6.19144964,0.86094600,3675.90413332,-6937843005.48437500,3331.00000000,538.00000000,538,0,0,0,-4488339421.75000000,1.00000000,1.00000000
419,29847260.00000000,0.01981956,9.66740280,0,0.02154343,37.90954823,0.70050000,0,0,0,-2985565897.69531250,5.77855873,0.85247600,3371.69150352,-8360050565.69531250,3288.00000000,569.00000000,569,0,0,0,-5374484668.00000000,1.00000000,1.00000000
420,25402626.00000000,0.02004099,9.35898185,0,0.02339149,35.01600117,0.71800000,0,0,0,-2541035694.25000000,6.27819538,0.86260331,3436.22089481,-7122169090.25000000,3340.00000000,532.00000000,532,0,0,0,-4581133396.00000000,1.00000000,1.00000000
421,20235526.00000000,0.02041104,10.01914474,0,0.02721369,30.22791174,0.75500000,0,0,0,-2024205789.68750000,7.33116865,0.87996882,3746.11491871,-5767887054.06250000,3387.00000000,462.00000000,462,0,0,0,-3743681264.37500000,1.00000000,1.00000000
422,21700766.00000000,0.02010441,9.88557574,0,0.01698701,38.44295311,0.74550000,0,0,0,-2170761014.62500000,7.10416651,0.87660670,3991.36969948,-5833367945.56250000,3410.00000000,480.00000000,480,0,0,0,-3662606930.93750000,1.00000000,1.00000000
423,23524186.00000000,0.02031702,9.28758784,0,0.02288955,32.23821566,0.68550000,0,0,0,-2353299378.21875000,5.43739557,0.84465766,3788.56002712,-6336423678.46875000,3257.00000000,599.00000000,599,0,0,0,-3983124300.25000000,1.00000000,1.00000000
424,30531800.00000000,0.02007050,9.41307153,0,0.02107811,28.10650423,0.72200000,0,0,0,-3053958322.41406250,6.20149231,0.86113989,3716.74385548,-8805367365.41406250,3324.00000000,536.00000000,536,0,0,0,-5751409043.00000000,1.00000000,1.00000000
425,26207032.00000000,0.01928160,9.48185923,0,0.02082280,25.51716677,0.66400000,0,0,0,-2621652875.84375000,5.05651474,0.83488852,3443.54917526,-7431900316.84375000,3221.00000000,637.00000000,637,0,0,0,-4810247441.00000000,1.00000000,1.00000000
426,35049220.00000000,0.02050311,9.00761629,0,0.01964790,27.15223895,0.72000000,0,0,0,-3505688095.93750000,6.33333349,0.86363637,3697.68362904,-9087333923.81250000,3325.00000000,525.00000000,525,0,0,0,-5581645827.87500000,1.00000000,1.00000000
427,24583768.00000000,0.02065728,10.21789257,0,0.02590837,26.42984835,0.73000000,0,0,0,-2459109289.54687500,6.51467705,0.86692709,3684.43391609,-6829108145.17187500,3329.00000000,511.00000000,511,0,0,0,-4369998855.62500000,1.00000000,1.00000000
428,25022206.00000000,0.02028034,9.16630484,0,0.02182167,30.20113542,0.71150000,0,0,0,-2503019603.65625000,6.00547457,0.85725451,3784.13597870,-6432423264.28125000,3291.00000000,548.00000000,548,0,0,0,-3929403660.62500000,1.00000000,1.00000000
429,23668770.00000000,0.01970572,8.85526109,0,0.02340613,42.32133664,0.72250000,0,0,0,-2367614985.12500000,6.48249006,0.86635464,3457.09433270,-6539703259.12500000,3332.00000000,514.00000000,514,0,0,0,-4172088274.00000000,1.00000000,1.00000000
430,30031888.00000000,0.02030280,9.31120023,0,0.02283981,31.90460247,0.72950000,0,0,0,-3003907490.00000000,6.68599987,0.86989331,3535.43961811,-8325995320.75000000,3343.00000000,500.00000000,500,0,0,0,-5322087830.75000000,1.00000000,1.00000000
431,33402220.00000000,0.02038667,9.24857851,0,0.01666277,34.89459674,0.66500000,0,0,0,-3341179084.56250000,5.03286362,0.83424127,3530.27105904,-9216802368.68750000,3216.00000000,639.00000000,639,0,0,0,-5875623284.12500000,1.00000000,1.00000000
432,21868428.00000000,0.02054581,9.98763218,0,0.02454488,30.84589842,0.74400000,0,0,0,-2187542577.36718750,6.93047047,0.87390405,3864.31409931,-6381996138.92968750,3389.00000000,489.00000000,489,0,0,0,-4194453561.56250000,1.00000000,1.00000000
433,24066806.00000000,0.01989315,8.93610122,0,0.02112353,34.14761639,0.72900000,0,0,0,-2407408507.82031250,6.53816032,0.86734164,3602.09484291,-6209294334.57031250,3341.00000000,511.00000000,511,0,0,0,-3801885826.75000000,1.00000000,1.00000000
434,26062312.00000000,0.02055980,9.07309540,0,0.02164667,39.69386970,0.69950000,0,0,0,-2607057104.81250000,5.84070778,0.85381627,3691.90546417,-7252953679.31250000,3300.00000000,565.00000000,565,0,0,0,-4645896574.50000000,1.00000000,1.00000000
435,20326056.00000000,0.01994898,9.62553846,0,0.02077607,29.84303390,0.72300000,0,0,0,-2033367187.12500000,6.34914589,0.86392975,3447.02169800,-5690913697.12500000,3346.00000000,527.00000000,527,0,0,0,-3657546510.00000000,1.00000000,1.00000000
436,22925018.00000000,0.02043490,9.62613218,0,0.02434571,30.70497449,0.73350000,0,0,0,-2293221015.34375000,6.66799212,0.86958778,3363.33858299,-6292085747.59375000,3354.00000000,503.00000000,503,0,0,0,-3998864732.25000000,1.00000000,1.00000000
437,19124354.00000000,0.02040994,9.61199019,0,0.02202169,23.54536565,0.73550000,0,0,0,-1913152414.77343750,6.79759502,0.87175536,3257.76876307,-5315880324.67968750,3392.00000000,499.00000000,499,0,0,0,-3402727909.90625000,1.00000000,1.00000000
438,32651666.00000000,0.01964829,9.89508568,0,0.02130649,39.10618687,0.68350000,0,0,0,-3266056725.31250000,5.37190104,0.84306097,3179.59812737,-8984053622.31250000,3250.00000000,605.00000000,605,0,0,0,-5717996897.00000000,1.00000000,1.00000000
439,23885120.00000000,0.02014307,9.70178918,0,0.02214607,31.99586317,0.67850000,0,0,0,-2389421645.00000000,5.25000000,0.83999997,3331.92873859,-6682824742.37500000,3234.00000000,616.00000000,616,0,0,0,-4293403097.37500000,1.00000000,1.00000000
440,19720414.00000000,0.01983501,9.35619859,0,0.02367688,30.79880089,0.69050000,0,0,0,-1972918374.12500000,5.54991531,0.84732628,3316.56596708,-5260033543.00000000,3280.00000000,591.00000000,591,0,0,0,-3287115168.87500000,1.00000000,1.00000000
441,23242754.00000000,0.02013831,8.69941628,0,0.02786276,33.12322574,0.69200000,0,0,0,-2325130426.35156250,5.59965944,0.84847701,3181.03257084,-6554215307.10156250,3287.00000000,587.00000000,587,0,0,0,-4229084880.75000000,1.00000000,1.00000000
442,25789720.00000000,0.01998085,9.71296880,0,0.01720743,39.15001795,0.66050000,0,0,0,-2579930475.62500000,4.95969009,0.83220601,3254.61459184,-7544648517.87500000,3199.00000000,645.00000000,645,0,0,0,-4964718042.25000000,1.00000000,1.00000000
443,23280052.00000000,0.02055939,9.01631855,0,0.02089381,33.89157984,0.69550000,0,0,0,-2328851330.59375000,5.77177715,0.85232830,3703.62184906,-6536429237.34375000,3313.00000000,574.00000000,574,0,0,0,-4207577906.75000000,1.00000000,1.00000000
444,26552712.00000000,0.02046696,8.79998483,0,0.01862861,38.11741363,0.71550000,0,0,0,-2656032848.31250000,6.35047626,0.86395437,3603.84980583,-7270893089.56250000,3334.00000000,525.00000000,525,0,0,0,-4614860241.25000000,1.00000000,1.00000000
445,21563102.00000000,0.02001532,9.42102931,0,0.02174646,36.90135135,0.75400000,0,0,0,-2156967258.46875000,7.27682400,0.87918073,3648.55264473,-6090999884.46875000,3391.00000000,466.00000000,466,0,0,0,-3934032626.00000000,1.00000000,1.00000000
446,25961016.00000000,0.01933705,9.11286211,0,0.01988737,36.98142136,0.69400000,0,0,0,-2596967144.62500000,5.57240200,0.84784865,3539.05657959,-7653161747.12500000,3271.00000000,587.00000000,587,0,0,0,-5056194602.50000000,1.00000000,1.00000000
447,27342590.00000000,0.02047708,9.02019134,0,0.02781477,35.69730727,0.69950000,0,0,0,-2735080012.03125000,5.84191847,0.85384214,3562.56639099,-7578671206.15625000,3289.00000000,563.00000000,563,0,0,0,-4843591194.12500000,1.00000000,1.00000000
448,24571514.00000000,0.01993111,9.06497360,0,0.01978213,41.34615273,0.68950000,0,0,0,-2458005002.34375000,5.60958910,0.84870464,3526.98502541,-7037743878.84375000,3276.00000000,584.00000000,584,0,0,0,-4579738876.50000000,1.00000000,1.00000000
449,22217304.00000000,0.02038430,9.04744171,0,0.02269998,31.41234144,0.72600000,0,0,0,-2222484696.08593750,6.41682577,0.86517143,3430.19287205,-6334306357.96093750,3356.00000000,523.00000000,523,0,0,0,-4111821661.87500000,1.00000000,1.00000000
450,24588920.00000000,0.02038762,8.87510310,0,0.02481372,34.44818921,0.66100000,0,0,0,-2459857922.39062500,5.04395628,0.83454543,3480.17704868,-6609893895.39062500,3213.00000000,637.00000000,637,0,0,0,-4150035973.00000000,1.00000000,1.00000000
451,27925336.00000000,0.02047214,9.34981629,0,0.01809747,43.21229045,0.71350000,0,0,0,-2793322127.92773438,6.08807325,0.85891795,3337.74292421,-7444381596.92773438,3318.00000000,545.00000000,545,0,0,0,-4651059469.00000000,1.00000000,1.00000000
452,21406744.00000000,0.02057577,8.92122654,0,0.02365927,24.62135410,0.73400000,0,0,0,-2141393883.81250000,6.67196798,0.86965537,3597.37465787,-5940357171.81250000,3356.00000000,503.00000000,503,0,0,0,-3798963288.00000000,1.00000000,1.00000000
453,20876076.00000000,0.02023868,9.34858580,0,0.02762242,28.72955471,0.74900000,0,0,0,-2088309619.87500000,7.02489614,0.87538779,3896.24778271,-5829764176.87500000,3386.00000000,482.00000000,482,0,0,0,-3741454557.00000000,1.00000000,1.00000000
454,18465544.00000000,0.02035989,8.83912050,0,0.02274789,34.74696652,0.74850000,0,0,0,-1847224055.29687500,7.18432188,0.87781519,4018.56095219,-5185185108.17187500,3391.00000000,472.00000000,472,0,0,0,-3337961052.87500000,1.00000000,1.00000000
455,29637090.00000000,0.01964798,8.28738221,0,0.02218582,33.13168568,0.72250000,0,0,0,-2964466030.25000000,6.35104370,0.86396492,3278.49364281,-8433719062.62500000,3347.00000000,527.00000000,527,0,0,0,-5469253032.37500000,1.00000000,1.00000000
456,24595236.00000000,0.02080853,8.83400830,0,0.02781611,25.97182857,0.71400000,0,0,0,-2460301409.89843750,6.29300547,0.86288232,3975.16934109,-7101334475.33593750,3329.00000000,529.00000000,529,0,0,0,-4641033065.43750000,1.00000000,1.00000000
457,25066478.00000000,0.01963179,8.74947232,0,0.02584271,31.93835322,0.73600000,0,0,0,-2507360056.71875000,6.78137636,0.87148803,3555.90436745,-7179143788.21875000,3350.00000000,494.00000000,494,0,0,0,-4671783731.50000000,1.00000000,1.00000000
458,27550630.00000000,0.02002279,8.67135386,0,0.01968118,31.49834039,0.67700000,0,0,0,-2755977274.40625000,5.26418161,0.84036225,3293.39439297,-7755546442.90625000,3248.00000000,617.00000000,617,0,0,0,-4999569168.50000000,1.00000000,1.00000000
459,32777158.00000000,0.02021027,9.06467180,0,0.01625998,38.77967072,0.68800000,0,0,0,-3278583326.06250000,5.54729748,0.84726524,3292.44262481,-9491099288.56250000,3284.00000000,592.00000000,592,0,0,0,-6212515962.50000000,1.00000000,1.00000000
460,24554130.00000000,0.01982888,9.12285173,0,0.02075970,33.25621976,0.73450000,0,0,0,-2456148588.37500000,6.58007812,0.86807525,3673.91300440,-6949480707.31250000,3369.00000000,512.00000000,512,0,0,0,-4493332118.93750000,1.00000000,1.00000000
461,23757010.00000000,0.02108309,9.01198273,0,0.02180942,35.31518851,0.71550000,0,0,0,-2376496149.68750000,6.11764717,0.85950410,3501.09688091,-6712606008.68750000,3328.00000000,544.00000000,544,0,0,0,-4336109859.00000000,1.00000000,1.00000000
462,26314414.00000000,0.01998219,8.62079714,0,0.01667883,24.93669213,0.68350000,0,0,0,-2632342685.37500000,5.37913895,0.84323901,3159.13338852,-7306649455.87500000,3249.00000000,604.00000000,604,0,0,0,-4674306770.50000000,1.00000000,1.00000000
463,26384292.00000000,0.02061316,8.52443852,0,0.01954011,22.79843473,0.75600000,0,0,0,-2639089177.28125000,7.33978510,0.88009286,3434.50886345,-7674469893.90625000,3413.00000000,465.00000000,465,0,0,0,-5035380716.62500000,1.00000000,1.00000000
464,36656928.00000000,0.02121475,8.58028601,0,0.02277726,24.29267099,0.75100000,0,0,0,-3666369116.84375000,7.11789465,0.87681538,3863.73509502,-10757687517.34375000,3381.00000000,475.00000000,475,0,0,0,-7091318400.50000000,1.00000000,1.00000000
465,26328436.00000000,0.01993256,9.37257854,0,0.02042966,29.68070232,0.68300000,0,0,0,-2633747985.59375000,5.30831957,0.84147918,2969.08418703,-7433094923.84375000,3254.00000000,613.00000000,613,0,0,0,-4799346938.25000000,1.00000000,1.00000000
466,27807002.00000000,0.01956595,8.73461770,0,0.02381729,32.87164805,0.71200000,0,0,0,-2781497144.06250000,6.07326031,0.85862249,3754.83576965,-7198697889.56250000,3316.00000000,546.00000000,546,0,0,0,-4417200745.50000000,1.00000000,1.00000000
467,25726334.00000000,0.02003623,8.64427363,0,0.02424481,32.42648400,0.71150000,0,0,0,-2573443262.75000000,5.96931410,0.85651386,3623.57429028,-6948897926.50000000,3307.00000000,554.00000000,554,0,0,0,-4375454663.75000000,1.00000000,1.00000000
468,27882158.00000000,0.02027610,9.33281589,0,0.02215553,29.93265231,0.71750000,0,0,0,-2789010628.73437500,6.11192656,0.85939115,3526.21476936,-7843868151.85937500,3331.00000000,545.00000000,545,0,0,0,-5054857523.12500000,1.00000000,1.00000000
469,25399562.00000000,0.02069102,8.94622209,0,0.01878604,37.82404635,0.73100000,0,0,0,-2540692412.03125000,6.49805450,0.86663204,3871.63105297,-7254466622.53125000,3340.00000000,514.00000000,514,0,0,0,-4713774210.50000000,1.00000000,1.00000000
470,23667860.00000000,0.02013839,9.08042081,0,0.01883927,32.42822594,0.68200000,0,0,0,-2367658817.40625000,5.50927496,0.84637308,3443.31711626,-6488786229.34375000,3267.00000000,593.00000000,593,0,0,0,-4121127411.93750000,1.00000000,1.00000000
471,35845668.00000000,0.02067348,8.69416142,0,0.01920063,34.33250703,0.71350000,0,0,0,-3585363677.65625000,6.06946993,0.85854667,3568.24461555,-9651644965.53125000,3320.00000000,547.00000000,547,0,0,0,-6066281287.87500000,1.00000000,1.00000000
472,19799818.00000000,0.02072480,8.90914620,0,0.02237770,30.46811390,0.74300000,0,0,0,-1980669070.87500000,7.02074671,0.87532336,3528.30393505,-5422849586.25000000,3384.00000000,482.00000000,482,0,0,0,-3442180515.37500000,1.00000000,1.00000000
473,20837244.00000000,0.01981302,8.54831082,0,0.02255733,37.19330809,0.73200000,0,0,0,-2084443878.90673828,6.65139437,0.86930490,3519.77750683,-5961772088.78173828,3339.00000000,502.00000000,502,0,0,0,-3877328209.87500000,1.00000000,1.00000000
474,35301488.00000000,0.02049087,8.53774485,0,0.02260119,39.66208013,0.71850000,0,0,0,-3530916675.56250000,6.21616554,0.86142224,3454.55837059,-9921163843.06250000,3307.00000000,532.00000000,532,0,0,0,-6390247167.50000000,1.00000000,1.00000000
475,27965324.00000000,0.01988118,8.99284198,0,0.01877875,29.78880427,0.73450000,0,0,0,-2797255037.56250000,6.69047642,0.86996907,3649.65365887,-7607886354.31250000,3372.00000000,504.00000000,504,0,0,0,-4810631316.75000000,1.00000000,1.00000000
476,30356442.00000000,0.02036597,8.65466057,0,0.01820068,23.76941384,0.71150000,0,0,0,-3036443095.56250000,5.96914721,0.85651040,3384.72222233,-8224144644.43750000,3289.00000000,551.00000000,551,0,0,0,-5187701548.87500000,1.00000000,1.00000000
477,24518986.00000000,0.02071368,8.73525665,0,0.02451930,32.34545729,0.71500000,0,0,0,-2452671763.28125000,6.24060154,0.86188990,3834.08952045,-6838425301.28125000,3320.00000000,532.00000000,532,0,0,0,-4385753538.00000000,1.00000000,1.00000000
478,35235108.00000000,0.02056232,8.74384708,0,0.02067347,39.16129684,0.67450000,0,0,0,-3524439948.57812500,5.17065382,0.83794260,3461.46024680,-9719609770.45312500,3242.00000000,627.00000000,627,0,0,0,-6195169821.87500000,1.00000000,1.00000000
479,21599640.00000000,0.02010207,8.55787586,0,0.01627381,37.38523854,0.71250000,0,0,0,-2160767932.87500000,6.01818180,0.85751295,3098.50697136,-5868675530.37500000,3310.00000000,550.00000000,550,0,0,0,-3707907597.50000000,1.00000000,1.00000000
480,22657106.00000000,0.01982580,8.52600599,0,0.02025334,40.65757317,0.70500000,0,0,0,-2266527841.68750000,5.88987589,0.85485947,3554.65957117,-6417539181.43750000,3316.00000000,563.00000000,563,0,0,0,-4151011339.75000000,1.00000000,1.00000000
481,27544468.00000000,0.02034648,8.68292247,0,0.01925563,48.05498823,0.71100000,0,0,0,-2755254719.75000000,6.00180483,0.85717970,3469.57520962,-7703654481.87500000,3325.00000000,554.00000000,554,0,0,0,-4948399762.12500000,1.00000000,1.00000000
482,23501962.00000000,0.01939676,8.43161171,0,0.02342970,24.54482216,0.74000000,0,0,0,-2350899840.00000000,6.86409760,0.87283981,3618.60675335,-6735253188.43750000,3384.00000000,493.00000000,493,0,0,0,-4384353348.43750000,1.00000000,1.00000000
483,18085352.00000000,0.01984737,8.69538190,0,0.01983345,34.65152057,0.75750000,0,0,0,-1809184555.85156250,7.47826099,0.88205129,3619.87580872,-5157874347.97656250,3440.00000000,460.00000000,460,0,0,0,-3348689792.12500000,1.00000000,1.00000000
484,23849726.00000000,0.02027199,8.74524795,0,0.02227163,25.50257270,0.72800000,0,0,0,-2385718645.78173828,6.47184467,0.86616427,3188.24124622,-6758475533.15673828,3333.00000000,515.00000000,515,0,0,0,-4372756887.37500000,1.00000000,1.00000000
485,26144870.00000000,0.02009463,8.76130640,0,0.02002375,27.70981386,0.74300000,0,0,0,-2615201758.81250000,6.86234808,0.87281156,3486.59144044,-7512087036.06250000,3390.00000000,494.00000000,494,0,0,0,-4896885277.25000000,1.00000000,1.00000000
486,27505176.00000000,0.02004921,8.38972054,0,0.01555463,40.87203789,0.73750000,0,0,0,-2751249510.10742188,6.61764717,0.86872590,3942.11189556,-8012670772.23242188,3375.00000000,510.00000000,510,0,0,0,-5261421262.12500000,1.00000000,1.00000000
487,28161034.00000000,0.01963011,8.53255387,0,0.01862036,30.39855311,0.73350000,0,0,0,-2816820426.09375000,6.64413500,0.86918074,3616.92054367,-8094207519.84375000,3342.00000000,503.00000000,503,0,0,0,-5277387093.75000000,1.00000000,1.00000000
488,21312276.00000000,0.02007618,8.68009017,0,0.01957181,37.92459043,0.72500000,0,0,0,-2131974188.94335938,6.42581892,0.86533469,3689.81644249,-5887453908.69335938,3335.00000000,519.00000000,519,0,0,0,-3755479719.75000000,1.00000000,1.00000000
489,20066736.00000000,0.02055016,9.10767787,0,0.02078614,22.98252063,0.71400000,0,0,0,-2007491391.62500000,6.01449299,0.85743803,3640.23781681,-5725773592.00000000,3320.00000000,552.00000000,552,0,0,0,-3718282200.37500000,1.00000000,1.00000000
490,22906488.00000000,0.02053173,8.44401181,0,0.01730024,33.40859715,0.74300000,0,0,0,-2291346215.50537109,6.98765421,0.87480682,3658.47666359,-6564652049.13037109,3396.00000000,486.00000000,486,0,0,0,-4273305833.62500000,1.00000000,1.00000000
491,27385384.00000000,0.02081938,8.40035864,0,0.01956564,39.10645660,0.71850000,0,0,0,-2739314162.75000000,6.18761730,0.86087185,3530.83999133,-7030099841.50000000,3298.00000000,533.00000000,533,0,0,0,-4290785678.75000000,1.00000000,1.00000000
492,26632208.00000000,0.02010976,8.75269438,0,0.02017879,34.41078016,0.66700000,0,0,0,-2664167550.74218750,5.05320835,0.83479834,3204.75688076,-7480429787.49218750,3229.00000000,639.00000000,639,0,0,0,-4816262236.75000000,1.00000000,1.00000000
493,23506530.00000000,0.02000265,8.23218602,0,0.01756209,25.36761835,0.70850000,0,0,0,-2351448783.75390625,6.10237646,0.85920209,3605.19555950,-6690535170.19140625,3338.00000000,547.00000000,547,0,0,0,-4339086386.43750000,1.00000000,1.00000000
494,24143596.00000000,0.02000353,7.83639012,0,0.02155703,27.84934574,0.72400000,0,0,0,-2415132292.68164062,6.29943514,0.86300308,3433.36832762,-6721503445.30664062,3345.00000000,531.00000000,531,0,0,0,-4306371152.62500000,1.00000000,1.00000000
495,23924142.00000000,0.02007412,8.28500471,0,0.01911758,36.71535820,0.72350000,0,0,0,-2393171853.21875000,6.32068300,0.86340070,3358.84320641,-6927232375.46875000,3331.00000000,527.00000000,527,0,0,0,-4534060522.25000000,1.00000000,1.00000000
496,28907568.00000000,0.02034846,8.15884739,0,0.01870343,32.66654428,0.71100000,0,0,0,-2891535869.25000000,6.15955496,0.86032653,3725.73858452,-8165824469.00000000,3320.00000000,539.00000000,539,0,0,0,-5274288599.75000000,1.00000000,1.00000000
497,20636262.00000000,0.02015400,8.76529692,0,0.01688084,36.29449516,0.73750000,0,0,0,-2064328356.99218750,6.90000010,0.87341774,3499.53825045,-5653458266.42968750,3381.00000000,490.00000000,490,0,0,0,-3589129909.43750000,1.00000000,1.00000000
498,25384574.00000000,0.02001551,8.57050574,0,0.02344912,28.65861490,0.73350000,0,0,0,-2539188836.31250000,6.60903740,0.86857730,3272.34270978,-7176096286.93750000,3364.00000000,509.00000000,509,0,0,0,-4636907450.62500000,1.00000000,1.00000000
499,29681562.00000000,0.02044167,8.09883027,0,0.01892256,27.50498708,0.71800000,0,0,0,-2968933523.50000000,6.22097397,0.86151451,3584.93525219,-8028318583.62500000,3322.00000000,534.00000000,534,0,0,0,-5059385060.12500000,1.00000000,1.00000000
500,27261002.00000000,0.02017540,8.23334793,0,0.02135238,29.40176095,0.72050000,0,0,0,-2726868625.00000000,6.23782778,0.86183697,3271.20109940,-7616632719.62500000,3331.00000000,534.00000000,534,0,0,0,-4889764094.62500000,1.00000000,1.00000000
501,29409068.00000000,0.01999028,8.30912640,0,0.01989458,29.78450701,0.74350000,0,0,0,-2941597299.39648438,6.90349054,0.87347364,3709.78923750,-8575766744.89648438,3362.00000000,487.00000000,487,0,0,0,-5634169445.50000000,1.00000000,1.00000000
502,23459958.00000000,0.01992093,8.24299560,0,0.02711977,26.72965802,0.73850000,0,0,0,-2346697452.84375000,6.91632652,0.87367880,3676.91619778,-6578151195.84375000,3389.00000000,490.00000000,490,0,0,0,-4231453743.00000000,1.00000000,1.00000000
503,22435358.00000000,0.02071552,8.37530002,0,0.01794401,42.37821876,0.72100000,0,0,0,-2244309984.93750000,6.21601486,0.86141938,3137.55049419,-6482801687.43750000,3338.00000000,537.00000000,537,0,0,0,-4238491702.50000000,1.00000000,1.00000000
504,23212858.00000000,0.01976565,8.29545873,0,0.01621252,31.07265218,0.72450000,0,0,0,-2322040842.20312500,6.35877848,0.86410791,2863.06577158,-6575590700.39062500,3332.00000000,524.00000000,524,0,0,0,-4253549858.18750000,1.00000000,1.00000000
505,32930964.00000000,0.02020713,7.74780524,0,0.01631169,27.21217124,0.73300000,0,0,0,-3293812195.80468750,6.74501991,0.87088478,3375.38299751,-9483104064.42968750,3386.00000000,502.00000000,502,0,0,0,-6189291868.62500000,1.00000000,1.00000000
506,27132528.00000000,0.02039796,7.83344511,0,0.02487017,31.10514323,0.73250000,0,0,0,-2713966684.15625000,6.74251509,0.87084299,3232.63924074,-7871038671.15625000,3378.00000000,501.00000000,501,0,0,0,-5157071987.00000000,1.00000000,1.00000000
507,26648870.00000000,0.02013201,8.19419723,0,0.01814383,41.48090045,0.75850000,0,0,0,-2665531606.13085938,7.45514202,0.88172877,3537.70107174,-7664054625.25585938,3407.00000000,457.00000000,457,0,0,0,-4998523019.12500000,1.00000000,1.00000000
508,28162588.00000000,0.01993066,7.83716194,0,0.02167277,28.90749635,0.70800000,0,0,0,-2817065270.81250000,5.95152617,0.85614669,3332.55057335,-8175435638.56250000,3315.00000000,557.00000000,557,0,0,0,-5358370367.75000000,1.00000000,1.00000000
509,18799844.00000000,0.02017265,8.73784773,0,0.01988503,22.81202629,0.71400000,0,0,0,-1880785270.26171875,6.05667257,0.85829014,3298.24932861,-5298816652.26171875,3313.00000000,547.00000000,547,0,0,0,-3418031382.00000000,1.00000000,1.00000000
510,22300198.00000000,0.02005555,7.98354907,0,0.02103574,24.22576178,0.73700000,0,0,0,-2230730759.21875000,6.84848499,0.87258685,3710.27387810,-6203864268.71875000,3390.00000000,495.00000000,495,0,0,0,-3973133509.50000000,1.00000000,1.00000000
511,22801408.00000000,0.01994866,8.12992726,0,0.02173922,28.33609072,0.75900000,0,0,0,-2280784971.36718750,7.52967024,0.88276219,3934.43962765,-6635316968.36718750,3426.00000000,455.00000000,455,0,0,0,-4354531997.00000000,1.00000000,1.00000000
512,26730170.00000000,0.02025333,8.17918045,0,0.02223726,31.63337670,0.68750000,0,0,0,-2673878684.71875000,5.60374165,0.84857070,3718.68918324,-7543837952.96875000,3295.00000000,588.00000000,588,0,0,0,-4869959268.25000000,1.00000000,1.00000000
513,30450550.00000000,0.02034668,7.49905190,0,0.02599025,23.28038057,0.70200000,0,0,0,-3045894863.85937500,5.80769253,0.85310733,3623.06946659,-8912620651.60937500,3322.00000000,572.00000000,572,0,0,0,-5866725787.75000000,1.00000000,1.00000000
514,23601436.00000000,0.02086390,8.38049351,0,0.01876672,24.40820005,0.70350000,0,0,0,-2360971555.06250000,5.79086113,0.85274327,3301.47503614,-6808635634.56250000,3295.00000000,569.00000000,569,0,0,0,-4447664079.50000000,1.00000000,1.00000000
515,23097858.00000000,0.02078493,8.37785061,0,0.01848733,23.30806594,0.72600000,0,0,0,-2310529194.31250000,6.53112841,0.86721778,3792.87380505,-6159975274.56250000,3357.00000000,514.00000000,514,0,0,0,-3849446080.25000000,1.00000000,1.00000000
516,33261368.00000000,0.02083517,7.93641673,0,0.01757358,28.11836433,0.70750000,0,0,0,-3326937249.24218750,6.00545454,0.85725409,3466.29696751,-9491325796.24218750,3303.00000000,550.00000000,550,0,0,0,-6164388547.00000000,1.00000000,1.00000000
517,26738076.00000000,0.02096450,7.81213375,0,0.02363477,37.51145511,0.69050000,0,0,0,-2674680681.21875000,5.50000000,0.84615386,3351.12750626,-7059107352.34375000,3256.00000000,592.00000000,592,0,0,0,-4384426671.12500000,1.00000000,1.00000000
518,21663598.00000000,0.02002580,8.25560655,0,0.01830142,30.54133362,0.74450000,0,0,0,-2167054935.44531250,6.97325087,0.87458062,3780.50108337,-6077661367.47656250,3389.00000000,486.00000000,486,0,0,0,-3910606432.03125000,1.00000000,1.00000000
519,25454134.00000000,0.02048485,8.07490407,0,0.01988636,30.18614165,0.73250000,0,0,0,-2546139050.57812500,6.66600800,0.86955398,3698.33009148,-7353367528.32812500,3373.00000000,506.00000000,506,0,0,0,-4807228477.75000000,1.00000000,1.00000000
520,20510572.00000000,0.02076181,7.97476269,0,0.01984450,32.42293167,0.71800000,0,0,0,-2051827734.03906250,6.25140715,0.86209571,3282.60813999,-5723137083.75781250,3332.00000000,533.00000000,533,0,0,0,-3671309349.71875000,1.00000000,1.00000000
521,20840240.00000000,0.02039344,8.08432121,0,0.01981058,25.65022267,0.75800000,0,0,0,-2084668313.84570312,7.47391319,0.88199079,3706.27359200,-5950177424.59570312,3438.00000000,460.00000000,460,0,0,0,-3865509110.75000000,1.00000000,1.00000000
522,29874990.00000000,0.02053709,8.01708701,0,0.01913691,17.87622092,0.74750000,0,0,0,-2988169165.27343750,7.20806789,0.87816864,3528.50862789,-8120905100.64843750,3395.00000000,471.00000000,471,0,0,0,-5132735935.37500000,1.00000000,1.00000000
523,26515420.00000000,0.02053383,7.37000738,0,0.01747676,22.90518708,0.77500000,0,0,0,-2652136391.21875000,8.20379162,0.89134914,3687.19397449,-7627726072.84375000,3462.00000000,422.00000000,422,0,0,0,-4975589681.62500000,1.00000000,1.00000000
524,31091850.00000000,0.02040334,7.49888606,0,0.02114287,22.18890121,0.71600000,0,0,0,-3109961185.21875000,6.16728640,0.86047715,3748.09138203,-8458905398.46875000,3318.00000000,538.00000000,538,0,0,0,-5348944213.25000000,1.00000000,1.00000000
525,17977480.00000000,0.02014648,7.64674158,0,0.02211029,26.38017824,0.75850000,0,0,0,-1798388002.20312500,7.52643156,0.88271767,3898.67974949,-4981569140.14062500,3417.00000000,454.00000000,454,0,0,0,-3183181137.93750000,1.00000000,1.00000000
526,28268160.00000000,0.02065235,7.91459301,0,0.01596491,21.31863149,0.73900000,0,0,0,-2827514357.12500000,6.85365868,0.87267083,3604.22349024,-7051909319.62500000,3372.00000000,492.00000000,492,0,0,0,-4224394962.50000000,1.00000000,1.00000000
527,21954038.00000000,0.02019529,7.77358625,0,0.02011335,29.27813583,0.75900000,0,0,0,-2196046605.93750000,7.45833349,0.88177341,3458.91576719,-6225667497.18750000,3401.00000000,456.00000000,456,0,0,0,-4029620891.25000000,1.00000000,1.00000000
528,25413560.00000000,0.02045550,7.86009483,0,0.02164884,35.83195029,0.73600000,0,0,0,-2542068080.13281250,6.80482912,0.87187421,3823.30381680,-7172327152.88281250,3382.00000000,497.00000000,497,0,0,0,-4630259072.75000000,1.00000000,1.00000000
529,25987912.00000000,0.02065488,7.81249698,0,0.02128726,23.82888656,0.66950000,0,0,0,-2599717241.81250000,5.21486282,0.83909541,3488.02519846,-7202843621.81250000,3228.00000000,619.00000000,619,0,0,0,-4603126380.00000000,1.00000000,1.00000000
530,29283630.00000000,0.02065221,7.84880785,0,0.01719534,38.62354098,0.73450000,0,0,0,-2929064036.12500000,6.83232307,0.87232399,3944.15998554,-8135193921.00000000,3382.00000000,495.00000000,495,0,0,0,-5206129884.87500000,1.00000000,1.00000000
531,16664998.00000000,0.01958519,7.61613297,0,0.01954828,33.60682466,0.74050000,0,0,0,-1667197442.61718750,6.85162592,0.87263787,3160.95647144,-4616631282.74218750,3371.00000000,492.00000000,492,0,0,0,-2949433840.12500000,1.00000000,1.00000000
532,21576914.00000000,0.02039888,8.10546632,0,0.01798833,27.36322721,0.74100000,0,0,0,-2158388387.31250000,6.86625528,0.87287468,3286.47782326,-6028246803.81250000,3337.00000000,486.00000000,486,0,0,0,-3869858416.50000000,1.00000000,1.00000000
533,30888652.00000000,0.01991877,7.97240907,0,0.02472384,23.79616419,0.75600000,0,0,0,-3089515654.00097656,7.50769234,0.88245934,4201.47231483,-8862857159.87597656,3416.00000000,455.00000000,455,0,0,0,-5773341505.87500000,1.00000000,1.00000000
534,31428810.00000000,0.02055227,7.60618285,0,0.01909402,22.24003734,0.69250000,0,0,0,-3143732949.30468750,5.62650585,0.84909093,3212.00007725,-8628307896.17968750,3269.00000000,581.00000000,581,0,0,0,-5484574946.87500000,1.00000000,1.00000000
535,19868186.00000000,0.02048806,7.77088873,0,0.02034839,32.67140913,0.75650000,0,0,0,-1987453970.33593750,7.57871389,0.88343239,3309.66178942,-5337599997.58593750,3418.00000000,451.00000000,451,0,0,0,-3350146027.25000000,1.00000000,1.00000000
536,25993272.00000000,0.02029267,8.19943078,0,0.02074596,22.77589793,0.74950000,0,0,0,-2600003496.42968750,7.15611792,0.87739265,3658.23067379,-6855652355.55468750,3392.00000000,474.00000000,474,0,0,0,-4255648859.12500000,1.00000000,1.00000000
537,37878820.00000000,0.02023774,7.66710389,0,0.01911587,39.19010226,0.71600000,0,0,0,-3788655229.15625000,6.28436899,0.86271977,3334.20950127,-10374595237.53125000,3337.00000000,531.00000000,531,0,0,0,-6585940008.37500000,1.00000000,1.00000000
538,21151924.00000000,0.02007093,7.57689109,0,0.01702078,32.10728486,0.77900000,0,0,0,-2115781546.83593750,8.25419617,0.89194089,3826.52042103,-5908354251.58593750,3442.00000000,417.00000000,417,0,0,0,-3792572704.75000000,1.00000000,1.00000000
539,25621386.00000000,0.02045766,7.83110947,0,0.01857634,27.25319322,0.73450000,0,0,0,-2562861724.12500000,6.64497042,0.86919504,3766.62516403,-6947202004.87500000,3369.00000000,507.00000000,507,0,0,0,-4384340280.75000000,1.00000000,1.00000000
540,21905766.00000000,0.01994699,7.37858599,0,0.02044963,27.79479059,0.68600000,0,0,0,-2191456097.93750000,5.47412348,0.84553891,3515.56771088,-6256578181.93750000,3279.00000000,599.00000000,599,0,0,0,-4065122084.00000000,1.00000000,1.00000000
541,24825186.00000000,0.02003613,7.70625838,0,0.02311874,24.34327560,0.71500000,0,0,0,-2483305416.24023438,6.15257359,0.86019015,3647.89545441,-6939619355.49023438,3347.00000000,544.00000000,544,0,0,0,-4456313939.25000000,1.00000000,1.00000000
542,18706618.00000000,0.02064399,7.29898584,0,0.02516553,36.49190066,0.73000000,0,0,0,-1871399931.96875000,6.50583649,0.86677033,3618.88092709,-5138759180.40625000,3344.00000000,514.00000000,514,0,0,0,-3267359248.43750000,1.00000000,1.00000000
543,25959800.00000000,0.02095910,7.28232235,0,0.02015291,31.48289108,0.70550000,0,0,0,-2596802465.00000000,5.85612774,0.85414505,3339.05923843,-7329488019.25000000,3297.00000000,563.00000000,563,0,0,0,-4732685554.25000000,1.00000000,1.00000000
544,27220088.00000000,0.02017877,7.79427976,0,0.02287570,31.76430225,0.74500000,0,0,0,-2722706297.53125000,6.88729525,0.87321383,2942.39598274,-8042152053.03125000,3361.00000000,488.00000000,488,0,0,0,-5319445755.50000000,1.00000000,1.00000000
545,28467782.00000000,0.01990403,7.79371231,0,0.01777155,27.93787660,0.72150000,0,0,0,-2847534956.62500000,6.31619024,0.86331683,3142.20070505,-8219990525.25000000,3316.00000000,525.00000000,525,0,0,0,-5372455568.62500000,1.00000000,1.00000000
546,22068674.00000000,0.02094532,7.23582388,0,0.01948350,24.14105786,0.73950000,0,0,0,-2207588462.56250000,6.66666651,0.86956519,3681.47413826,-6338405215.75000000,3360.00000000,504.00000000,504,0,0,0,-4130816753.18750000,1.00000000,1.00000000
547,20971600.00000000,0.02012297,7.14251300,0,0.01849349,23.40122975,0.72200000,0,0,0,-2097915967.03906250,6.37022924,0.86431903,3719.04074144,-6179571874.03906250,3338.00000000,524.00000000,524,0,0,0,-4081655907.00000000,1.00000000,1.00000000
548,33424994.00000000,0.02067123,7.66759552,0,0.02168082,27.16748979,0.67950000,0,0,0,-3343402769.21875000,5.33825922,0.84222800,3443.91224718,-9510693466.34375000,3251.00000000,609.00000000,609,0,0,0,-6167290697.12500000,1.00000000,1.00000000
549,23189686.00000000,0.02048097,7.48312072,0,0.01939939,34.42332480,0.70650000,0,0,0,-2319781305.56250000,5.94414425,0.85599375,3359.32091475,-6675142853.56250000,3299.00000000,555.00000000,555,0,0,0,-4355361548.00000000,1.00000000,1.00000000
550,24098238.00000000,0.02119898,7.77065089,0,0.02607065,18.27794743,0.74400000,0,0,0,-2410512708.87500000,7.04989624,0.87577480,4033.45616150,-6730701720.12500000,3391.00000000,481.00000000,481,0,0,0,-4320189011.25000000,1.00000000,1.00000000
551,26398488.00000000,0.02036270,7.77995264,0,0.02174540,34.76799774,0.71450000,0,0,0,-2640639462.12011719,6.12477064,0.85964459,3779.06541538,-7881455425.24511719,3338.00000000,545.00000000,545,0,0,0,-5240815963.12500000,1.00000000,1.00000000
552,27741888.00000000,0.02065996,7.62038359,0,0.02052049,21.96115356,0.73850000,0,0,0,-2774881947.41406250,6.98757744,0.87480557,3877.31554890,-7945227439.91406250,3375.00000000,483.00000000,483,0,0,0,-5170345492.50000000,1.00000000,1.00000000
553,17063202.00000000,0.02093301,7.47856819,0,0.01947261,25.17820560,0.75900000,0,0,0,-1706955322.46875000,7.63919830,0.88424850,4237.12359619,-4807606816.96875000,3430.00000000,449.00000000,449,0,0,0,-3100651494.50000000,1.00000000,1.00000000
554,18505708.00000000,0.02083516,8.00251295,0,0.02120614,24.22961669,0.72700000,0,0,0,-1851319378.47656250,6.47013474,0.86613363,3911.74029207,-5434436756.97656250,3358.00000000,519.00000000,519,0,0,0,-3583117378.50000000,1.00000000,1.00000000
555,25990636.00000000,0.02068764,7.44945602,0,0.02154699,25.69198757,0.75150000,0,0,0,-2599739372.68750000,7.11205053,0.87672663,3662.08688927,-7011690342.93750000,3364.00000000,473.00000000,473,0,0,0,-4411950970.25000000,1.00000000,1.00000000
556,32569766.00000000,0.02093722,7.48177725,0,0.01785006,25.08426963,0.70300000,0,0,0,-3257816845.68750000,5.70855141,0.85093653,3375.15275860,-9099124233.31250000,3271.00000000,573.00000000,573,0,0,0,-5841307387.62500000,1.00000000,1.00000000
557,23705752.00000000,0.02078319,7.68829590,0,0.02227054,33.78447967,0.72000000,0,0,0,-2371335263.65625000,6.36311769,0.86418796,3509.09596109,-5989717135.15625000,3347.00000000,526.00000000,526,0,0,0,-3618381871.50000000,1.00000000,1.00000000
558,35341836.00000000,0.02136368,7.21998344,0,0.01879695,24.28521707,0.68000000,0,0,0,-3535060486.60937500,5.44630861,0.84487247,3502.82680607,-9895615219.85937500,3246.00000000,596.00000000,596,0,0,0,-6360554733.25000000,1.00000000,1.00000000
559,29847718.00000000,0.02046844,7.12415630,0,0.01748355,36.93206384,0.74100000,0,0,0,-2985481331.03515625,6.81854820,0.87209904,3569.34114933,-8503767495.59765625,3382.00000000,496.00000000,496,0,0,0,-5518286164.56250000,1.00000000,1.00000000
560,27286608.00000000,0.02014995,7.47926626,0,0.01590403,27.33005948,0.74250000,0,0,0,-2729345324.52343750,7.05821228,0.87590301,3532.75688314,-7631393818.14843750,3395.00000000,481.00000000,481,0,0,0,-4902048493.62500000,1.00000000,1.00000000
561,22453882.00000000,0.02048019,7.33010743,0,0.01886948,41.76178180,0.73400000,0,0,0,-2246098020.15625000,6.81135893,0.87198132,3758.21223831,-6295664594.21875000,3358.00000000,493.00000000,493,0,0,0,-4049566574.06250000,1.00000000,1.00000000
562,18803656.00000000,0.02070908,7.78804459,0,0.02195517,28.96267456,0.74800000,0,0,0,-1881027945.78125000,7.30967760,0.87965840,4170.04883862,-5045195269.03125000,3399.00000000,465.00000000,465,0,0,0,-3164167323.25000000,1.00000000,1.00000000
563,23222296.00000000,0.02055916,7.79851468,0,0.01920662,21.50298887,0.72650000,0,0,0,-2322986190.09375000,6.48455620,0.86639154,3557.57434034,-6822558203.96875000,3359.00000000,518.00000000,518,0,0,0,-4499572013.87500000,1.00000000,1.00000000
564,23883614.00000000,0.02045742,7.37696109,0,0.02295672,27.55161974,0.72600000,0,0,0,-2389098068.15625000,6.44961262,0.86576486,3428.97340775,-6681520739.59375000,3328.00000000,516.00000000,516,0,0,0,-4292422671.43750000,1.00000000,1.00000000
565,25914998.00000000,0.02037377,7.51170302,0,0.01709271,29.77930440,0.73650000,0,0,0,-2592203622.18750000,6.89591837,0.87335229,3777.65314603,-7186491331.68750000,3379.00000000,490.00000000,490,0,0,0,-4594287709.50000000,1.00000000,1.00000000
566,18506564.00000000,0.01958798,7.20372073,0,0.01852677,28.73466555,0.75550000,0,0,0,-1851289860.57031250,7.59513283,0.88365507,3654.35100460,-5077783756.33593750,3433.00000000,452.00000000,452,0,0,0,-3226493895.76562500,1.00000000,1.00000000
567,27672806.00000000,0.02099301,7.74337610,0,0.01741627,25.78901540,0.73600000,0,0,0,-2768023010.62500000,6.51945543,0.86701167,3506.02823925,-8054308734.00000000,3351.00000000,514.00000000,514,0,0,0,-5286285723.37500000,1.00000000,1.00000000
568,22512216.00000000,0.02064135,7.47839257,0,0.01939740,21.46034887,0.73600000,0,0,0,-2251929350.46875000,6.78269625,0.87150985,3898.19224930,-6449160852.78125000,3371.00000000,497.00000000,497,0,0,0,-4197231502.31250000,1.00000000,1.00000000
569,15414917.00000000,0.02083910,7.76901270,0,0.01888267,29.88489469,0.76000000,0,0,0,-1542138721.13085938,7.56828213,0.88329047,3484.09881115,-4310086549.38085938,3436.00000000,454.00000000,454,0,0,0,-2767947828.25000000,1.00000000,1.00000000
570,30361640.00000000,0.02113991,7.53128953,0,0.01637913,27.74222734,0.74200000,0,0,0,-3036880219.63281250,6.76767683,0.87126136,3707.63966799,-8269509025.07031250,3350.00000000,495.00000000,495,0,0,0,-5232628805.43750000,1.00000000,1.00000000
571,18976180.00000000,0.02031125,7.18076553,0,0.01489761,30.65612369,0.79750000,0,0,0,-1898154088.25000000,8.93367386,0.89933228,3580.90180874,-5278558228.81250000,3502.00000000,392.00000000,392,0,0,0,-3380404140.56250000,1.00000000,1.00000000
572,26033082.00000000,0.01982578,7.30889245,0,0.01402522,21.64390447,0.72350000,0,0,0,-2604066902.29687500,6.36259556,0.86417836,3352.15934181,-7441896962.54687500,3334.00000000,524.00000000,524,0,0,0,-4837830060.25000000,1.00000000,1.00000000
573,24545142.00000000,0.02063441,7.18798490,0,0.02338191,31.20846876,0.70000000,0,0,0,-2455358453.96875000,5.72504377,0.85130209,3271.42887735,-7064156044.78125000,3269.00000000,571.00000000,571,0,0,0,-4608797590.81250000,1.00000000,1.00000000
574,31575412.00000000,0.02066019,7.18839924,0,0.01996608,25.16445902,0.75450000,0,0,0,-3158194600.50000000,7.30322599,0.87956488,3276.22148418,-9266890661.87500000,3396.00000000,465.00000000,465,0,0,0,-6108696061.37500000,1.00000000,1.00000000
575,23979308.00000000,0.02048299,7.42676135,0,0.02169719,24.95700868,0.78350000,0,0,0,-2398505207.12890625,8.52811718,0.89504749,3894.57757473,-6935585628.62890625,3488.00000000,409.00000000,409,0,0,0,-4537080421.50000000,1.00000000,1.00000000
576,34290648.00000000,0.02024413,7.23823452,0,0.01819897,23.25723060,0.72000000,0,0,0,-3429828847.43750000,6.32068300,0.86340070,3505.04201937,-10017036661.93750000,3331.00000000,527.00000000,527,0,0,0,-6587207814.50000000,1.00000000,1.00000000
577,25977536.00000000,0.02055142,7.22159504,0,0.01914925,27.65322060,0.74650000,0,0,0,-2598438265.87500000,7.14644337,0.87724704,3768.66411686,-7486622118.50000000,3416.00000000,478.00000000,478,0,0,0,-4888183852.62500000,1.00000000,1.00000000
578,23856798.00000000,0.02025984,7.18921727,0,0.01653586,29.05664677,0.73250000,0,0,0,-2386426467.01562500,6.57392979,0.86796814,3584.21554661,-6837712512.85937500,3379.00000000,514.00000000,514,0,0,0,-4451286045.84375000,1.00000000,1.00000000
579,15902580.00000000,0.02004618,7.11591768,0,0.02301830,22.10647874,0.78700000,0,0,0,-1590792315.18750000,8.96391773,0.89963788,3676.68562222,-4421717749.68750000,3478.00000000,388.00000000,388,0,0,0,-2830925434.50000000,1.00000000,1.00000000
580,40124872.00000000,0.02068983,7.52327261,0,0.01599392,39.60435793,0.71550000,0,0,0,-4013257940.75000000,6.28142595,0.86266428,3671.47062635,-11002026588.00000000,3348.00000000,533.00000000,533,0,0,0,-6988768647.25000000,1.00000000,1.00000000
581,19546746.00000000,0.01999272,7.22697448,0,0.01949693,26.50393126,0.75350000,0,0,0,-1955336647.34375000,7.25053549,0.87879574,3831.03842354,-5645537626.84375000,3386.00000000,467.00000000,467,0,0,0,-3690200979.50000000,1.00000000,1.00000000
582,18427608.00000000,0.02083200,7.38151244,0,0.01866299,30.59787517,0.78200000,0,0,0,-1843325879.03906250,8.54926109,0.89527988,4142.09618044,-5249591411.16406250,3471.00000000,406.00000000,406,0,0,0,-3406265532.12500000,1.00000000,1.00000000
583,28111554.00000000,0.02103407,7.22041796,0,0.02546442,37.78143130,0.72200000,0,0,0,-2811924866.65820312,6.40494299,0.86495507,4059.69747257,-8031491734.28320312,3369.00000000,526.00000000,526,0,0,0,-5219566867.62500000,1.00000000,1.00000000
584,20584488.00000000,0.02019686,7.41350991,0,0.01726635,30.91241031,0.72250000,0,0,0,-2059195916.78125000,6.48837233,0.86645961,3703.85883331,-5511430629.71875000,3348.00000000,516.00000000,516,0,0,0,-3452234712.93750000,1.00000000,1.00000000
585,21076340.00000000,0.02054541,7.51120258,0,0.02464309,21.11463653,0.74000000,0,0,0,-2108359199.37500000,6.73852301,0.87077636,3575.76077175,-5736427497.06250000,3376.00000000,501.00000000,501,0,0,0,-3628068297.68750000,1.00000000,1.00000000
586,29681816.00000000,0.02106250,7.10935386,0,0.01723935,19.22654825,0.72950000,0,0,0,-2968922152.00000000,6.60665369,0.86853617,3767.37517357,-7522672752.87500000,3376.00000000,511.00000000,511,0,0,0,-4553750600.87500000,1.00000000,1.00000000
587,27912524.00000000,0.02066065,6.61660192,0,0.01596979,19.70826817,0.72350000,0,0,0,-2792004024.93750000,6.46257210,0.86599797,3633.46215534,-7295938537.56250000,3367.00000000,521.00000000,521,0,0,0,-4503934512.62500000,1.00000000,1.00000000
588,13107930.00000000,0.02133309,7.41620240,0,0.01780634,22.84443760,0.77050000,0,0,0,-1311397053.03125000,7.98604631,0.88871634,3533.96969891,-3642484140.84375000,3434.00000000,430.00000000,430,0,0,0,-2331087087.81250000,1.00000000,1.00000000
589,28760000.00000000,0.02035630,7.51562459,0,0.02254454,35.43438413,0.74150000,0,0,0,-2876695198.12500000,6.92827892,0.87386924,3615.24559402,-7871349959.62500000,3381.00000000,488.00000000,488,0,0,0,-4994654761.50000000,1.00000000,1.00000000
590,25011630.00000000,0.02069074,7.38588100,0,0.01748407,29.27341896,0.73500000,0,0,0,-2501879623.15625000,6.79476881,0.87170881,3609.75800610,-7221802752.78125000,3377.00000000,497.00000000,497,0,0,0,-4719923129.62500000,1.00000000,1.00000000
591,24903912.00000000,0.02059861,7.15917577,0,0.02210539,24.75258266,0.75900000,0,0,0,-2491028816.82812500,7.71011257,0.88519090,3921.27461815,-7187422737.82812500,3431.00000000,445.00000000,445,0,0,0,-4696393921.00000000,1.00000000,1.00000000
592,28725258.00000000,0.02055554,6.89353842,0,0.02078427,37.18326283,0.73100000,0,0,0,-2873254834.93750000,6.63313627,0.86899227,3582.20583963,-8047507282.43750000,3363.00000000,507.00000000,507,0,0,0,-5174252447.50000000,1.00000000,1.00000000
593,28303290.00000000,0.01990957,7.50372822,0,0.01982575,22.09768973,0.71900000,0,0,0,-2831113116.99316406,6.18621969,0.86084479,3390.30378342,-7837833235.11816406,3322.00000000,537.00000000,537,0,0,0,-5006720118.12500000,1.00000000,1.00000000
594,24991340.00000000,0.02026564,7.04268658,0,0.01908309,25.48353057,0.74250000,0,0,0,-2499825455.25000000,7.01237106,0.87519300,3745.25981998,-7200147156.00000000,3401.00000000,485.00000000,485,0,0,0,-4700321700.75000000,1.00000000,1.00000000
595,23307564.00000000,0.02012342,7.41021117,0,0.01780091,25.70506851,0.75250000,0,0,0,-2331406333.75000000,7.44034719,0.88152146,3560.88546944,-6425827626.75000000,3430.00000000,461.00000000,461,0,0,0,-4094421293.00000000,1.00000000,1.00000000
596,27280222.00000000,0.02027372,6.77115759,0,0.02067366,25.69579728,0.73050000,0,0,0,-2728743819.83593750,6.63636351,0.86904764,3491.61601448,-7937267102.39843750,3358.00000000,506.00000000,506,0,0,0,-5208523282.56250000,1.00000000,1.00000000
597,25853876.00000000,0.02018674,7.06838849,0,0.01721754,18.67008903,0.73600000,0,0,0,-2586101145.42968750,6.74348688,0.87085921,3541.14594173,-7218081813.67968750,3365.00000000,499.00000000,499,0,0,0,-4631980668.25000000,1.00000000,1.00000000
598,24791954.00000000,0.02042488,7.04095309,0,0.01541046,26.09333261,0.69850000,0,0,0,-2480028457.37500000,5.79929590,0.85292596,3414.20129395,-7059841513.37500000,3294.00000000,568.00000000,568,0,0,0,-4579813056.00000000,1.00000000,1.00000000
599,20369520.00000000,0.02076855,7.13405327,0,0.01773768,36.50579638,0.73700000,0,0,0,-2037668104.54687500,6.76599979,0.87123358,3825.25593662,-5793967549.85937500,3383.00000000,500.00000000,500,0,0,0,-3756299445.31250000,1.00000000,1.00000000
600,26068570.00000000,0.02031350,7.26351268,0,0.01737583,22.05226760,0.72850000,0,0,0,-2607591439.40625000,6.57699823,0.86802161,3776.63835144,-7494270162.40625000,3374.00000000,513.00000000,513,0,0,0,-4886678723.00000000,1.00000000,1.00000000
601,20989032.00000000,0.02058292,6.62055346,0,0.02063844,27.15041033,0.73850000,0,0,0,-2099607294.12500000,6.80080462,0.87180811,3687.21457577,-5792626450.62500000,3380.00000000,497.00000000,497,0,0,0,-3693019156.50000000,1.00000000,1.00000000
602,36323872.00000000,0.02029672,6.85633605,0,0.02252640,24.17753877,0.77400000,0,0,0,-3632996627.59375000,7.83870983,0.88686132,4014.76214886,-10308946249.96875000,3402.00000000,434.00000000,434,0,0,0,-6675949622.37500000,1.00000000,1.00000000
603,21044668.00000000,0.02009014,7.35933721,0,0.01661990,24.71712165,0.72950000,0,0,0,-2105198748.54687500,6.60392141,0.86848891,3598.79579639,-5680014021.04687500,3368.00000000,510.00000000,510,0,0,0,-3574815272.50000000,1.00000000,1.00000000
604,20797478.00000000,0.02048970,7.45517664,0,0.01293908,15.20283988,0.73250000,0,0,0,-2080471262.34375000,6.65873003,0.86943007,3876.14880562,-5816150275.59375000,3356.00000000,504.00000000,504,0,0,0,-3735679013.25000000,1.00000000,1.00000000
605,24440376.00000000,0.02068360,6.73795559,0,0.01341962,33.03153589,0.76100000,0,0,0,-2444666765.48437500,7.61024475,0.88385928,3826.13757324,-6866405914.73437500,3417.00000000,449.00000000,449,0,0,0,-4421739149.25000000,1.00000000,1.00000000
606,27771586.00000000,0.01995482,7.15862767,0,0.01544726,38.32636780,0.72800000,0,0,0,-2777909725.12500000,6.42065001,0.86524093,3513.02807570,-8212007220.12500000,3358.00000000,523.00000000,523,0,0,0,-5434097495.00000000,1.00000000,1.00000000
607,29633900.00000000,0.02061978,7.08356683,0,0.01882503,23.93577766,0.75150000,0,0,0,-2964043189.78125000,7.34051704,0.88010335,4175.43452263,-8241051125.53125000,3406.00000000,464.00000000,464,0,0,0,-5277007935.75000000,1.00000000,1.00000000
608,26961146.00000000,0.02089993,6.71833103,0,0.01619108,25.03080299,0.74100000,0,0,0,-2696802545.28125000,6.92181063,0.87376624,3592.82791996,-7826443695.34375000,3364.00000000,486.00000000,486,0,0,0,-5129641150.06250000,1.00000000,1.00000000
609,25936488.00000000,0.02069683,7.14429788,0,0.01599887,27.79964648,0.74350000,0,0,0,-2594359106.56250000,6.75502014,0.87105125,3669.87733555,-7383143978.43750000,3364.00000000,498.00000000,498,0,0,0,-4788784871.87500000,1.00000000,1.00000000
610,27819520.00000000,0.02036916,6.87660751,0,0.01945178,18.07731099,0.75600000,0,0,0,-2782593634.81250000,7.47379923,0.88198918,3581.89132023,-8017098225.43750000,3423.00000000,458.00000000,458,0,0,0,-5234504590.62500000,1.00000000,1.00000000
611,18894412.00000000,0.02010037,7.14693838,0,0.02136207,34.46429210,0.76000000,0,0,0,-1890067277.75000000,7.66890383,0.88464516,3764.40425587,-5478234782.12500000,3428.00000000,447.00000000,447,0,0,0,-3588167504.37500000,1.00000000,1.00000000
612,20784074.00000000,0.02062343,7.35202549,0,0.01508270,26.18292607,0.73300000,0,0,0,-2079130572.92187500,6.64484119,0.86919284,3793.17953920,-5834513160.79687500,3349.00000000,504.00000000,504,0,0,0,-3755382587.87500000,1.00000000,1.00000000
613,22184648.00000000,0.02049313,6.88479767,0,0.01281615,22.68939527,0.74500000,0,0,0,-2219134580.62500000,7.15578938,0.87738770,3981.84133053,-6278690363.87500000,3399.00000000,475.00000000,475,0,0,0,-4059555783.25000000,1.00000000,1.00000000
614,25123602.00000000,0.02027673,7.16540696,0,0.01599089,28.90850666,0.71500000,0,0,0,-2513128836.55468750,6.25047064,0.86207795,3422.51090431,-7042000232.64843750,3319.00000000,531.00000000,531,0,0,0,-4528871396.09375000,1.00000000,1.00000000
615,19539706.00000000,0.02028608,7.34685965,0,0.01356080,28.83252176,0.74050000,0,0,0,-1954664860.76562500,6.96907234,0.87451488,3700.03483868,-5331479922.76562500,3380.00000000,485.00000000,485,0,0,0,-3376815062.00000000,1.00000000,1.00000000
616,20535082.00000000,0.02071532,6.98911765,0,0.01983693,33.11233976,0.76600000,0,0,0,-2054111582.71875000,7.95833349,0.88837206,3539.56179857,-5625163400.40625000,3438.00000000,432.00000000,432,0,0,0,-3571051817.68750000,1.00000000,1.00000000
617,26481286.00000000,0.02048027,6.90029952,0,0.02140413,24.74044757,0.72250000,0,0,0,-2648874121.75000000,6.43352604,0.86547434,3728.10157394,-7194818239.75000000,3339.00000000,519.00000000,519,0,0,0,-4545944118.00000000,1.00000000,1.00000000
618,25371640.00000000,0.02094456,6.86665128,0,0.01529343,24.93450594,0.72450000,0,0,0,-2537931139.06250000,6.26930332,0.86243522,3796.55678177,-7462354328.31250000,3329.00000000,531.00000000,531,0,0,0,-4924423189.25000000,1.00000000,1.00000000
619,20038812.00000000,0.02135778,6.97256693,0,0.01754816,24.16772366,0.76550000,0,0,0,-2004510120.43750000,7.73378086,0.88550204,3915.59804440,-5520380264.18750000,3457.00000000,447.00000000,447,0,0,0,-3515870143.75000000,1.00000000,1.00000000
620,16346454.00000000,0.02055829,7.01931689,0,0.01586555,22.56777631,0.79100000,0,0,0,-1635203758.64843750,8.61442757,0.89598966,3778.46948528,-4696808729.02343750,3463.00000000,402.00000000,402,0,0,0,-3061604970.37500000,1.00000000,1.00000000
621,21500608.00000000,0.02082812,6.89332027,0,0.01648473,23.01644786,0.75150000,0,0,0,-2150733074.32031250,7.20974588,0.87819356,3680.23185253,-5769588490.69531250,3403.00000000,472.00000000,472,0,0,0,-3618855416.37500000,1.00000000,1.00000000
622,26188892.00000000,0.02083721,7.11591831,0,0.01617551,28.98991723,0.73250000,0,0,0,-2619616680.82031250,6.63636351,0.86904764,3733.12468433,-7031193514.07031250,3358.00000000,506.00000000,506,0,0,0,-4411576833.25000000,1.00000000,1.00000000
623,31857086.00000000,0.02076658,6.80838293,0,0.01603753,24.16267194,0.73200000,0,0,0,-3186440363.56250000,6.64636564,0.86921889,3995.59109688,-8691564049.56250000,3383.00000000,509.00000000,509,0,0,0,-5505123686.00000000,1.00000000,1.00000000
624,18977702.00000000,0.02008755,6.62432941,0,0.01695391,24.30449051,0.79000000,0,0,0,-1898312773.25000000,8.83585835,0.89833117,3924.14879751,-5523057181.00000000,3499.00000000,396.00000000,396,0,0,0,-3624744407.75000000,1.00000000,1.00000000
625,22455744.00000000,0.02096889,7.04500950,0,0.02004025,33.43777381,0.72300000,0,0,0,-2246354178.93750000,6.28759384,0.86278051,3919.34221077,-6230797590.81250000,3345.00000000,532.00000000,532,0,0,0,-3984443411.87500000,1.00000000,1.00000000
626,22966974.00000000,0.02053091,7.05103129,0,0.01926166,26.02203268,0.72800000,0,0,0,-2297424054.79687500,6.67524767,0.86971104,3821.51458502,-6411128965.87500000,3371.00000000,505.00000000,505,0,0,0,-4113704911.07812500,1.00000000,1.00000000
627,17328292.00000000,0.02056489,6.74373805,0,0.02128776,24.01432684,0.82300000,0,0,0,-1733280792.12500000,10.71257496,0.91462165,3832.41911125,-5117505553.12500000,3578.00000000,334.00000000,334,0,0,0,-3384224761.00000000,1.00000000,1.00000000
628,18087838.00000000,0.02028331,6.57496921,0,0.02021529,25.75597519,0.75150000,0,0,0,-1809450415.82812500,7.31477499,0.87973219,3564.64769506,-4865028787.45312500,3416.00000000,467.00000000,467,0,0,0,-3055578371.62500000,1.00000000,1.00000000
629,24163922.00000000,0.02081170,7.10303372,0,0.01559096,23.17972978,0.76700000,0,0,0,-2417023674.90625000,7.64587975,0.88433796,3950.39726353,-7149506062.40625000,3433.00000000,449.00000000,449,0,0,0,-4732482387.50000000,1.00000000,1.00000000
630,24759898.00000000,0.02038921,7.20151924,0,0.01898845,30.26751423,0.72550000,0,0,0,-2476750621.56250000,6.36053133,0.86414021,3840.16243553,-6395973219.06250000,3352.00000000,527.00000000,527,0,0,0,-3919222597.50000000,1.00000000,1.00000000
631,29796242.00000000,0.02114042,7.07921993,0,0.01883435,25.64444510,0.72150000,0,0,0,-2980366532.43750000,6.47572803,0.86623377,3369.69457722,-8377645563.31250000,3335.00000000,515.00000000,515,0,0,0,-5397279030.87500000,1.00000000,1.00000000
632,20566316.00000000,0.02051255,6.65794611,0,0.01781652,25.58954271,0.75650000,0,0,0,-2057288792.93750000,7.32903242,0.87993801,3800.32973194,-5878233491.06250000,3408.00000000,465.00000000,465,0,0,0,-3820944698.12500000,1.00000000,1.00000000
633,17936742.00000000,0.02016871,7.01905672,0,0.01546555,26.92412016,0.77200000,0,0,0,-1794289095.75000000,7.90639257,0.88772112,3940.10429573,-5017319414.50000000,3463.00000000,438.00000000,438,0,0,0,-3223030318.75000000,1.00000000,1.00000000
634,19047244.00000000,0.02024675,6.98200723,0,0.02006479,21.04972257,0.72700000,0,0,0,-1905455185.62500000,6.61493111,0.86867905,3554.59966850,-5384658746.00000000,3367.00000000,509.00000000,509,0,0,0,-3479203560.37500000,1.00000000,1.00000000
635,27631256.00000000,0.02026377,6.74435712,0,0.01119268,24.33637608,0.71100000,0,0,0,-2763930489.66992188,6.03260851,0.85780525,3232.73682213,-7393138243.41992188,3330.00000000,552.00000000,552,0,0,0,-4629207753.75000000,1.00000000,1.00000000
636,18269904.00000000,0.02035705,6.71349829,0,0.01454933,24.64298635,0.74700000,0,0,0,-1827652662.37500000,7.24358988,0.87869364,3655.92562580,-4625820325.23437500,3390.00000000,468.00000000,468,0,0,0,-2798167662.85937500,1.00000000,1.00000000
637,17851732.00000000,0.02058338,6.91794393,0,0.01415375,22.93401406,0.77150000,0,0,0,-1785759646.37500000,8.19477463,0.89124256,4028.55134296,-4819871807.37500000,3450.00000000,421.00000000,421,0,0,0,-3034112161.00000000,1.00000000,1.00000000
638,17657094.00000000,0.02070974,6.73074460,0,0.02383089,28.03353479,0.77050000,0,0,0,-1766304189.09960938,8.29665089,0.89243436,3967.78381538,-4994017736.34960938,3468.00000000,418.00000000,418,0,0,0,-3227713547.25000000,1.00000000,1.00000000
639,23795006.00000000,0.01984687,7.07516554,0,0.01813506,24.06011497,0.77800000,0,0,0,-2380061934.75781250,8.62593555,0.89611399,3438.96739388,-5937560508.50781250,3459.00000000,401.00000000,401,0,0,0,-3557498573.75000000,1.00000000,1.00000000
640,18051396.00000000,0.02057682,7.12860883,0,0.01581137,19.17746565,0.74550000,0,0,0,-1805809778.68798828,7.21398306,0.87825638,3908.37540579,-5086467864.81298828,3405.00000000,472.00000000,472,0,0,0,-3280658086.12500000,1.00000000,1.00000000
641,26633344.00000000,0.02080358,6.89084396,0,0.01627851,19.65498559,0.76600000,0,0,0,-2663948080.62500000,7.81776762,0.88659263,3548.51269627,-7491030138.50000000,3432.00000000,439.00000000,439,0,0,0,-4827082057.87500000,1.00000000,1.00000000
642,30286492.00000000,0.02113360,6.98235771,0,0.01447586,24.96081183,0.72000000,0,0,0,-3029414341.31250000,6.25187969,0.86210471,3654.81776047,-8788647043.56250000,3326.00000000,532.00000000,532,0,0,0,-5759232702.25000000,1.00000000,1.00000000
643,25818216.00000000,0.02086041,6.61502517,0,0.01385740,37.90249348,0.78100000,0,0,0,-2582401233.00000000,8.28087139,0.89225149,3865.59718037,-6581826782.62500000,3420.00000000,413.00000000,413,0,0,0,-3999425549.62500000,1.00000000,1.00000000
644,24930992.00000000,0.02100904,6.74620877,0,0.01932938,24.11012798,0.73150000,0,0,0,-2493822310.78125000,6.64822149,0.86925066,3654.81683445,-6715893988.28125000,3364.00000000,506.00000000,506,0,0,0,-4222071677.50000000,1.00000000,1.00000000
645,23561680.00000000,0.02038602,6.96079039,0,0.01959534,18.53871700,0.75250000,0,0,0,-2356829326.56250000,7.40476179,0.88101983,3858.45489788,-6815110295.93750000,3421.00000000,462.00000000,462,0,0,0,-4458280969.37500000,1.00000000,1.00000000
646,17492972.00000000,0.02038441,7.16833209,0,0.01908586,27.79117118,0.75450000,0,0,0,-1749937962.56250000,7.57649660,0.88340229,3869.25341606,-4696929945.18750000,3417.00000000,451.00000000,451,0,0,0,-2946991982.62500000,1.00000000,1.00000000
647,20999724.00000000,0.02061809,6.61633065,0,0.01757834,28.24230194,0.75200000,0,0,0,-2100627023.19531250,7.34051704,0.88010335,3617.91120148,-5850438017.58593750,3406.00000000,464.00000000,464,0,0,0,-3749810994.39062500,1.00000000,1.00000000
648,16743043.00000000,0.02039477,6.79492495,0,0.01604258,26.61336867,0.73200000,0,0,0,-1675023810.59375000,6.66269827,0.86949766,3797.70867825,-4608398695.28125000,3358.00000000,504.00000000,504,0,0,0,-2933374884.68750000,1.00000000,1.00000000
649,22567826.00000000,0.02137995,6.72604737,0,0.01870003,23.17449220,0.73050000,0,0,0,-2257512653.12500000,6.58235312,0.86811483,3845.52269840,-6293935700.00000000,3357.00000000,510.00000000,510,0,0,0,-4036423046.87500000,1.00000000,1.00000000
650,15256289.00000000,0.02019823,6.97354466,0,0.01907086,29.02573442,0.78700000,0,0,0,-1526195330.18750000,8.55282593,0.89531893,3641.63604832,-4287592112.93750000,3481.00000000,407.00000000,407,0,0,0,-2761396782.75000000,1.00000000,1.00000000
651,22985772.00000000,0.02091946,6.96432926,0,0.02150708,26.00276862,0.75900000,0,0,0,-2299208908.59375000,7.64508915,0.88432741,3778.42575550,-6214087014.96875000,3425.00000000,448.00000000,448,0,0,0,-3914878106.37500000,1.00000000,1.00000000
652,35069844.00000000,0.02023648,7.08517685,0,0.01666838,18.64030743,0.72800000,0,0,0,-3507715484.28125000,6.59882593,0.86840069,3848.64850235,-10213618052.78125000,3372.00000000,511.00000000,511,0,0,0,-6705902568.50000000,1.00000000,1.00000000
653,24995042.00000000,0.02108059,6.78881746,0,0.01785563,26.95465427,0.69300000,0,0,0,-2500369449.31250000,5.62264156,0.84900284,3631.82391739,-6443639358.87500000,3278.00000000,583.00000000,583,0,0,0,-3943269909.56250000,1.00000000,1.00000000
654,24049256.00000000,0.02044372,6.32708636,0,0.02049725,24.09474786,0.75050000,0,0,0,-2405597758.43750000,7.21564484,0.87828100,4065.84872150,-6942652249.37500000,3413.00000000,473.00000000,473,0,0,0,-4537054490.93750000,1.00000000,1.00000000
655,21041016.00000000,0.02097557,6.96118338,0,0.02244889,27.16607889,0.78950000,0,0,0,-2104656710.46875000,8.77135658,0.89766008,3741.29495811,-5401787285.34375000,3491.00000000,398.00000000,398,0,0,0,-3297130574.87500000,1.00000000,1.00000000
656,19803522.00000000,0.02072000,7.09395696,0,0.01737174,23.17164400,0.74750000,0,0,0,-1981014028.06250000,7.31623936,0.87975335,3679.19337559,-5688021950.56250000,3424.00000000,468.00000000,468,0,0,0,-3707007922.50000000,1.00000000,1.00000000
657,16573476.00000000,0.02035607,7.07878408,0,0.01764669,21.79743094,0.76700000,0,0,0,-1657955391.18750000,7.88073397,0.88739669,3600.25627041,-4641731264.68750000,3436.00000000,436.00000000,436,0,0,0,-2983775873.50000000,1.00000000,1.00000000
658,30348734.00000000,0.02051059,6.91888358,0,0.02050026,20.20950323,0.76250000,0,0,0,-3035506566.68750000,7.67857122,0.88477367,3701.85662127,-8605346064.56250000,3440.00000000,448.00000000,448,0,0,0,-5569839497.87500000,1.00000000,1.00000000
659,19545130.00000000,0.02059454,6.80478851,0,0.01344104,26.74876022,0.75150000,0,0,0,-1955184684.26562500,7.19745207,0.87801087,3840.98879814,-4955331476.51562500,3390.00000000,471.00000000,471,0,0,0,-3000146792.25000000,1.00000000,1.00000000
660,22682680.00000000,0.02016971,6.84903686,0,0.02191376,22.89533472,0.75750000,0,0,0,-2268920473.25000000,7.48148155,0.88209605,3584.40149498,-6401679982.12500000,3434.00000000,459.00000000,459,0,0,0,-4132759508.87500000,1.00000000,1.00000000
661,21110320.00000000,0.02031778,7.07697888,0,0.01796901,19.18773831,0.77500000,0,0,0,-2111618992.53906250,8.26858521,0.89210868,3849.01629972,-5645358353.66406250,3448.00000000,417.00000000,417,0,0,0,-3533739361.12500000,1.00000000,1.00000000
662,19658450.00000000,0.02078396,6.51670542,0,0.01986928,30.67462126,0.72700000,0,0,0,-1966579708.65625000,6.53515625,0.86728877,3536.55852032,-5644338472.90625000,3346.00000000,512.00000000,512,0,0,0,-3677758764.25000000,1.00000000,1.00000000
663,24465488.00000000,0.02027240,6.92377049,0,0.01912211,24.20226685,0.74550000,0,0,0,-2447236601.75000000,7.04365921,0.87567848,3294.58041668,-7099902628.37500000,3388.00000000,481.00000000,481,0,0,0,-4652666026.62500000,1.00000000,1.00000000
664,22803914.00000000,0.02041509,6.31316717,0,0.01676959,20.86785136,0.75050000,0,0,0,-2281064314.81250000,7.23142242,0.87851429,3567.03817749,-6274388358.81250000,3406.00000000,471.00000000,471,0,0,0,-3993324044.00000000,1.00000000,1.00000000
665,23313204.00000000,0.02105573,6.81142975,0,0.02440400,19.67316416,0.76200000,0,0,0,-2331941799.69531250,7.73981905,0.88558114,3681.12956619,-6648569312.44531250,3421.00000000,442.00000000,442,0,0,0,-4316627512.75000000,1.00000000,1.00000000
666,19835164.00000000,0.02088422,6.70449711,0,0.02033287,21.55874422,0.76900000,0,0,0,-1984110970.56250000,8.08235264,0.88989639,3801.11698055,-5704463327.93750000,3435.00000000,425.00000000,425,0,0,0,-3720352357.37500000,1.00000000,1.00000000
667,27372488.00000000,0.02070747,6.58647878,0,0.02301483,27.35739983,0.79450000,0,0,0,-2737774630.37500000,9.10129833,0.90100282,3799.58708096,-7961494713.62500000,3504.00000000,385.00000000,385,0,0,0,-5223720083.25000000,1.00000000,1.00000000
668,19943166.00000000,0.02009158,6.73209826,0,0.01547450,19.72130643,0.75950000,0,0,0,-1994971653.89062500,7.37068987,0.88053554,4023.35772800,-5782187090.35937500,3420.00000000,464.00000000,464,0,0,0,-3787215436.46875000,1.00000000,1.00000000
669,22668578.00000000,0.02046929,6.64741370,0,0.01689489,20.35246139,0.74950000,0,0,0,-2267541799.90625000,7.15578938,0.87738770,3739.15997505,-6459011387.65625000,3399.00000000,475.00000000,475,0,0,0,-4191469587.75000000,1.00000000,1.00000000
670,20399918.00000000,0.02019176,6.69130355,0,0.01937944,26.12869491,0.74150000,0,0,0,-2040689191.42968750,6.84756088,0.87257189,3789.08685589,-5447133913.80468750,3369.00000000,492.00000000,492,0,0,0,-3406444722.37500000,1.00000000,1.00000000
671,20283600.00000000,0.02148822,6.59532357,0,0.02259534,37.38750754,0.73300000,0,0,0,-2029093504.69140625,6.65877724,0.86943084,3766.34335995,-5539689919.31640625,3376.00000000,507.00000000,507,0,0,0,-3510596414.62500000,1.00000000,1.00000000
672,23465346.00000000,0.02116651,6.70224068,0,0.01651044,20.45543162,0.77050000,0,0,0,-2347165829.18750000,7.75730324,0.88580960,3718.83566689,-6962014231.18750000,3452.00000000,445.00000000,445,0,0,0,-4614848402.00000000,1.00000000,1.00000000
673,25807908.00000000,0.02097689,6.57630966,0,0.01485515,23.98846107,0.73600000,0,0,0,-2581522899.94531250,6.62327433,0.86882275,4028.83170986,-7296689000.19531250,3358.00000000,507.00000000,507,0,0,0,-4715166100.25000000,1.00000000,1.00000000
674,17422910.00000000,0.02046581,6.79517609,0,0.01564602,33.07721922,0.76350000,0,0,0,-1742930323.87500000,7.56070662,0.88318723,3535.62066650,-4930425353.50000000,3425.00000000,453.00000000,453,0,0,0,-3187495029.62500000,1.00000000,1.00000000
675,19286580.00000000,0.02129941,6.50790826,0,0.01569398,25.19782501,0.74950000,0,0,0,-1929321904.34375000,7.18354416,0.87780356,3651.10332203,-5538996414.40625000,3405.00000000,474.00000000,474,0,0,0,-3609674510.06250000,1.00000000,1.00000000
676,17246002.00000000,0.02059230,6.35669612,0,0.01771970,20.94408215,0.75350000,0,0,0,-1725261024.59375000,7.33688688,0.88005114,3579.60253763,-4781899876.40625000,3441.00000000,469.00000000,469,0,0,0,-3056638851.81250000,1.00000000,1.00000000
677,31561414.00000000,0.02032518,6.68940111,0,0.01704048,21.49016688,0.70650000,0,0,0,-3156948169.42187500,5.99095821,0.85695809,3519.68931293,-8186275620.42187500,3313.00000000,553.00000000,553,0,0,0,-5029327451.00000000,1.00000000,1.00000000
678,23950710.00000000,0.02067076,6.58527655,0,0.02017654,34.43743123,0.76550000,0,0,0,-2395694915.87500000,7.76923084,0.88596493,3876.97915792,-6300821563.06250000,3434.00000000,442.00000000,442,0,0,0,-3905126647.18750000,1.00000000,1.00000000
679,20906688.00000000,0.02069883,6.62983847,0,0.01973160,22.74298212,0.74600000,0,0,0,-2091361961.53125000,7.05590057,0.87586737,3684.72697258,-5705705346.59375000,3408.00000000,483.00000000,483,0,0,0,-3614343385.06250000,1.00000000,1.00000000
680,24623984.00000000,0.02075468,6.78744766,0,0.01960581,19.53993257,0.74050000,0,0,0,-2463117439.06250000,6.80281687,0.87184113,3849.95546484,-7088442204.06250000,3381.00000000,497.00000000,497,0,0,0,-4625324765.00000000,1.00000000,1.00000000
681,29428806.00000000,0.02038866,6.67598213,0,0.01987965,16.03247081,0.73050000,0,0,0,-2943598852.78906250,6.73947906,0.87079233,3709.78073883,-8382977741.28906250,3363.00000000,499.00000000,499,0,0,0,-5439378888.50000000,1.00000000,1.00000000
682,26017362.00000000,0.02030464,6.68211983,0,0.02271714,29.88191181,0.71350000,0,0,0,-2602527936.58398438,6.06010914,0.85835916,3774.64897251,-7038159740.02148438,3327.00000000,549.00000000,549,0,0,0,-4435631803.43750000,1.00000000,1.00000000
683,17035160.00000000,0.02024038,6.52798866,0,0.02068583,25.29526011,0.76100000,0,0,0,-1704151299.37500000,7.61197329,0.88388258,3765.08816338,-4793136202.68750000,3433.00000000,451.00000000,451,0,0,0,-3088984903.31250000,1.00000000,1.00000000
684,23400792.00000000,0.02015855,6.86701224,0,0.01591897,27.96484905,0.75100000,0,0,0,-2340752334.56250000,7.17894745,0.87773490,3522.69030666,-6882039316.43750000,3410.00000000,475.00000000,475,0,0,0,-4541286981.87500000,1.00000000,1.00000000
685,22064524.00000000,0.01996531,6.28429438,0,0.01807361,26.13831880,0.74650000,0,0,0,-2207137224.37500000,7.17684221,0.87770343,3666.30450535,-6075641348.62500000,3409.00000000,475.00000000,475,0,0,0,-3868504124.25000000,1.00000000,1.00000000
686,21018598.00000000,0.02047865,6.71771800,0,0.01762206,23.92712381,0.76000000,0,0,0,-2102507077.52343750,7.44541502,0.88159257,3639.05132484,-6128151338.64843750,3410.00000000,458.00000000,458,0,0,0,-4025644261.12500000,1.00000000,1.00000000
687,24668436.00000000,0.02059813,6.69073067,0,0.01674218,20.91969744,0.75900000,0,0,0,-2467491353.88281250,7.50219297,0.88238329,4234.47462749,-6123028432.07031250,3421.00000000,456.00000000,456,0,0,0,-3655537078.18750000,1.00000000,1.00000000
688,22289292.00000000,0.02013095,6.72108923,0,0.01612689,20.26998965,0.71900000,0,0,0,-2229691021.40625000,6.35171080,0.86397725,3673.35886574,-6118162015.53125000,3341.00000000,526.00000000,526,0,0,0,-3888470994.12500000,1.00000000,1.00000000
689,20221998.00000000,0.02002782,6.90759150,0,0.02127336,23.28647232,0.74300000,0,0,0,-2022893136.43750000,6.97736645,0.87464535,3541.70123625,-5740522057.06250000,3391.00000000,486.00000000,486,0,0,0,-3717628920.62500000,1.00000000,1.00000000
690,23474814.00000000,0.02062857,7.11373084,0,0.01956149,23.76670467,0.74250000,0,0,0,-2348180926.21093750,6.89711952,0.87337154,3547.94960308,-6503811848.33593750,3352.00000000,486.00000000,486,0,0,0,-4155630922.12500000,1.00000000,1.00000000
691,27562520.00000000,0.02005537,6.91972233,0,0.01658085,36.61231560,0.71500000,0,0,0,-2757052388.84375000,6.10786104,0.85931069,3515.69852161,-7814096514.59375000,3341.00000000,547.00000000,547,0,0,0,-5057044125.75000000,1.00000000,1.00000000
692,24051102.00000000,0.02080402,6.57606499,0,0.01729912,25.09703864,0.75200000,0,0,0,-2405771266.71875000,7.35560322,0.88031983,4025.72366142,-7006035514.09375000,3413.00000000,464.00000000,464,0,0,0,-4600264247.37500000,1.00000000,1.00000000
693,20805918.00000000,0.02090870,6.64943391,0,0.01977506,34.33108319,0.74200000,0,0,0,-2081278837.09375000,7.04968929,0.87577158,3967.88885021,-5927523084.59375000,3405.00000000,483.00000000,483,0,0,0,-3846244247.50000000,1.00000000,1.00000000
694,26888210.00000000,0.02097093,6.55099801,0,0.01938537,29.64874109,0.74100000,0,0,0,-2689495034.62500000,7.02708340,0.87542176,3650.19993973,-7220305539.50000000,3373.00000000,480.00000000,480,0,0,0,-4530810504.87500000,1.00000000,1.00000000
695,24461210.00000000,0.02008526,6.61733600,0,0.01834956,11.95342387,0.69500000,0,0,0,-2446989542.03125000,5.59290552,0.84832180,3912.31833029,-7201975333.28125000,3311.00000000,592.00000000,592,0,0,0,-4754985791.25000000,1.00000000,1.00000000
696,21340930.00000000,0.02075898,6.60701600,0,0.02156358,25.69774506,0.78100000,0,0,0,-2134665651.40625000,8.43795586,0.89404488,3695.58668756,-6073062317.59375000,3468.00000000,411.00000000,411,0,0,0,-3938396666.18750000,1.00000000,1.00000000
697,26460004.00000000,0.02060965,6.62579905,0,0.01686820,26.29493560,0.70850000,0,0,0,-2646812752.28125000,5.98204660,0.85677552,3725.16028118,-7578887871.65625000,3332.00000000,557.00000000,557,0,0,0,-4932075119.37500000,1.00000000,1.00000000
698,20608282.00000000,0.02078134,6.56178073,0,0.01851735,23.97498798,0.76650000,0,0,0,-2061433014.96875000,7.96304846,0.88843083,4040.90353775,-5657707089.46875000,3448.00000000,433.00000000,433,0,0,0,-3596274074.50000000,1.00000000,1.00000000
699,23347016.00000000,0.01986313,6.86665190,0,0.01489564,26.33217208,0.74450000,0,0,0,-2335396221.86718750,6.97530842,0.87461299,3434.97583485,-6318543920.86718750,3390.00000000,486.00000000,486,0,0,0,-3983147699.00000000,1.00000000,1.00000000
700,18387976.00000000,0.02104179,6.69393154,0,0.01692023,18.46087586,0.79950000,0,0,0,-1839327868.37500000,9.16187954,0.90159303,4019.46352577,-5304660571.12500000,3509.00000000,383.00000000,383,0,0,0,-3465332702.75000000,1.00000000,1.00000000
701,22800098.00000000,0.02056751,6.36215789,0,0.01657194,19.51110999,0.73300000,0,0,0,-2280744230.56835938,6.65483236,0.86936355,3802.28779316,-6530802575.31835938,3374.00000000,507.00000000,507,0,0,0,-4250058344.75000000,1.00000000,1.00000000
702,26290860.00000000,0.02031937,6.33495611,0,0.02103761,27.76354376,0.71300000,0,0,0,-2629877431.93750000,6.10825682,0.85931855,3589.97868347,-7091430952.81250000,3329.00000000,545.00000000,545,0,0,0,-4461553520.87500000,1.00000000,1.00000000
703,25661238.00000000,0.02080948,6.34901961,0,0.02260324,22.41107040,0.73000000,0,0,0,-2566847074.56250000,6.70459080,0.87020725,3806.60410881,-7230257073.31250000,3359.00000000,501.00000000,501,0,0,0,-4663409998.75000000,1.00000000,1.00000000
704,22686726.00000000,0.02027650,6.58849609,0,0.01786312,14.97265270,0.72700000,0,0,0,-2269406313.34375000,6.57058811,0.86790985,3584.79873848,-6492423101.14062500,3351.00000000,510.00000000,510,0,0,0,-4223016787.79687500,1.00000000,1.00000000
705,22760482.00000000,0.01971520,6.77802868,0,0.02298561,28.95709960,0.74650000,0,0,0,-2276741295.21875000,7.01033068,0.87516123,4084.52627468,-6421448671.46875000,3393.00000000,484.00000000,484,0,0,0,-4144707376.25000000,1.00000000,1.00000000
706,22674414.00000000,0.02085067,6.38547494,0,0.02125552,26.10258998,0.77850000,0,0,0,-2268014971.95312500,8.40291309,0.89365000,3934.73760509,-5866106227.95312500,3462.00000000,412.00000000,412,0,0,0,-3598091256.00000000,1.00000000,1.00000000
707,20281744.00000000,0.02009127,6.27532845,0,0.02059917,23.59105269,0.76650000,0,0,0,-2028781431.25000000,7.87586212,0.88733488,3795.31912136,-5875213857.68750000,3426.00000000,435.00000000,435,0,0,0,-3846432426.43750000,1.00000000,1.00000000
708,26766022.00000000,0.02027564,6.52899827,0,0.01369632,24.81690682,0.70350000,0,0,0,-2677416767.94335938,5.93548393,0.85581398,3775.47966671,-7557625213.44335938,3312.00000000,558.00000000,558,0,0,0,-4880208445.50000000,1.00000000,1.00000000
709,18533530.00000000,0.02122119,6.90300064,0,0.01481668,29.61061843,0.72200000,0,0,0,-1854132304.49218750,6.27850485,0.86260915,3835.32070446,-5259938890.24218750,3359.00000000,535.00000000,535,0,0,0,-3405806585.75000000,1.00000000,1.00000000
710,20951166.00000000,0.02045442,6.40634350,0,0.01891408,22.46999009,0.73900000,0,0,0,-2095822202.03125000,6.74297190,0.87085062,3767.92295170,-6110836336.15625000,3358.00000000,498.00000000,498,0,0,0,-4015014134.12500000,1.00000000,1.00000000
711,12933297.00000000,0.02046224,6.94752302,0,0.02175726,23.36454487,0.80550000,0,0,0,-1293827788.86523438,9.58630180,0.90553832,3743.04955006,-3585797781.24023438,3499.00000000,365.00000000,365,0,0,0,-2291969992.37500000,1.00000000,1.00000000
712,27434100.00000000,0.02067981,6.37770801,0,0.01268514,23.79706070,0.74500000,0,0,0,-2744093501.31250000,7.11506271,0.87677234,3497.90734053,-7808856210.81250000,3401.00000000,478.00000000,478,0,0,0,-5064762709.50000000,1.00000000,1.00000000
713,21504552.00000000,0.02120826,6.38518354,0,0.01808397,22.01612796,0.73550000,0,0,0,-2151186286.09375000,6.61296654,0.86864513,3729.01727962,-6219037237.09375000,3366.00000000,509.00000000,509,0,0,0,-4067850951.00000000,1.00000000,1.00000000
714,21291526.00000000,0.02052226,6.36044400,0,0.01659747,20.55359803,0.73900000,0,0,0,-2129853866.73974609,6.81616163,0.87205994,3690.26874065,-6022891181.86474609,3374.00000000,495.00000000,495,0,0,0,-3893037315.12500000,1.00000000,1.00000000
715,23322274.00000000,0.02003344,6.75391802,0,0.01833983,22.32727999,0.73400000,0,0,0,-2332941574.89062500,6.78313255,0.87151700,3707.01135015,-6364905887.01562500,3378.00000000,498.00000000,498,0,0,0,-4031964312.12500000,1.00000000,1.00000000
716,21509100.00000000,0.01985323,6.40287595,0,0.02152053,26.83273718,0.75050000,0,0,0,-2151577844.01855469,7.26114655,0.87895143,3744.87775469,-6317088648.74316406,3420.00000000,471.00000000,471,0,0,0,-4165510804.72460938,1.00000000,1.00000000
717,17743166.00000000,0.02052649,6.48742988,0,0.01715926,21.06026448,0.76900000,0,0,0,-1774910521.69335938,8.08216000,0.88989401,3614.89148521,-4630199045.13085938,3443.00000000,426.00000000,426,0,0,0,-2855288523.43750000,1.00000000,1.00000000
718,23606154.00000000,0.02121370,6.15503845,0,0.02159566,27.17773077,0.75850000,0,0,0,-2361248013.51562500,7.62053585,0.88399792,3954.07403946,-6270453425.51562500,3414.00000000,448.00000000,448,0,0,0,-3909205412.00000000,1.00000000,1.00000000
719,23045160.00000000,0.02105007,6.48630809,0,0.01814882,21.13312509,0.68500000,0,0,0,-2305408072.21875000,5.38205957,0.84331077,3382.99092484,-6414712895.21875000,3240.00000000,602.00000000,602,0,0,0,-4109304823.00000000,1.00000000,1.00000000
720,22175078.00000000,0.02043973,6.57136209,0,0.01537333,23.03022745,0.74850000,0,0,0,-2218184394.81835938,7.18565416,0.87783504,3686.72760725,-6286979773.69335938,3406.00000000,474.00000000,474,0,0,0,-4068795378.87500000,1.00000000,1.00000000
721,25946286.00000000,0.02016156,6.26923311,0,0.01466294,22.87788116,0.71600000,0,0,0,-2595397846.78125000,6.24531841,0.86197984,3920.98246813,-7178449775.53125000,3335.00000000,534.00000000,534,0,0,0,-4583051928.75000000,1.00000000,1.00000000
722,26339256.00000000,0.02064635,6.10889409,0,0.01762158,23.76131248,0.71200000,0,0,0,-2634742729.81250000,6.00180197,0.85717964,3409.40973616,-7751471075.81250000,3331.00000000,555.00000000,555,0,0,0,-5116728346.00000000,1.00000000,1.00000000
723,20687690.00000000,0.02095008,6.68648937,0,0.02112820,20.24178044,0.76100000,0,0,0,-2069405649.15625000,7.68151426,0.88481271,3663.65517807,-6043185714.15625000,3449.00000000,449.00000000,449,0,0,0,-3973780065.00000000,1.00000000,1.00000000
724,12547336.00000000,0.01994688,6.11205797,0,0.01564627,21.93905481,0.81200000,0,0,0,-1255211196.45703125,10.02266312,0.90927780,4053.26864052,-3571160645.45703125,3538.00000000,353.00000000,353,0,0,0,-2315949449.00000000,1.00000000,1.00000000
725,25777500.00000000,0.02025957,6.55911562,0,0.01618986,26.02532683,0.74700000,0,0,0,-2578419203.37500000,7.24307013,0.87868595,3511.77404499,-7352557159.37500000,3397.00000000,469.00000000,469,0,0,0,-4774137956.00000000,1.00000000,1.00000000
726,17900648.00000000,0.02035158,6.33052405,0,0.01575463,18.05990283,0.74150000,0,0,0,-1790745441.09375000,7.04989624,0.87577480,3644.51413155,-4821002306.71875000,3391.00000000,481.00000000,481,0,0,0,-3030256865.62500000,1.00000000,1.00000000
727,15537921.00000000,0.02041710,6.80186131,0,0.01690563,28.55369695,0.77650000,0,0,0,-1554375325.14062500,8.25592422,0.89196110,3780.34849167,-4420066457.14062500,3484.00000000,422.00000000,422,0,0,0,-2865691132.00000000,1.00000000,1.00000000
728,20495416.00000000,0.02028520,6.22178845,0,0.01458285,28.60277208,0.71900000,0,0,0,-2050306568.31250000,6.33898306,0.86374134,3791.37843037,-5583084946.43750000,3366.00000000,531.00000000,531,0,0,0,-3532778378.12500000,1.00000000,1.00000000
729,24397040.00000000,0.01965498,6.28720891,0,0.01685412,29.83686691,0.72250000,0,0,0,-2440452857.37500000,6.48076916,0.86632389,3601.73433876,-7020921609.62500000,3370.00000000,520.00000000,520,0,0,0,-4580468752.25000000,1.00000000,1.00000000
730,19716842.00000000,0.02060843,6.10274090,0,0.01840264,22.30551921,0.75800000,0,0,0,-1972327714.73437500,7.55798674,0.88315010,3608.91043377,-5670800903.98437500,3454.00000000,457.00000000,457,0,0,0,-3698473189.25000000,1.00000000,1.00000000
731,28642194.00000000,0.02066324,6.43084538,0,0.01438811,20.36686532,0.72500000,0,0,0,-2864960616.09375000,6.49224806,0.86652869,3361.71670914,-8103701515.90625000,3350.00000000,516.00000000,516,0,0,0,-5238740899.81250000,1.00000000,1.00000000
732,22347500.00000000,0.02049384,6.33716441,0,0.01861807,22.88001193,0.77050000,0,0,0,-2235357003.12500000,7.98845243,0.88874614,3607.16259909,-5500662353.50000000,3459.00000000,433.00000000,433,0,0,0,-3265305350.37500000,1.00000000,1.00000000
733,25119852.00000000,0.02013016,6.08822032,0,0.01566044,19.76995426,0.70900000,0,0,0,-2512783354.49218750,6.07861042,0.85872936,3692.53200531,-6175808301.11718750,3325.00000000,547.00000000,547,0,0,0,-3663024946.62500000,1.00000000,1.00000000
734,30696036.00000000,0.02011235,6.19106424,0,0.01659845,16.12468306,0.72000000,0,0,0,-3070361812.25000000,6.39163494,0.86471194,3603.88862610,-8587455488.50000000,3362.00000000,526.00000000,526,0,0,0,-5517093676.25000000,1.00000000,1.00000000
735,22326766.00000000,0.02069872,6.37769552,0,0.02240329,23.40387170,0.72650000,0,0,0,-2233412436.36718750,6.52815533,0.86716533,3583.13236523,-6206167901.11718750,3362.00000000,515.00000000,515,0,0,0,-3972755464.75000000,1.00000000,1.00000000
736,23472016.00000000,0.02107445,6.40751158,0,0.01419551,21.55328925,0.74400000,0,0,0,-2347891569.40625000,6.97083330,0.87454259,3864.17313862,-6250389650.40625000,3346.00000000,480.00000000,480,0,0,0,-3902498081.00000000,1.00000000,1.00000000
737,19883802.00000000,0.02091005,6.10311711,0,0.01646143,17.64553256,0.75800000,0,0,0,-1989030815.50000000,7.40780926,0.88106292,3763.28942680,-5663392070.75000000,3415.00000000,461.00000000,461,0,0,0,-3674361255.25000000,1.00000000,1.00000000
738,26408638.00000000,0.02109200,6.40348132,0,0.01600765,24.36762942,0.71950000,0,0,0,-2641632938.48242188,6.25235415,0.86211371,3817.04859352,-7596307198.73242188,3320.00000000,531.00000000,531,0,0,0,-4954674260.25000000,1.00000000,1.00000000
739,21111042.00000000,0.02084285,5.85573002,0,0.01884721,19.82657178,0.76250000,0,0,0,-2111729757.93750000,7.71300459,0.88522905,4027.15641975,-6043743952.56250000,3440.00000000,446.00000000,446,0,0,0,-3932014194.62500000,1.00000000,1.00000000
740,21556682.00000000,0.02032185,6.62885888,0,0.02387501,20.14788130,0.75250000,0,0,0,-2156325540.95312500,7.27957010,0.87922078,3524.05510712,-6058578570.82812500,3385.00000000,465.00000000,465,0,0,0,-3902253029.87500000,1.00000000,1.00000000
741,24317566.00000000,0.02079251,6.01519262,0,0.01516442,19.74898116,0.73350000,0,0,0,-2432484596.34570312,6.57925653,0.86806095,4047.01533508,-7068413818.09570312,3362.00000000,511.00000000,511,0,0,0,-4635929221.75000000,1.00000000,1.00000000
742,27271458.00000000,0.02122760,6.12528141,0,0.01910717,20.18173864,0.72450000,0,0,0,-2727882902.56250000,6.56445312,0.86780274,3784.69492722,-7305612166.06250000,3361.00000000,512.00000000,512,0,0,0,-4577729263.50000000,1.00000000,1.00000000
743,24083934.00000000,0.02078453,6.29360009,0,0.01835755,22.33592441,0.70400000,0,0,0,-2409187530.03125000,6.07142878,0.85858583,3621.50808811,-6472638363.03125000,3315.00000000,546.00000000,546,0,0,0,-4063450833.00000000,1.00000000,1.00000000
744,19094190.00000000,0.02087655,6.29410216,0,0.01550354,15.55059708,0.70950000,0,0,0,-1910228870.46875000,5.99099112,0.85695875,3459.28404045,-5431427759.15625000,3325.00000000,555.00000000,555,0,0,0,-3521198888.68750000,1.00000000,1.00000000
745,21514200.00000000,0.02080826,6.21813447,0,0.01815436,23.03461795,0.72800000,0,0,0,-2152167377.28125000,6.47674417,0.86625195,3445.52308559,-5993227633.03125000,3342.00000000,516.00000000,516,0,0,0,-3841060255.75000000,1.00000000,1.00000000
746,25281618.00000000,0.02089594,6.15028371,0,0.01646048,17.85933431,0.72450000,0,0,0,-2528907438.31250000,6.50193071,0.86670101,3529.16760159,-6899859643.31250000,3368.00000000,518.00000000,518,0,0,0,-4370952205.00000000,1.00000000,1.00000000
747,17494242.00000000,0.02122526,6.25609010,0,0.02174173,19.56595982,0.75800000,0,0,0,-1750069170.10156250,7.37173891,0.88055050,3765.15000343,-4882374263.47656250,3391.00000000,460.00000000,460,0,0,0,-3132305093.37500000,1.00000000,1.00000000
748,25229230.00000000,0.02162907,5.88117701,0,0.02024095,28.42109754,0.70250000,0,0,0,-2523755437.20312500,5.75481606,0.85195750,3454.54542255,-7044357397.45312500,3286.00000000,571.00000000,571,0,0,0,-4520601960.25000000,1.00000000,1.00000000
749,25535576.00000000,0.02127953,6.10867069,0,0.01933919,16.80308331,0.74750000,0,0,0,-2554223009.78125000,7.20127106,0.87806767,3758.73645020,-7302485255.78125000,3399.00000000,472.00000000,472,0,0,0,-4748262246.00000000,1.00000000,1.00000000
750,25223258.00000000,0.02056433,5.83601706,0,0.01968931,18.64909930,0.73100000,0,0,0,-2523047779.40625000,6.67658710,0.86973381,3790.68236446,-7176026034.90625000,3365.00000000,504.00000000,504,0,0,0,-4652978255.50000000,1.00000000,1.00000000
751,28713036.00000000,0.02095964,6.37583033,0,0.01812420,27.37262577,0.70000000,0,0,0,-2872141300.84375000,5.76666689,0.85221672,3769.13174343,-8326727403.71875000,3287.00000000,570.00000000,570,0,0,0,-5454586102.87500000,1.00000000,1.00000000
752,20566714.00000000,0.02088541,5.74461097,0,0.02061619,16.16510163,0.79650000,0,0,0,-2057204119.84960938,9.24736881,0.90241396,3868.89989090,-5580535813.13085938,3514.00000000,380.00000000,380,0,0,0,-3523331693.28125000,1.00000000,1.00000000
753,25448116.00000000,0.02126633,6.03607766,0,0.01717885,28.48581886,0.75650000,0,0,0,-2545433693.14062500,7.65100670,0.88440651,3800.02691841,-6428889923.14062500,3420.00000000,447.00000000,447,0,0,0,-3883456230.00000000,1.00000000,1.00000000
754,24457830.00000000,0.02075965,5.92765965,0,0.01678514,26.67113654,0.71500000,0,0,0,-2446568007.25000000,6.19557190,0.86102563,3649.52629089,-6685982223.75000000,3358.00000000,542.00000000,542,0,0,0,-4239414216.50000000,1.00000000,1.00000000
755,19878850.00000000,0.02106687,6.38968884,0,0.01579857,18.22994052,0.75350000,0,0,0,-1988556385.65625000,7.22832966,0.87846863,3583.34053421,-5765779994.53125000,3419.00000000,473.00000000,473,0,0,0,-3777223608.87500000,1.00000000,1.00000000
756,25184616.00000000,0.02090524,6.03186719,0,0.02087690,31.79538303,0.76100000,0,0,0,-2519108703.53125000,7.55701733,0.88313687,3583.09226131,-7218719945.78125000,3446.00000000,456.00000000,456,0,0,0,-4699611242.25000000,1.00000000,1.00000000
757,25019444.00000000,0.02061536,6.02691782,0,0.01880811,20.42155976,0.73450000,0,0,0,-2502648940.46875000,6.89878559,0.87339824,3792.12753487,-7046684340.46875000,3408.00000000,494.00000000,494,0,0,0,-4544035400.00000000,1.00000000,1.00000000
758,24274806.00000000,0.02040323,5.87560464,0,0.02389858,24.92917373,0.73100000,0,0,0,-2428208863.53125000,6.66534662,0.86954278,3664.28059292,-7008867065.34375000,3366.00000000,505.00000000,505,0,0,0,-4580658201.81250000,1.00000000,1.00000000
759,21012988.00000000,0.02079905,5.69354827,0,0.01932387,19.64219432,0.75600000,0,0,0,-2101963939.03125000,7.31130075,0.87968189,3886.44260216,-6245919984.78125000,3429.00000000,469.00000000,469,0,0,0,-4143956045.75000000,1.00000000,1.00000000
760,22213058.00000000,0.02123525,6.47313659,0,0.01405270,21.01855527,0.73700000,0,0,0,-2222014682.81250000,6.83772802,0.87241203,3502.45411873,-6264168535.43750000,3371.00000000,493.00000000,493,0,0,0,-4042153852.62500000,1.00000000,1.00000000
761,16967526.00000000,0.02048453,6.33008394,0,0.01480754,24.34991921,0.80200000,0,0,0,-1697263957.85937500,9.40266705,0.90387082,4010.05611038,-4893061370.95312500,3526.00000000,375.00000000,375,0,0,0,-3195797413.09375000,1.00000000,1.00000000
762,18714132.00000000,0.02122504,6.01255601,0,0.01957100,27.57390298,0.75250000,0,0,0,-1872068331.59375000,7.34838724,0.88021636,3718.38734818,-5141365341.96875000,3417.00000000,465.00000000,465,0,0,0,-3269297010.37500000,1.00000000,1.00000000
763,28889134.00000000,0.02047897,6.05222178,0,0.02242664,18.76318253,0.76500000,0,0,0,-2889523759.57812500,7.81735182,0.88658726,4146.50893021,-7572665802.82812500,3424.00000000,438.00000000,438,0,0,0,-4683142043.25000000,1.00000000,1.00000000
764,20491928.00000000,0.02107646,6.38195028,0,0.01877313,28.45660893,0.77100000,0,0,0,-2049795676.18750000,7.99768496,0.88886029,3872.72416878,-6018856664.81250000,3455.00000000,432.00000000,432,0,0,0,-3969060988.62500000,1.00000000,1.00000000
765,28800360.00000000,0.02051057,6.35312097,0,0.02020449,25.30062268,0.72250000,0,0,0,-2880789373.96875000,6.51252413,0.86688894,3959.03479433,-7996808877.84375000,3380.00000000,519.00000000,519,0,0,0,-5116019503.87500000,1.00000000,1.00000000
766,22339020.00000000,0.02062190,6.14421533,0,0.01496081,16.98318375,0.76150000,0,0,0,-2234516018.82812500,7.82191801,0.88664597,3697.43115044,-6326963301.70312500,3426.00000000,438.00000000,438,0,0,0,-4092447282.87500000,1.00000000,1.00000000
767,24775826.00000000,0.02036527,6.12415647,0,0.01547453,33.45353757,0.74950000,0,0,0,-2478231215.09375000,7.42391300,0.88129032,3551.52947903,-6755315618.59375000,3415.00000000,460.00000000,460,0,0,0,-4277084403.50000000,1.00000000,1.00000000
768,18230494.00000000,0.02101939,6.00345096,0,0.01609325,23.65173578,0.76650000,0,0,0,-1823659958.44531250,7.95632172,0.88834703,3876.71181774,-5220306307.75781250,3461.00000000,435.00000000,435,0,0,0,-3396646349.31250000,1.00000000,1.00000000
769,21322990.00000000,0.02098628,5.95341816,0,0.02397702,26.36214823,0.74350000,0,0,0,-2132971061.75000000,7.14105272,0.87716573,3674.58806896,-5625029523.50000000,3392.00000000,475.00000000,475,0,0,0,-3492058461.75000000,1.00000000,1.00000000
770,28528720.00000000,0.02093437,6.64351621,0,0.01716152,26.32748461,0.75850000,0,0,0,-2853497442.87500000,7.67264557,0.88469493,3768.66543484,-7787846494.62500000,3422.00000000,446.00000000,446,0,0,0,-4934349051.75000000,1.00000000,1.00000000
771,22006086.00000000,0.02121189,5.56206278,0,0.02053604,41.05532985,0.73850000,0,0,0,-2201315828.52929688,6.95092010,0.87422842,4009.35714293,-6025025515.77929688,3399.00000000,489.00000000,489,0,0,0,-3823709687.25000000,1.00000000,1.00000000
772,16595361.00000000,0.02030125,5.99242078,0,0.02051267,30.59969934,0.77750000,0,0,0,-1660120072.59375000,8.27817726,0.89222020,3899.58336163,-4767418841.34375000,3452.00000000,417.00000000,417,0,0,0,-3107298768.75000000,1.00000000,1.00000000
773,23773720.00000000,0.02074128,6.17497015,0,0.01448054,16.91964568,0.74750000,0,0,0,-2378036048.52343750,7.28693771,0.87932819,3903.41577101,-6566601592.02343750,3403.00000000,467.00000000,467,0,0,0,-4188565543.50000000,1.00000000,1.00000000
774,21228584.00000000,0.02109169,6.13430407,0,0.01636792,18.70079041,0.73700000,0,0,0,-2123573740.88281250,6.77062368,0.87131017,3830.72382736,-5681997033.13281250,3365.00000000,497.00000000,497,0,0,0,-3558423292.25000000,1.00000000,1.00000000
775,24913784.00000000,0.02067064,6.04189349,0,0.02051743,29.91391479,0.75700000,0,0,0,-2492034989.65625000,7.40215063,0.88098288,4335.61928463,-7122896789.15625000,3442.00000000,465.00000000,465,0,0,0,-4630861799.50000000,1.00000000,1.00000000
776,19272044.00000000,0.02045124,5.94620113,0,0.01887278,22.29882548,0.73400000,0,0,0,-1927933716.78125000,6.57254887,0.86794406,3688.14556026,-5430311379.53125000,3352.00000000,510.00000000,510,0,0,0,-3502377662.75000000,1.00000000,1.00000000
777,33143232.00000000,0.02094734,6.08684680,0,0.01491718,20.83326774,0.71250000,0,0,0,-3315115578.21875000,6.14705896,0.86008233,3796.30975580,-9190799065.71875000,3344.00000000,544.00000000,544,0,0,0,-5875683487.50000000,1.00000000,1.00000000
778,27055258.00000000,0.02139898,5.98657734,0,0.01959639,27.61906083,0.76300000,0,0,0,-2706155982.65625000,7.63251686,0.88415891,3846.44542456,-7947977974.90625000,3427.00000000,449.00000000,449,0,0,0,-5241821992.25000000,1.00000000,1.00000000
779,34038872.00000000,0.02105128,5.77641463,0,0.01587952,32.98606157,0.73250000,0,0,0,-3404616610.87500000,6.67326736,0.86967742,3667.50689602,-9740850411.37500000,3370.00000000,505.00000000,505,0,0,0,-6336233800.50000000,1.00000000,1.00000000
780,20463596.00000000,0.02107715,6.48350190,0,0.02033713,18.72572660,0.77850000,0,0,0,-2046936788.67968750,8.24162674,0.89179397,3736.42641354,-5233723412.17968750,3445.00000000,418.00000000,418,0,0,0,-3186786623.50000000,1.00000000,1.00000000
781,18783764.00000000,0.02112186,6.07712838,0,0.01445670,26.23550404,0.74650000,0,0,0,-1879042134.62500000,7.23404264,0.87855297,3749.91246700,-5265682778.87500000,3400.00000000,470.00000000,470,0,0,0,-3386640644.25000000,1.00000000,1.00000000
782,22139806.00000000,0.02100775,6.37629225,0,0.02054392,17.96329286,0.74050000,0,0,0,-2214676493.07812500,7.01033068,0.87516123,4103.97670555,-6076864912.82812500,3393.00000000,484.00000000,484,0,0,0,-3862188419.75000000,1.00000000,1.00000000
783,20144528.00000000,0.02090058,5.89306441,0,0.01574318,29.66209443,0.72150000,0,0,0,-2015215994.01562500,6.37452459,0.86439806,3938.84936810,-5799262445.73437500,3353.00000000,526.00000000,526,0,0,0,-3784046451.71875000,1.00000000,1.00000000
784,21895030.00000000,0.02039083,6.01147887,0,0.01794771,21.14447467,0.73750000,0,0,0,-2190193299.59375000,6.92418051,0.87380397,3911.65098763,-6123998665.53125000,3379.00000000,488.00000000,488,0,0,0,-3933805365.93750000,1.00000000,1.00000000
785,23402566.00000000,0.02050228,6.19693459,0,0.01811693,21.96579350,0.75300000,0,0,0,-2340912838.84375000,7.42424250,0.88129497,3636.46135521,-6496791072.34375000,3430.00000000,462.00000000,462,0,0,0,-4155878233.50000000,1.00000000,1.00000000
786,20084050.00000000,0.02099774,5.68676285,0,0.01783863,19.68759272,0.73400000,0,0,0,-2009123342.15625000,6.85110664,0.87262940,3876.77366161,-5817558555.90625000,3405.00000000,497.00000000,497,0,0,0,-3808435213.75000000,1.00000000,1.00000000
787,19654988.00000000,0.02060880,5.90692389,0,0.01977153,22.22482014,0.78650000,0,0,0,-1966040431.62500000,8.99743557,0.89997435,3925.55780315,-5172005663.75000000,3509.00000000,390.00000000,390,0,0,0,-3205965232.12500000,1.00000000,1.00000000
788,17307304.00000000,0.02041413,5.78637566,0,0.01775815,16.50959725,0.74950000,0,0,0,-1731388657.84375000,7.34623671,0.88018554,3874.87159300,-4779604398.46875000,3416.00000000,465.00000000,465,0,0,0,-3048215740.62500000,1.00000000,1.00000000
789,18310200.00000000,0.02093922,5.91207545,0,0.02306544,17.59715859,0.76550000,0,0,0,-1831635304.21875000,7.81093407,0.88650465,3850.36342621,-5099224500.21875000,3429.00000000,439.00000000,439,0,0,0,-3267589196.00000000,1.00000000,1.00000000
790,22607462.00000000,0.02059539,6.10600745,0,0.01465135,23.43764358,0.73450000,0,0,0,-2261451219.78125000,6.82995939,0.87228543,3948.75293732,-6225107998.71875000,3374.00000000,494.00000000,494,0,0,0,-3963656778.93750000,1.00000000,1.00000000
791,22268738.00000000,0.02088849,5.98271480,0,0.01941043,18.01940987,0.73550000,0,0,0,-2227611817.28125000,6.59803915,0.86838710,3971.13508224,-6277246200.03125000,3365.00000000,510.00000000,510,0,0,0,-4049634382.75000000,1.00000000,1.00000000
792,26506566.00000000,0.02071099,5.88809035,0,0.01589920,18.02605438,0.73000000,0,0,0,-2651390026.40625000,6.50877190,0.86682242,3853.08784485,-7523038104.53125000,3339.00000000,513.00000000,513,0,0,0,-4871648078.12500000,1.00000000,1.00000000
793,25267922.00000000,0.02067843,6.15830133,0,0.01642629,16.81715732,0.75400000,0,0,0,-2527436553.14843750,7.50544643,0.88242829,3879.48880959,-7292237489.27343750,3445.00000000,459.00000000,459,0,0,0,-4764800936.12500000,1.00000000,1.00000000
794,23680958.00000000,0.02053988,5.87806390,0,0.01477117,24.63523107,0.75900000,0,0,0,-2368720631.30468750,7.66442966,0.88458562,3726.67344284,-6687590760.80468750,3426.00000000,447.00000000,447,0,0,0,-4318870129.50000000,1.00000000,1.00000000
795,19924936.00000000,0.02080637,6.10215234,0,0.01524404,24.91232983,0.77500000,0,0,0,-1993062812.43750000,8.47445297,0.89445299,3965.76001549,-5696107597.18750000,3483.00000000,411.00000000,411,0,0,0,-3703044784.75000000,1.00000000,1.00000000
796,21779292.00000000,0.02137859,5.90603553,0,0.01900692,20.98129548,0.72500000,0,0,0,-2178667242.14843750,6.56974459,0.86789513,3816.87885582,-5853643378.75000000,3344.00000000,509.00000000,509,0,0,0,-3674976136.60156250,1.00000000,1.00000000
797,26940550.00000000,0.02076892,5.83676726,0,0.01567800,33.66065237,0.73850000,0,0,0,-2694754678.92968750,6.87321043,0.87298703,3756.93737888,-7412533155.55468750,3361.00000000,489.00000000,489,0,0,0,-4717778476.62500000,1.00000000,1.00000000
798,24481180.00000000,0.02038405,5.93126745,0,0.01691446,17.95713001,0.72300000,0,0,0,-2448863818.47656250,6.42337179,0.86529034,4138.50070572,-7084587176.47656250,3353.00000000,522.00000000,522,0,0,0,-4635723358.00000000,1.00000000,1.00000000
799,21731622.00000000,0.02080213,6.00197329,0,0.01730255,20.66907054,0.76050000,0,0,0,-2173780275.89062500,7.75909090,0.88583291,3905.22935390,-6243433332.64062500,3414.00000000,440.00000000,440,0,0,0,-4069653056.75000000,1.00000000,1.00000000
800,20350906.00000000,0.02057983,5.92759932,0,0.02052205,26.93417380,0.73650000,0,0,0,-2035793971.71875000,6.86612558,0.87287259,3713.14769459,-5512185188.96875000,3385.00000000,493.00000000,493,0,0,0,-3476391217.25000000,1.00000000,1.00000000
