avg_backlog_drift,avg_lower_mf_loss,avg_lower_td_loss,avg_realized_delay,avg_remaining_tasks,avg_upper_mf_loss,avg_upper_td_loss,completion_rate,lower_q_max,lower_q_mean,lower_q_min,qos_rate,qos_success_rate,total_energy,total_reward,total_violations,upper_q_max,upper_q_mean,upper_q_min,zeta_lower,zeta_upper
62736024.0,0.0,0.0,0.0,15.859999656677246,0.0,0.0,0.7776041666666667,0.0,0.0,0.0,3.5889423076923075,0.7820848611838659,2079.57470703125,-12963291648.0,416.0,0.0,0.0,0.0,1.0,1.0
58476996.0,0.0,0.0,0.0,16.40999984741211,0.0,0.0,0.7893374741200828,0.0,0.0,0.0,3.91025641025641,0.7963446475195822,2287.765625,-12153116160.0,390.0,0.0,0.0,0.0,1.0,1.0
108057624.0,0.0,665.01171875,0.0,19.540000915527344,0.0,0.0,0.7613636363636364,0.0,0.0,0.0,3.304932735426009,0.7677083333333333,2276.517578125,-22067007488.0,446.0,0.0,0.0,0.0,1.0,1.0
104748336.0,0.0,665.01171875,0.0,18.360000610351562,0.0,0.0,0.7882051282051282,0.0,0.0,0.0,3.8813131313131315,0.7951370926021728,2086.181396484375,-21367072768.0,396.0,0.0,0.0,0.0,1.0,1.0
153567696.0,0.0,665.01171875,0.0,20.8700008392334,0.0,0.0,0.7564766839378239,0.0,0.0,0.0,3.2882882882882885,0.7668067226890757,2508.696533203125,-31215458304.0,444.0,0.0,0.0,0.0,1.0,1.0
88235784.0,0.0,283.5139465332031,0.0,17.93000030517578,0.0,0.0,0.7865572088250384,0.0,0.0,0.0,3.7665847665847667,0.7902061855670103,2368.733642578125,-18121074688.0,407.0,0.0,0.0,0.0,1.0,1.0
84399456.0,0.0,283.5139465332031,0.0,17.479999542236328,0.0,0.0,0.8066838046272493,0.0,0.0,0.0,4.286885245901639,0.8108527131782945,2433.57470703125,-17366766592.0,366.0,0.0,0.0,0.0,1.0,1.0
49443680.0,0.0,193.32736206054688,0.0,14.8100004196167,0.0,0.0,0.8176197836166924,0.0,0.0,0.0,4.82370820668693,0.8282881002087683,2522.267822265625,-10393344512.0,329.0,0.0,0.0,0.0,1.0,1.0
76854128.0,0.0,193.32736206054688,0.0,17.459999084472656,0.0,0.0,0.8181352459016393,0.0,0.0,0.0,4.975077881619938,0.8326381647549531,2362.215576171875,-15843420160.0,321.0,0.0,0.0,0.0,1.0,1.0
79412472.0,0.0,193.32736206054688,0.0,15.710000038146973,0.0,0.0,0.8103536647872885,0.0,0.0,0.0,4.478753541076487,0.8174767321613237,2498.568359375,-16382368256.0,353.0,0.0,0.0,0.0,1.0,1.0
49621140.0,0.0,183.9096221923828,0.0,16.290000915527344,0.0,0.0,0.8437815975733064,0.0,0.0,0.0,5.715753424657534,0.8510963793982662,2415.013671875,-10407375872.0,292.0,0.0,0.0,0.0,1.0,1.0
42527600.0,0.0,183.9096221923828,0.0,15.949999809265137,0.0,0.0,0.8260204081632653,0.0,0.0,0.0,4.891238670694864,0.8302564102564103,2302.72119140625,-8966219264.0,331.0,0.0,0.0,0.0,1.0,1.0
52984396.0,0.0,61.557838439941406,0.0,13.6899995803833,0.0,0.0,0.8439425051334702,0.0,0.0,0.0,5.829787234042553,0.8535825545171339,2327.127685546875,-11062448640.0,282.0,0.0,0.0,0.0,1.0,1.0
30883770.0,0.0,61.557838439941406,0.0,11.979999542236328,0.0,0.0,0.8682328907048008,0.0,0.0,0.0,6.8,0.8717948717948718,2435.574462890625,-6664006400.0,250.0,0.0,0.0,0.0,1.0,1.0
34097804.0,0.0,61.557838439941406,0.0,13.829999923706055,0.0,0.0,0.8538461538461538,0.0,0.0,0.0,6.306818181818182,0.8631415241057543,2308.001708984375,-7281302528.0,264.0,0.0,0.0,0.0,1.0,1.0
31880176.0,0.0,49.820030212402344,0.0,12.970000267028809,0.0,0.0,0.8537084398976982,0.0,0.0,0.0,6.113553113553113,0.8594232749742533,2182.160888671875,-6812611584.0,273.0,0.0,0.0,0.0,1.0,1.0
32611922.0,0.0,49.820030212402344,0.0,14.260000228881836,0.0,0.0,0.8461145194274029,0.0,0.0,0.0,5.827464788732394,0.8535327488396081,2256.09521484375,-6973748480.0,284.0,0.0,0.0,0.0,1.0,1.0
41703636.0,0.0,57.807132720947266,0.0,13.260000228881836,0.0,0.0,0.8646578140960164,0.0,0.0,0.0,6.691699604743083,0.8699897225077081,2032.735595703125,-8747414016.0,253.0,0.0,0.0,0.0,1.0,1.0
21498296.0,0.0,57.807132720947266,0.0,11.300000190734863,0.0,0.0,0.896357106208312,0.0,0.0,0.0,9.05181347150259,0.9005154639175258,2144.7578125,-4728739072.0,193.0,0.0,0.0,0.0,1.0,1.0
28058060.0,0.0,57.807132720947266,0.0,12.550000190734863,0.0,0.0,0.8824130879345603,0.0,0.0,0.0,7.953917050691245,0.8883170355120947,1763.8348388671875,-5964512000.0,217.0,0.0,0.0,0.0,1.0,1.0
16899498.0,0.0,41.51747512817383,0.0,12.279999732971191,0.0,0.0,0.8932926829268293,0.0,0.0,0.0,9.301587301587302,0.9029275808936826,2069.3125,-3793890432.0,189.0,0.0,0.0,0.0,1.0,1.0
14254651.0,0.0,41.51747512817383,0.0,9.890000343322754,0.0,0.0,0.889974293059126,0.0,0.0,0.0,8.655,0.8964267219057483,2160.03662109375,-3283066880.0,200.0,0.0,0.0,0.0,1.0,1.0
24646234.0,0.0,41.51747512817383,0.0,10.899999618530273,0.0,0.0,0.8812691914022518,0.0,0.0,0.0,7.791855203619909,0.8862583633556356,2065.619140625,-5342504192.0,221.0,0.0,0.0,0.0,1.0,1.0
10032020.0,0.0,20.560077667236328,0.0,11.369999885559082,0.0,0.0,0.889739663093415,0.0,0.0,0.0,8.544117647058824,0.8952234206471494,1709.900146484375,-2348514816.0,204.0,0.0,0.0,0.0,1.0,1.0
12013586.0,0.0,20.560077667236328,0.0,9.369999885559082,0.0,0.0,0.9035402770651616,0.0,0.0,0.0,10.358823529411765,0.9119627136198861,1862.996826171875,-2775441024.0,170.0,0.0,0.0,0.0,1.0,1.0
9014145.0,0.0,12.522944450378418,0.0,8.079999923706055,0.0,0.0,0.9043701799485862,0.0,0.0,0.0,10.10919540229885,0.9099844800827729,1941.23681640625,-2191202176.0,174.0,0.0,0.0,0.0,1.0,1.0
14308485.0,0.0,12.522944450378418,0.0,9.609999656677246,0.0,0.0,0.8895140664961637,0.0,0.0,0.0,8.482926829268292,0.8945473251028807,1644.6824951171875,-3190764800.0,205.0,0.0,0.0,0.0,1.0,1.0
20445902.0,0.0,12.522944450378418,0.0,7.75,0.0,0.0,0.9038854805725971,0.0,0.0,0.0,9.767955801104973,0.9071318624935865,1812.4683837890625,-4451801088.0,181.0,0.0,0.0,0.0,1.0,1.0
6407067.5,0.0,11.994772911071777,0.0,8.1899995803833,0.0,0.0,0.9114770972722593,0.0,0.0,0.0,10.668674698795181,0.9143004646360351,1631.71533203125,-1607880640.0,166.0,0.0,0.0,0.0,1.0,1.0
9900025.0,0.0,11.994772911071777,0.0,9.399999618530273,0.0,0.0,0.9078411405295316,0.0,0.0,0.0,10.366279069767442,0.9120204603580563,1817.0694580078125,-2343544064.0,172.0,0.0,0.0,0.0,1.0,1.0
4344234.5,0.0,8.094892501831055,0.0,7.809999942779541,0.0,0.0,0.9354674796747967,0.0,0.0,0.0,15.735042735042734,0.9402451481103167,1978.6651611328125,-1264696512.0,117.0,0.0,0.0,0.0,1.0,1.0
6507389.5,0.0,8.094892501831055,0.0,7.71999979019165,0.0,0.0,0.9265680775114737,0.0,0.0,0.0,12.886524822695035,0.9279877425944841,1773.26416015625,-1656249728.0,141.0,0.0,0.0,0.0,1.0,1.0
4088923.25,0.0,8.094892501831055,0.0,6.320000171661377,0.0,0.0,0.9313675648195221,0.0,0.0,0.0,13.98473282442748,0.9332654100866021,2047.3984375,-1227382784.0,131.0,0.0,0.0,0.0,1.0,1.0
3727503.0,0.0,3.335142135620117,0.0,5.949999809265137,0.0,0.0,0.9220846233230134,0.0,0.0,0.0,12.496503496503497,0.9259067357512953,2012.0797119140625,-1148036800.0,143.0,0.0,0.0,0.0,1.0,1.0
2477718.25,0.0,3.335142135620117,0.0,5.920000076293945,0.0,0.0,0.9441624365482234,0.0,0.0,0.0,18.235294117647058,0.9480122324159022,1789.5032958984375,-853558528.0,102.0,0.0,0.0,0.0,1.0,1.0
4177138.5,0.0,2.5921170711517334,0.0,6.539999961853027,0.0,0.0,0.9263585576434739,0.0,0.0,0.0,14.03076923076923,0.9334698055271239,2020.43115234375,-1239632448.0,130.0,0.0,0.0,0.0,1.0,1.0
1366806.25,0.0,2.5921170711517334,0.0,5.380000114440918,0.0,0.0,0.9402451481103167,0.0,0.0,0.0,16.736363636363638,0.9436186570989237,2447.854736328125,-763047456.0,110.0,0.0,0.0,0.0,1.0,1.0
4757626.0,0.0,2.5921170711517334,0.0,6.929999828338623,0.0,0.0,0.9325842696629213,0.0,0.0,0.0,14.492063492063492,0.9354508196721312,1977.8834228515625,-1347219392.0,126.0,0.0,0.0,0.0,1.0,1.0
1099046.5,0.0,2.238981008529663,0.0,4.96999979019165,0.021997472271323204,0.0,0.939703628002044,0.0,0.0,0.0,16.13157894736842,0.9416282642089093,1903.72021484375,-600668800.0,114.0,0.0,0.0,0.0,1.0,1.0
1902027.625,0.0,2.238981008529663,0.0,6.230000019073486,0.026914972811937332,0.0,0.9300411522633745,0.0,0.0,0.0,13.593984962406015,0.9314786192684184,2249.1884765625,-830362400.0,133.0,0.0,0.0,0.0,1.0,1.0
3170899.75,0.0,2.238981008529663,0.0,6.570000171661377,0.027725469321012497,0.0,0.9493346980552713,0.0,0.0,0.0,19.526315789473685,0.9512820512820512,1770.4512939453125,-988383232.0,95.0,0.0,0.0,0.0,1.0,1.0
4572999.5,0.0,2.238981008529663,0.0,6.059999942779541,0.031187469139695168,0.0,0.922409392547218,0.0,0.0,0.0,13.18978102189781,0.9295267489711934,1968.5328369140625,-1308425984.0,137.0,0.0,0.0,0.0,1.0,1.0
-146959.5625,0.0,2.238981008529663,0.0,4.360000133514404,0.03071233257651329,0.0,0.9396419437340153,0.0,0.0,0.0,15.97391304347826,0.9410860655737705,1844.010498046875,-339526720.0,115.0,0.0,0.0,0.0,1.0,1.0
2358700.5,0.0,2.238981008529663,0.0,6.159999847412109,0.027144262567162514,0.0,0.9369554074833418,0.0,0.0,0.0,15.361344537815127,0.9388803287108372,1920.657470703125,-855987936.0,119.0,0.0,0.0,0.0,1.0,1.0
404806.875,0.0,2.238981008529663,0.0,4.190000057220459,0.02786536142230034,0.0,0.9526476578411406,0.0,0.0,0.0,21.261363636363637,0.955079122001021,1804.33203125,-441939552.0,88.0,0.0,0.0,0.0,1.0,1.0
1599361.125,0.0,2.238981008529663,0.0,4.320000171661377,0.029066001996397972,0.0,0.9426816786079836,0.0,0.0,0.0,16.89908256880734,0.9441312147616607,1712.0155029296875,-662390560.0,109.0,0.0,0.0,0.0,1.0,1.0
1268110.0,0.0,2.238981008529663,0.0,4.460000038146973,0.032032012939453125,0.0,0.9630379746835444,0.0,0.0,0.0,26.416666666666668,0.9635258358662614,1611.556396484375,-576042976.0,72.0,0.0,0.0,0.0,1.0,1.0
1730761.75,0.0,2.238981008529663,0.0,5.329999923706055,0.029431801289319992,0.0,0.9427987742594485,0.0,0.0,0.0,18.277227722772277,0.9481253210066769,1904.310546875,-727128160.0,101.0,0.0,0.0,0.0,1.0,1.0
914083.6875,0.0,2.238981008529663,0.0,4.449999809265137,0.02769770659506321,0.0,0.9327470253491982,0.0,0.0,0.0,13.976744186046512,0.9332298136645962,1937.18603515625,-570371904.0,129.0,0.0,0.0,0.0,1.0,1.0
1622710.875,0.0,2.238981008529663,0.0,4.519999980926514,0.032524604350328445,0.0,0.9521384928716904,0.0,0.0,0.0,20.54945054945055,0.9535951045385007,1666.9288330078125,-658040736.0,91.0,0.0,0.0,0.0,1.0,1.0
2084658.375,0.0,2.238981008529663,0.0,5.96999979019165,0.026316707953810692,0.0,0.9408493427704753,0.0,0.0,0.0,16.04310344827586,0.9413252402630248,1727.5245361328125,-762553536.0,116.0,0.0,0.0,0.0,1.0,1.0
2648212.75,0.0,2.238981008529663,0.0,6.150000095367432,0.02886074408888817,0.0,0.9339477726574501,0.0,0.0,0.0,15.327731092436975,0.9387545033453423,2068.249267578125,-943409312.0,119.0,0.0,0.0,0.0,1.0,1.0
102542.796875,0.0,2.238981008529663,0.0,4.440000057220459,0.0303232129663229,0.0,0.944557477110885,0.0,0.0,0.0,17.685714285714287,0.9464831804281345,1989.47998046875,-418519024.0,105.0,0.0,0.0,0.0,1.0,1.0
17355.01953125,0.0,2.238981008529663,0.0,3.880000114440918,0.028243670240044594,0.0,0.9480986639260021,0.0,0.0,0.0,18.45,0.9485861182519281,1832.7158203125,-370127824.0,100.0,0.0,0.0,0.0,1.0,1.0
1596847.25,0.0,2.238981008529663,0.0,5.46999979019165,0.026745831593871117,0.0,0.9423368740515933,0.0,0.0,0.0,18.445544554455445,0.9485743380855397,1540.5118408203125,-627585760.0,101.0,0.0,0.0,0.0,1.0,1.0
2059409.125,0.0,2.238981008529663,0.0,5.210000038146973,0.026236455887556076,0.0,0.9551706571574121,0.0,0.0,0.0,21.802325581395348,0.9561448240693524,1655.59033203125,-743112224.0,86.0,0.0,0.0,0.0,1.0,1.0
449229.59375,0.0,2.238981008529663,0.0,4.940000057220459,0.02932680770754814,0.0,0.9471276054905948,0.0,0.0,0.0,18.818181818181817,0.9495412844036697,1813.4884033203125,-452657600.0,99.0,0.0,0.0,0.0,1.0,1.0
2369673.5,0.0,2.238981008529663,0.0,5.28000020980835,0.02916199341416359,0.0,0.951530612244898,0.0,0.0,0.0,19.840425531914892,0.9520163348647269,1812.743896484375,-836596288.0,94.0,0.0,0.0,0.0,1.0,1.0
985919.6875,0.0,2.238981008529663,0.0,4.179999828338623,0.02757662534713745,0.0,0.95470737913486,0.0,0.0,0.0,22.070588235294117,0.9566547679755227,1673.81787109375,-532058880.0,85.0,0.0,0.0,0.0,1.0,1.0
1070570.5,0.0,2.238981008529663,0.0,5.050000190734863,0.028381934389472008,0.0,0.9379168804515136,0.0,0.0,0.0,17.245283018867923,0.9451913133402275,2133.908447265625,-641010176.0,106.0,0.0,0.0,0.0,1.0,1.0
1432768.0,0.0,2.238981008529663,0.0,5.329999923706055,0.02635416015982628,0.0,0.944416114227435,0.0,0.0,0.0,17.807692307692307,0.9468302658486708,1628.7060546875,-612409248.0,104.0,0.0,0.0,0.0,1.0,1.0
1937411.0,0.0,2.238981008529663,0.0,5.630000114440918,0.025731971487402916,0.0,0.9344598054275474,0.0,0.0,0.0,14.83739837398374,0.936858316221766,2045.0289306640625,-796605888.0,123.0,0.0,0.0,0.0,1.0,1.0
137686.8125,0.0,2.238981008529663,0.0,4.909999847412109,0.027598118409514427,0.0,0.9425346331452027,0.0,0.0,0.0,17.330188679245282,0.9454451878538342,1978.6202392578125,-423376032.0,106.0,0.0,0.0,0.0,1.0,1.0
2544363.25,0.0,2.238981008529663,0.0,6.539999961853027,0.029527317732572556,0.0,0.9379766141331978,0.0,0.0,0.0,15.24793388429752,0.9384537131230926,1802.091552734375,-869408192.0,121.0,0.0,0.0,0.0,1.0,1.0
1932230.125,0.0,2.238981008529663,0.0,5.099999904632568,0.0258261077105999,0.0,0.9352850539291218,0.0,0.0,0.0,14.804878048780488,0.9367283950617284,2024.3140869140625,-791426560.0,123.0,0.0,0.0,0.0,1.0,1.0
353164.8125,0.0,2.238981008529663,0.0,4.039999961853027,0.027175813913345337,0.0,0.9530851606323304,0.0,0.0,0.0,21.0,0.9545454545454546,2165.88671875,-503922416.0,89.0,0.0,0.0,0.0,1.0,1.0
1111524.75,0.0,2.238981008529663,0.0,4.190000057220459,0.02714327909052372,0.0,0.9505102040816327,0.0,0.0,0.0,20.7,0.9539170506912442,1565.4779052734375,-535512672.0,90.0,0.0,0.0,0.0,1.0,1.0
2827274.0,0.0,2.238981008529663,0.0,6.199999809265137,0.02912273444235325,0.0,0.942986881937437,0.0,0.0,0.0,17.305555555555557,0.9453717754172989,1804.8494873046875,-926539936.0,108.0,0.0,0.0,0.0,1.0,1.0
1930937.625,0.0,2.238981008529663,0.0,6.650000095367432,0.028157155960798264,0.0,0.9376899696048632,0.0,0.0,0.0,15.425,0.939117199391172,2005.071533203125,-787320160.0,120.0,0.0,0.0,0.0,1.0,1.0
642815.6875,0.0,2.238981008529663,0.0,4.0,0.024477478116750717,0.0,0.9493087557603687,0.0,0.0,0.0,19.11340206185567,0.9502819067145054,1931.9580078125,-515068224.0,97.0,0.0,0.0,0.0,1.0,1.0
1982003.5,0.0,2.238981008529663,0.0,4.909999847412109,0.025485102087259293,0.0,0.9444444444444444,0.0,0.0,0.0,17.64761904761905,0.9463738508682329,1968.4329833984375,-790201888.0,105.0,0.0,0.0,0.0,1.0,1.0
1359433.875,0.0,2.238981008529663,0.0,4.900000095367432,0.023010486736893654,0.0,0.9442455242966752,0.0,0.0,0.0,17.75,0.9466666666666667,2046.30224609375,-681261856.0,104.0,0.0,0.0,0.0,1.0,1.0
2793053.0,0.0,2.238981008529663,0.0,5.570000171661377,0.02480384334921837,0.0,0.9383910386965377,0.0,0.0,0.0,15.887931034482758,0.9407861153649821,2132.1298828125,-985153312.0,116.0,0.0,0.0,0.0,1.0,1.0
579437.25,0.0,2.238981008529663,0.0,4.760000228881836,0.023530088365077972,0.0,0.9561448240693524,0.0,0.0,0.0,22.865853658536587,0.9580991313234543,1885.215087890625,-493041408.0,82.0,0.0,0.0,0.0,1.0,1.0
1831396.125,0.0,2.238981008529663,0.0,4.559999942779541,0.02667069435119629,0.0,0.9507864028411973,0.0,0.0,0.0,20.150537634408604,0.9527198779867819,1957.0272216796875,-757797472.0,93.0,0.0,0.0,0.0,1.0,1.0
-584197.0625,0.0,2.238981008529663,0.0,4.449999809265137,0.02470538392663002,0.0,0.9541518084564442,0.0,0.0,0.0,21.77906976744186,0.9561000510464522,2144.754638671875,-312223408.0,86.0,0.0,0.0,0.0,1.0,1.0
941191.6875,0.0,2.238981008529663,0.0,4.980000019073486,0.02219424769282341,0.0,0.9345268542199489,0.0,0.0,0.0,14.733870967741936,0.9364428498206048,1724.824951171875,-533320752.0,124.0,0.0,0.0,0.0,1.0,1.0
916143.1875,0.0,2.238981008529663,0.0,3.700000047683716,0.02828846499323845,0.0,0.961577350859454,0.0,0.0,0.0,26.416666666666668,0.9635258358662614,1921.5328369140625,-567644960.0,72.0,0.0,0.0,0.0,1.0,1.0
459160.96875,0.0,2.238981008529663,0.0,5.079999923706055,0.025535056367516518,0.0,0.9464558898521163,0.0,0.0,0.0,17.846153846153847,0.9469387755102041,2067.714111328125,-505489488.0,104.0,0.0,0.0,0.0,1.0,1.0
1385945.75,0.0,2.238981008529663,0.0,6.170000076293945,0.027514979243278503,0.0,0.9453993933265925,0.0,0.0,0.0,19.479166666666668,0.9511698880976602,1819.373779296875,-641177664.0,96.0,0.0,0.0,0.0,1.0,1.0
319116.75,0.0,2.238981008529663,0.0,5.25,0.02869413234293461,0.0,0.9449821701477331,0.0,0.0,0.0,17.83653846153846,0.9469116896375702,2022.6331787109375,-468464512.0,104.0,0.0,0.0,0.0,1.0,1.0
1555740.0,0.0,2.238981008529663,0.0,4.789999961853027,0.027074258774518967,0.0,0.944416114227435,0.0,0.0,0.0,17.30841121495327,0.9453802960694232,1729.0352783203125,-657069728.0,107.0,0.0,0.0,0.0,1.0,1.0
1100235.0,0.0,2.238981008529663,0.0,4.840000152587891,0.027609627693891525,0.0,0.9463019250253293,0.0,0.0,0.0,18.313725490196077,0.9482233502538071,2196.41796875,-659444832.0,102.0,0.0,0.0,0.0,1.0,1.0
-56995.83984375,0.0,2.238981008529663,0.0,4.050000190734863,0.02515421248972416,0.0,0.9500254971953085,0.0,0.0,0.0,20.93258426966292,0.954405737704918,1832.71923828125,-355256624.0,89.0,0.0,0.0,0.0,1.0,1.0
1496098.875,0.0,2.238981008529663,0.0,4.170000076293945,0.028756391257047653,0.0,0.9457800511508951,0.0,0.0,0.0,18.127450980392158,0.9477191184008201,1943.4718017578125,-688028224.0,102.0,0.0,0.0,0.0,1.0,1.0
1207062.5,0.0,2.238981008529663,0.0,5.679999828338623,0.026514429599046707,0.0,0.9486527707168276,0.0,0.0,0.0,20.06451612903226,0.9525267993874426,1859.891357421875,-613503648.0,93.0,0.0,0.0,0.0,1.0,1.0
1124553.625,0.0,2.238981008529663,0.0,5.690000057220459,0.024438228458166122,0.0,0.9425641025641026,0.0,0.0,0.0,17.01851851851852,0.9445015416238438,1776.81396484375,-580388480.0,108.0,0.0,0.0,0.0,1.0,1.0
2020999.0,0.0,2.238981008529663,0.0,5.920000076293945,0.025666948407888412,0.0,0.9246332827516439,0.0,0.0,0.0,13.954198473282442,0.933129147524247,1798.784423828125,-764076672.0,131.0,0.0,0.0,0.0,1.0,1.0
399053.6875,0.0,2.238981008529663,0.0,3.9100000858306885,0.029809286817908287,0.0,0.9568527918781726,0.0,0.0,0.0,24.48051948051948,0.9607543323139653,1721.9342041015625,-424308096.0,77.0,0.0,0.0,0.0,1.0,1.0
1766084.75,0.0,2.238981008529663,0.0,5.869999885559082,0.028212040662765503,0.0,0.936289500509684,0.0,0.0,0.0,15.97391304347826,0.9410860655737705,1813.2037353515625,-715974848.0,115.0,0.0,0.0,0.0,1.0,1.0
1773789.25,0.0,2.238981008529663,0.0,4.650000095367432,0.029547881335020065,0.0,0.9364754098360656,0.0,0.0,0.0,15.107438016528926,0.9379168804515136,1705.94482421875,-696063808.0,121.0,0.0,0.0,0.0,1.0,1.0
1085496.5,0.0,2.238981008529663,0.0,4.21999979019165,0.02600281871855259,0.0,0.954638124362895,0.0,0.0,0.0,21.77906976744186,0.9561000510464522,1542.5850830078125,-525728176.0,86.0,0.0,0.0,0.0,1.0,1.0
287843.96875,0.0,2.238981008529663,0.0,4.0,0.0270063616335392,0.0,0.9583756345177665,0.0,0.0,0.0,24.205128205128204,0.960325534079349,1747.7322998046875,-407225808.0,78.0,0.0,0.0,0.0,1.0,1.0
406553.3125,0.0,2.238981008529663,0.0,4.610000133514404,0.024761846289038658,0.0,0.9401840490797546,0.0,0.0,0.0,16.419642857142858,0.9425935417734496,1460.04736328125,-373435440.0,112.0,0.0,0.0,0.0,1.0,1.0
1449352.5,0.0,2.238981008529663,0.0,5.760000228881836,0.025874296203255653,0.0,0.9424936386768448,0.0,0.0,0.0,16.535714285714285,0.9429735234215886,1733.3026123046875,-636646848.0,112.0,0.0,0.0,0.0,1.0,1.0
699760.9375,0.0,2.238981008529663,0.0,4.559999942779541,0.02438926324248314,0.0,0.9472081218274112,0.0,0.0,0.0,18.66,0.9491353001017294,1706.5772705078125,-481381520.0,100.0,0.0,0.0,0.0,1.0,1.0
2119529.5,0.0,2.238981008529663,0.0,5.389999866485596,0.025849798694252968,0.0,0.9233539094650206,0.0,0.0,0.0,13.395522388059701,0.9305339554173147,1891.8076171875,-802386464.0,134.0,0.0,0.0,0.0,1.0,1.0
1616871.375,0.0,2.238981008529663,0.0,5.099999904632568,0.028324376791715622,0.0,0.9531090723751274,0.0,0.0,0.0,21.25,0.9550561797752809,1723.7220458984375,-668230592.0,88.0,0.0,0.0,0.0,1.0,1.0
2235579.5,0.0,2.238981008529663,0.0,4.019999980926514,0.028401440009474754,0.0,0.943031536113937,0.0,0.0,0.0,17.166666666666668,0.944954128440367,1756.346435546875,-798500000.0,108.0,0.0,0.0,0.0,1.0,1.0
182667.515625,0.0,2.238981008529663,0.0,3.430000066757202,0.024748193100094795,0.0,0.9582484725050916,0.0,0.0,0.0,24.441558441558442,0.9606942317508933,1979.79248046875,-432602288.0,77.0,0.0,0.0,0.0,1.0,1.0
1324692.0,0.0,2.238981008529663,0.0,5.179999828338623,0.026256147772073746,0.0,0.9364102564102564,0.0,0.0,0.0,15.090909090909092,0.9378531073446328,1807.3031005859375,-626516000.0,121.0,0.0,0.0,0.0,1.0,1.0
803988.8125,0.0,2.238981008529663,0.0,3.450000047683716,0.022326644510030746,0.0,0.9467485919098823,0.0,0.0,0.0,18.306930693069308,0.9482051282051283,2059.281494140625,-572767776.0,101.0,0.0,0.0,0.0,1.0,1.0
2248327.0,0.0,2.238981008529663,0.0,6.929999828338623,0.027307679876685143,0.0,0.9389002036659878,0.0,0.0,0.0,15.760683760683762,0.9403365629780724,1726.43408203125,-795069504.0,117.0,0.0,0.0,0.0,1.0,1.0
824841.125,0.0,2.238981008529663,0.0,3.9000000953674316,0.02619767189025879,0.0,0.943762781186094,0.0,0.0,0.0,17.41509433962264,0.9456967213114754,1467.274169921875,-458537552.0,106.0,0.0,0.0,0.0,1.0,1.0
-62118.078125,0.0,2.238981008529663,0.0,4.050000190734863,0.024294111877679825,0.0,0.9635443037974684,0.0,0.0,0.0,28.402985074626866,0.965989847715736,2046.1971435546875,-396924880.0,67.0,0.0,0.0,0.0,1.0,1.0
1438402.125,0.0,2.238981008529663,0.0,6.869999885559082,0.02582293376326561,0.0,0.9330608073582013,0.0,0.0,0.0,14.377952755905511,0.9349718381976446,1868.6376953125,-661526592.0,127.0,0.0,0.0,0.0,1.0,1.0
-398736.03125,0.0,2.238981008529663,0.0,3.890000104904175,0.022961487993597984,0.0,0.9531329597554763,0.0,0.0,0.0,21.02247191011236,0.9545918367346938,1898.97802734375,-300160512.0,89.0,0.0,0.0,0.0,1.0,1.0
1931720.5,0.0,2.238981008529663,0.0,5.320000171661377,0.02549954690039158,0.0,0.925,0.0,0.0,0.0,12.858156028368795,0.9278403275332651,1940.3648681640625,-774538080.0,141.0,0.0,0.0,0.0,1.0,1.0
882615.1875,0.0,2.238981008529663,0.0,5.789999961853027,0.02849024534225464,0.0,0.9424057084607543,0.0,0.0,0.0,16.36283185840708,0.9424057084607543,1530.7545166015625,-482790832.0,113.0,0.0,0.0,0.0,1.0,1.0
2508121.0,0.0,2.238981008529663,0.0,5.449999809265137,0.02457733452320099,0.0,0.9300306435137896,0.0,0.0,0.0,13.389705882352942,0.9305058763413387,1748.634521484375,-851470752.0,136.0,0.0,0.0,0.0,1.0,1.0
1042086.5625,0.0,2.238981008529663,0.0,4.760000228881836,0.02597310021519661,0.0,0.9298515104966718,0.0,0.0,0.0,14.077519379844961,0.9336760925449872,1799.7303466796875,-568481408.0,129.0,0.0,0.0,0.0,1.0,1.0
-97953.203125,0.0,2.238981008529663,0.0,3.9800000190734863,0.024655498564243317,0.0,0.9390368852459017,0.0,0.0,0.0,16.513513513513512,0.9429012345679012,1914.13671875,-363351888.0,111.0,0.0,0.0,0.0,1.0,1.0
610701.25,0.0,2.238981008529663,0.0,4.659999847412109,0.02630799449980259,0.0,0.9357798165137615,0.0,0.0,0.0,14.806451612903226,0.936734693877551,1825.7685546875,-487412192.0,124.0,0.0,0.0,0.0,1.0,1.0
3483776.0,0.0,2.238981008529663,0.0,6.150000095367432,0.028681397438049316,0.0,0.9346938775510204,0.0,0.0,0.0,15.01639344262295,0.9375639713408394,1815.5716552734375,-1059986944.0,122.0,0.0,0.0,0.0,1.0,1.0
531675.3125,0.0,2.238981008529663,0.0,4.099999904632568,0.023437829688191414,0.0,0.9455193482688391,0.0,0.0,0.0,18.205882352941178,0.9479326186830015,1695.630615234375,-445576208.0,102.0,0.0,0.0,0.0,1.0,1.0
1953468.0,0.0,2.238981008529663,0.0,5.619999885559082,0.022560004144906998,0.0,0.9318066157760814,0.0,0.0,0.0,13.871212121212121,0.9327559857361182,1719.719482421875,-734756640.0,132.0,0.0,0.0,0.0,1.0,1.0
1765873.125,0.0,2.238981008529663,0.0,4.679999828338623,0.027583247050642967,0.0,0.960325534079349,0.0,0.0,0.0,26.97142857142857,0.9642492339121552,1792.707275390625,-711825408.0,70.0,0.0,0.0,0.0,1.0,1.0
737001.0625,0.0,2.238981008529663,0.0,5.199999809265137,0.023541580885648727,0.0,0.9311053984575836,0.0,0.0,0.0,13.61654135338346,0.9315843621399177,2027.31396484375,-552981920.0,133.0,0.0,0.0,0.0,1.0,1.0
661503.9375,0.0,2.238981008529663,0.0,5.489999771118164,0.026565223932266235,0.0,0.9506863243518048,0.0,0.0,0.0,20.32608695652174,0.9531090723751274,1871.2520751953125,-506663616.0,92.0,0.0,0.0,0.0,1.0,1.0
2181609.0,0.0,2.238981008529663,0.0,5.0,0.029044702649116516,0.0,0.9385875127942682,0.0,0.0,0.0,16.23008849557522,0.9419619928094505,1918.93017578125,-820224256.0,113.0,0.0,0.0,0.0,1.0,1.0
2134945.5,0.0,2.238981008529663,0.0,4.670000076293945,0.024431198835372925,0.0,0.9403973509933775,0.0,0.0,0.0,16.19298245614035,0.9418367346938775,1873.5670166015625,-801818400.0,114.0,0.0,0.0,0.0,1.0,1.0
1124919.125,0.0,2.238981008529663,0.0,5.289999961853027,0.025814926251769066,0.0,0.9509357612544259,0.0,0.0,0.0,20.65934065934066,0.9538305428716387,1855.8406982421875,-596264448.0,91.0,0.0,0.0,0.0,1.0,1.0
-330975.53125,0.0,2.238981008529663,0.0,4.059999942779541,0.02343217469751835,0.0,0.9453244762391415,0.0,0.0,0.0,17.78846153846154,0.946775844421699,1906.118408203125,-315142880.0,104.0,0.0,0.0,0.0,1.0,1.0
519139.25,0.0,2.238981008529663,0.0,4.139999866485596,0.027251625433564186,0.0,0.9494183105715731,0.0,0.0,0.0,20.626373626373628,0.953760162601626,1927.5230712890625,-489445072.0,91.0,0.0,0.0,0.0,1.0,1.0
-649274.4375,0.0,2.238981008529663,0.0,3.2699999809265137,0.02672027423977852,0.0,0.9588832487309644,0.0,0.0,0.0,24.532467532467532,0.9608341810783316,2181.4443359375,-306544224.0,77.0,0.0,0.0,0.0,1.0,1.0
4170407.75,0.0,2.238981008529663,0.0,6.25,0.02650776132941246,0.0,0.9314227226202662,0.0,0.0,0.0,13.68421052631579,0.931899641577061,1819.850830078125,-1198170368.0,133.0,0.0,0.0,0.0,1.0,1.0
1399372.125,0.0,2.238981008529663,0.0,5.940000057220459,0.027379896491765976,0.0,0.9306476287608363,0.0,0.0,0.0,13.721804511278195,0.932073544433095,1946.58935546875,-669311552.0,133.0,0.0,0.0,0.0,1.0,1.0
3445791.0,0.0,2.238981008529663,0.0,5.440000057220459,0.028777167201042175,0.0,0.9433384379785605,0.0,0.0,0.0,17.941747572815533,0.9472065607380831,1719.3895263671875,-1033150304.0,103.0,0.0,0.0,0.0,1.0,1.0
1033373.5,0.0,2.238981008529663,0.0,5.079999923706055,0.029688041657209396,0.0,0.942769545222279,0.0,0.0,0.0,17.40566037735849,0.9456688877498719,1867.044189453125,-580198432.0,106.0,0.0,0.0,0.0,1.0,1.0
-283191.125,0.0,2.238981008529663,0.0,3.890000104904175,0.024338621646165848,0.0,0.9439633214467652,0.0,0.0,0.0,17.4811320754717,0.9458907605921388,1783.5458984375,-300186016.0,106.0,0.0,0.0,0.0,1.0,1.0
962966.1875,0.0,2.238981008529663,0.0,3.859999895095825,0.029185926541686058,0.0,0.9448416751787538,0.0,0.0,0.0,17.78846153846154,0.946775844421699,1728.4263916015625,-538392896.0,104.0,0.0,0.0,0.0,1.0,1.0
-181034.40625,0.0,2.238981008529663,0.0,3.930000066757202,0.024963725358247757,0.0,0.9496439471007121,0.0,0.0,0.0,19.24742268041237,0.9506109979633401,1901.542724609375,-344214880.0,97.0,0.0,0.0,0.0,1.0,1.0
374196.25,0.0,2.238981008529663,0.0,4.96999979019165,0.02628917433321476,0.0,0.9269662921348315,0.0,0.0,0.0,12.964285714285714,0.928388746803069,1762.5318603515625,-427466864.0,140.0,0.0,0.0,0.0,1.0,1.0
1689636.625,0.0,2.238981008529663,0.0,4.639999866485596,0.026862720027565956,0.0,0.928644240570846,0.0,0.0,0.0,14.124031007751938,0.9338800615069195,1704.4617919921875,-678939872.0,129.0,0.0,0.0,0.0,1.0,1.0
1880772.75,0.0,2.238981008529663,0.0,4.909999847412109,0.023875068873167038,0.0,0.9375951293759512,0.0,0.0,0.0,16.069565217391304,0.9414161996943454,1748.297607421875,-725930016.0,115.0,0.0,0.0,0.0,1.0,1.0
646891.6875,0.0,2.238981008529663,0.0,4.630000114440918,0.025985723361372948,0.0,0.9389312977099237,0.0,0.0,0.0,15.76923076923077,0.9403669724770642,1663.951416015625,-462285264.0,117.0,0.0,0.0,0.0,1.0,1.0
1369723.625,0.0,2.238981008529663,0.0,4.460000038146973,0.024977270513772964,0.0,0.9445010183299389,0.0,0.0,0.0,18.928571428571427,0.9498207885304659,1605.661865234375,-595190464.0,98.0,0.0,0.0,0.0,1.0,1.0
761851.1875,0.0,2.238981008529663,0.0,4.710000038146973,0.028462577611207962,0.0,0.9418016194331984,0.0,0.0,0.0,16.918181818181818,0.9441907661085743,2002.45361328125,-552977024.0,110.0,0.0,0.0,0.0,1.0,1.0
2708956.5,0.0,2.238981008529663,0.0,6.429999828338623,0.024281341582536697,0.0,0.9341164453524005,0.0,0.0,0.0,15.5,0.9393939393939394,1494.3587646484375,-840780032.0,118.0,0.0,0.0,0.0,1.0,1.0
1322770.125,0.0,2.238981008529663,0.0,4.599999904632568,0.02963101491332054,0.0,0.9489795918367347,0.0,0.0,0.0,19.375,0.950920245398773,2092.927490234375,-683252544.0,96.0,0.0,0.0,0.0,1.0,1.0
2038308.625,0.0,2.238981008529663,0.0,5.329999923706055,0.02392232045531273,0.0,0.941683569979716,0.0,0.0,0.0,17.85576923076923,0.9469658337582866,1868.4422607421875,-781464736.0,104.0,0.0,0.0,0.0,1.0,1.0
885744.8125,0.0,2.238981008529663,0.0,5.050000190734863,0.028786882758140564,0.0,0.9400711020822753,0.0,0.0,0.0,15.956896551724139,0.9410269445856635,1958.977294921875,-569060480.0,116.0,0.0,0.0,0.0,1.0,1.0
968642.1875,0.0,2.238981008529663,0.0,4.849999904632568,0.028282802551984787,0.0,0.9423469387755102,0.0,0.0,0.0,16.491071428571427,0.9428279734558448,1898.5987548828125,-573564544.0,112.0,0.0,0.0,0.0,1.0,1.0
38696.71875,0.0,2.238981008529663,0.0,3.5899999141693115,0.02272338606417179,0.0,0.9547304170905392,0.0,0.0,0.0,22.345238095238095,0.957164711881693,1749.8165283203125,-357814032.0,84.0,0.0,0.0,0.0,1.0,1.0
180514.15625,0.0,2.238981008529663,0.0,4.139999866485596,0.022287074476480484,0.0,0.9396728016359919,0.0,0.0,0.0,16.12280701754386,0.9415983606557377,1780.1029052734375,-392239328.0,114.0,0.0,0.0,0.0,1.0,1.0
-815406.25,0.0,2.238981008529663,0.0,3.700000047683716,0.02484174817800522,0.0,0.9471794871794872,0.0,0.0,0.0,18.846938775510203,0.9496143958868895,1772.1080322265625,-191453472.0,98.0,0.0,0.0,0.0,1.0,1.0
300082.6875,0.0,2.238981008529663,0.0,3.690000057220459,0.02263535186648369,0.0,0.9614799797263052,0.0,0.0,0.0,26.718309859154928,0.9639227642276422,1726.1875,-405363520.0,71.0,0.0,0.0,0.0,1.0,1.0
1403663.625,0.0,2.238981008529663,0.0,5.159999847412109,0.024596069008111954,0.0,0.9370199692780338,0.0,0.0,0.0,16.05263157894737,0.941358024691358,1579.356689453125,-596720416.0,114.0,0.0,0.0,0.0,1.0,1.0
482377.4375,0.0,2.238981008529663,0.0,5.460000038146973,0.026652831584215164,0.0,0.9522842639593908,0.0,0.0,0.0,21.813953488372093,0.9561671763506626,1902.9410400390625,-477175680.0,86.0,0.0,0.0,0.0,1.0,1.0
-815244.0,0.0,2.238981008529663,0.0,2.9700000286102295,0.027150187641382217,0.0,0.9520897043832823,0.0,0.0,0.0,20.086021505376344,0.9525752167261601,2002.6485595703125,-237593576.0,93.0,0.0,0.0,0.0,1.0,1.0
653932.75,0.0,2.238981008529663,0.0,5.730000019073486,0.0239181537181139,0.0,0.9458907605921388,0.0,0.0,0.0,17.990291262135923,0.9473415132924335,1650.2987060546875,-460960672.0,103.0,0.0,0.0,0.0,1.0,1.0
546076.0,0.0,2.238981008529663,0.0,5.059999942779541,0.023961663246154785,0.0,0.9500254971953085,0.0,0.0,0.0,20.032258064516128,0.9524539877300614,1956.50390625,-500628672.0,93.0,0.0,0.0,0.0,1.0,1.0
1263544.375,0.0,2.238981008529663,0.0,5.449999809265137,0.028196390718221664,0.0,0.939918533604888,0.0,0.0,0.0,16.19298245614035,0.9418367346938775,1767.499267578125,-606324736.0,114.0,0.0,0.0,0.0,1.0,1.0
2923509.0,0.0,2.238981008529663,0.0,6.739999771118164,0.02796190418303013,0.0,0.9070005109862034,0.0,0.0,0.0,10.142857142857142,0.9102564102564102,1790.8133544921875,-942991424.0,175.0,0.0,0.0,0.0,1.0,1.0
-160075.125,0.0,2.238981008529663,0.0,4.300000190734863,0.024027498438954353,0.0,0.9441312147616607,0.0,0.0,0.0,17.055555555555557,0.9446153846153846,2147.22021484375,-397544000.0,108.0,0.0,0.0,0.0,1.0,1.0
2240633.75,0.0,2.238981008529663,0.0,5.329999923706055,0.022640956565737724,0.0,0.9354838709677419,0.0,0.0,0.0,15.75,0.9402985074626866,1673.7998046875,-783002816.0,116.0,0.0,0.0,0.0,1.0,1.0
43638.71875,0.0,2.238981008529663,0.0,5.210000038146973,0.027821838855743408,0.0,0.9402451481103167,0.0,0.0,0.0,16.4375,0.942652329749104,1972.7164306640625,-403387040.0,112.0,0.0,0.0,0.0,1.0,1.0
1345493.0,0.0,2.238981008529663,0.0,5.539999961853027,0.024168288335204124,0.0,0.9388067312595615,0.0,0.0,0.0,15.601694915254237,0.9397651863195507,1819.6561279296875,-633146880.0,118.0,0.0,0.0,0.0,1.0,1.0
-806931.8125,0.0,2.238981008529663,0.0,3.450000047683716,0.022015981376171112,0.0,0.9487967229902714,0.0,0.0,0.0,19.103092783505154,0.9502564102564103,1947.83642578125,-228294232.0,97.0,0.0,0.0,0.0,1.0,1.0
943396.0625,0.0,2.238981008529663,0.0,4.599999904632568,0.025192763656377792,0.0,0.9299691040164778,0.0,0.0,0.0,13.786259541984732,0.9323696437790397,2090.8388671875,-606965792.0,131.0,0.0,0.0,0.0,1.0,1.0
3627168.25,0.0,2.238981008529663,0.0,5.019999980926514,0.02455713041126728,0.0,0.9461382113821138,0.0,0.0,0.0,17.903846153846153,0.9471007121057986,1488.9979248046875,-1023347584.0,104.0,0.0,0.0,0.0,1.0,1.0
463309.90625,0.0,2.238981008529663,0.0,3.430000066757202,0.025843029841780663,0.0,0.9514314928425358,0.0,0.0,0.0,20.010752688172044,0.9524053224155579,1837.1304931640625,-460200544.0,93.0,0.0,0.0,0.0,1.0,1.0
1868059.25,0.0,2.238981008529663,0.0,4.949999809265137,0.026370638981461525,0.0,0.949238578680203,0.0,0.0,0.0,19.278350515463917,0.9506863243518048,1640.0811767578125,-701741344.0,97.0,0.0,0.0,0.0,1.0,1.0
-101483.6796875,0.0,2.238981008529663,0.0,4.440000057220459,0.02422974444925785,0.0,0.9489535477284329,0.0,0.0,0.0,19.164948453608247,0.9504089979550102,1767.810791015625,-333378816.0,97.0,0.0,0.0,0.0,1.0,1.0
1047719.5,0.0,2.238981008529663,0.0,5.019999980926514,0.02717108651995659,0.0,0.9279093717816684,0.0,0.0,0.0,13.548872180451127,0.931266149870801,1934.54443359375,-596571904.0,133.0,0.0,0.0,0.0,1.0,1.0
672317.125,0.0,2.238981008529663,0.0,4.849999904632568,0.030168931931257248,0.0,0.9438489025012762,0.0,0.0,0.0,17.2803738317757,0.9452965235173824,1749.892578125,-484557280.0,107.0,0.0,0.0,0.0,1.0,1.0
-536698.9375,0.0,2.238981008529663,0.0,3.869999885559082,0.02650863490998745,0.0,0.9563894523326572,0.0,0.0,0.0,24.493506493506494,0.9607743250127356,2364.3564453125,-365642240.0,77.0,0.0,0.0,0.0,1.0,1.0
936748.875,0.0,2.238981008529663,0.0,4.619999885559082,0.026264796033501625,0.0,0.9426229508196722,0.0,0.0,0.0,16.727272727272727,0.9435897435897436,1953.1982421875,-578104416.0,110.0,0.0,0.0,0.0,1.0,1.0
1695935.625,0.0,2.238981008529663,0.0,5.699999809265137,0.02315344288945198,0.0,0.9403973509933775,0.0,0.0,0.0,15.913793103448276,0.9408766564729868,1714.90869140625,-682285056.0,116.0,0.0,0.0,0.0,1.0,1.0
2894194.0,0.0,2.238981008529663,0.0,5.369999885559082,0.025676453486084938,0.0,0.9366377107818089,0.0,0.0,0.0,15.939130434782609,0.9409650924024641,1800.694091796875,-939093376.0,115.0,0.0,0.0,0.0,1.0,1.0
531047.75,0.0,2.238981008529663,0.0,3.8399999141693115,0.021494276821613312,0.0,0.938501291989664,0.0,0.0,0.0,15.389830508474576,0.9389865563598759,2031.5621337890625,-512638336.0,118.0,0.0,0.0,0.0,1.0,1.0
-876606.3125,0.0,2.238981008529663,0.0,3.200000047683716,0.030872344970703125,0.0,0.9509954058192955,0.0,0.0,0.0,19.40625,0.9509954058192955,2146.43896484375,-254079528.0,96.0,0.0,0.0,0.0,1.0,1.0
-447066.0,0.0,2.238981008529663,0.0,3.5199999809265137,0.03002156876027584,0.0,0.93900563813429,0.0,0.0,0.0,15.525423728813559,0.9394871794871795,2055.59033203125,-321821440.0,118.0,0.0,0.0,0.0,1.0,1.0
1531172.125,0.0,2.238981008529663,0.0,5.639999866485596,0.025488588958978653,0.0,0.9415650406504065,0.0,0.0,0.0,18.346534653465348,0.9483111566018424,1925.20458984375,-691389024.0,101.0,0.0,0.0,0.0,1.0,1.0
904322.75,0.0,2.238981008529663,0.0,4.159999847412109,0.026179417967796326,0.0,0.9441025641025641,0.0,0.0,0.0,17.046296296296298,0.9445869676757311,1818.153564453125,-544610496.0,108.0,0.0,0.0,0.0,1.0,1.0
-656878.9375,0.0,2.238981008529663,0.0,4.159999847412109,0.02341703325510025,0.0,0.9453524004085802,0.0,0.0,0.0,17.62857142857143,0.946319018404908,1928.1571044921875,-254370008.0,105.0,0.0,0.0,0.0,1.0,1.0
-61551.37890625,0.0,2.238981008529663,0.0,3.9700000286102295,0.025619572028517723,0.0,0.9517031011692934,0.0,0.0,0.0,21.03370786516854,0.9546149923508415,1948.3150634765625,-377464736.0,89.0,0.0,0.0,0.0,1.0,1.0
870441.125,0.0,2.238981008529663,0.0,5.769999980926514,0.022783290594816208,0.0,0.944557477110885,0.0,0.0,0.0,17.5188679245283,0.9460010188487009,1968.813720703125,-567965472.0,106.0,0.0,0.0,0.0,1.0,1.0
1136333.375,0.0,2.238981008529663,0.0,4.010000228881836,0.028914596885442734,0.0,0.9397651863195507,0.0,0.0,0.0,16.008695652173913,0.9412065439672802,1908.504638671875,-609083424.0,115.0,0.0,0.0,0.0,1.0,1.0
115614.5390625,0.0,2.238981008529663,0.0,5.099999904632568,0.0290329959243536,0.0,0.939161554192229,0.0,0.0,0.0,15.7008547008547,0.9401228249744115,2037.366943359375,-430712784.0,117.0,0.0,0.0,0.0,1.0,1.0
3359395.25,0.0,2.238981008529663,0.0,5.639999866485596,0.021046791225671768,0.0,0.9467005076142132,0.0,0.0,0.0,18.106796116504853,0.9476626016260162,1915.6422119140625,-1055121696.0,103.0,0.0,0.0,0.0,1.0,1.0
30067.619140625,0.0,2.238981008529663,0.0,3.880000114440918,0.028288358822464943,0.0,0.9407826982492276,0.0,0.0,0.0,16.026315789473685,0.9412673879443586,1791.395751953125,-364408416.0,114.0,0.0,0.0,0.0,1.0,1.0
-748282.3125,0.0,2.238981008529663,0.0,4.389999866485596,0.02728327549993992,0.0,0.9562563580874873,0.0,0.0,0.0,23.5,0.9591836734693877,2209.962890625,-292446928.0,80.0,0.0,0.0,0.0,1.0,1.0
-225306.5625,0.0,2.238981008529663,0.0,4.239999771118164,0.022619187831878662,0.0,0.953204476093591,0.0,0.0,0.0,20.369565217391305,0.953204476093591,1991.11083984375,-353273472.0,92.0,0.0,0.0,0.0,1.0,1.0
808166.875,0.0,2.238981008529663,0.0,5.010000228881836,0.02597278729081154,0.0,0.9510703363914373,0.0,0.0,0.0,20.282608695652176,0.9530132788559755,1741.9730224609375,-510140640.0,92.0,0.0,0.0,0.0,1.0,1.0
-290175.375,0.0,2.238981008529663,0.0,5.53000020980835,0.027684250846505165,0.0,0.9331973482916879,0.0,0.0,0.0,14.878048780487806,0.9370199692780338,1995.391357421875,-341160416.0,123.0,0.0,0.0,0.0,1.0,1.0
2164420.25,0.0,2.238981008529663,0.0,4.389999866485596,0.02223692648112774,0.0,0.9516046867040244,0.0,0.0,0.0,20.755555555555556,0.9540347293156282,1541.3388671875,-741263968.0,90.0,0.0,0.0,0.0,1.0,1.0
471222.625,0.0,2.238981008529663,0.0,4.449999809265137,0.022281814366579056,0.0,0.942769545222279,0.0,0.0,0.0,16.772727272727273,0.9437340153452686,1797.861083984375,-453931872.0,110.0,0.0,0.0,0.0,1.0,1.0
272357.1875,0.0,2.238981008529663,0.0,4.300000190734863,0.028919752687215805,0.0,0.9427402862985685,0.0,0.0,0.0,16.91743119266055,0.9441884280593958,1814.193115234375,-417425152.0,109.0,0.0,0.0,0.0,1.0,1.0
1182896.875,0.0,2.238981008529663,0.0,4.730000019073486,0.02616368792951107,0.0,0.9480916030534351,0.0,0.0,0.0,19.010204081632654,0.9500254971953085,2221.430908203125,-680979328.0,98.0,0.0,0.0,0.0,1.0,1.0
727373.0625,0.0,2.238981008529663,0.0,3.890000104904175,0.029943177476525307,0.0,0.9506361323155216,0.0,0.0,0.0,19.66315789473684,0.9516046867040244,1783.664306640625,-502320512.0,95.0,0.0,0.0,0.0,1.0,1.0
821521.125,0.0,2.238981008529663,0.0,4.849999904632568,0.020250285044312477,0.0,0.9437052200614124,0.0,0.0,0.0,17.561904761904763,0.9461262185736276,1830.8399658203125,-530586416.0,105.0,0.0,0.0,0.0,1.0,1.0
-973776.3125,0.0,2.238981008529663,0.0,3.069999933242798,0.024532457813620567,0.0,0.9419619928094505,0.0,0.0,0.0,17.30188679245283,0.945360824742268,1905.2852783203125,-186416296.0,106.0,0.0,0.0,0.0,1.0,1.0
2516633.0,0.0,2.238981008529663,0.0,4.699999809265137,0.02453109808266163,0.0,0.9411463664278403,0.0,0.0,0.0,16.419642857142858,0.9425935417734496,1577.5242919921875,-818947104.0,112.0,0.0,0.0,0.0,1.0,1.0
116464.7265625,0.0,2.238981008529663,0.0,3.5799999237060547,0.02561982534825802,0.0,0.9454638124362895,0.0,0.0,0.0,18.55,0.948849104859335,1605.3798828125,-344483168.0,100.0,0.0,0.0,0.0,1.0,1.0
-610602.8125,0.0,2.238981008529663,0.0,3.4200000762939453,0.024929426610469818,0.0,0.9572083545593479,0.0,0.0,0.0,22.63855421686747,0.9576962283384302,1931.2528076171875,-264241336.0,83.0,0.0,0.0,0.0,1.0,1.0
1602895.0,0.0,2.238981008529663,0.0,3.9800000190734863,0.022301409393548965,0.0,0.9525510204081633,0.0,0.0,0.0,21.45977011494253,0.9554759467758445,1752.352294921875,-671161280.0,87.0,0.0,0.0,0.0,1.0,1.0
668211.125,0.0,2.238981008529663,0.0,3.869999885559082,0.020950287580490112,0.0,0.9620060790273556,0.0,0.0,0.0,25.66216216216216,0.9624936644703497,1632.119140625,-460176336.0,74.0,0.0,0.0,0.0,1.0,1.0
2363960.5,0.0,2.238981008529663,0.0,6.289999961853027,0.027383750304579735,0.0,0.9324186991869918,0.0,0.0,0.0,14.91869918699187,0.9371807967313586,1869.8714599609375,-846884416.0,123.0,0.0,0.0,0.0,1.0,1.0
3089734.0,0.0,2.238981008529663,0.0,7.0,0.027913372963666916,0.0,0.9276923076923077,0.0,0.0,0.0,13.108695652173912,0.9291217257318952,1697.5389404296875,-957574944.0,138.0,0.0,0.0,0.0,1.0,1.0
105805.5625,0.0,2.238981008529663,0.0,3.2899999618530273,0.02473538927733898,0.0,0.9390810531750129,0.0,0.0,0.0,15.817391304347826,0.9405377456049638,1808.8934326171875,-383055472.0,115.0,0.0,0.0,0.0,1.0,1.0
1809592.5,0.0,2.238981008529663,0.0,5.559999942779541,0.02639731392264366,0.0,0.9359104781281791,0.0,0.0,0.0,16.727272727272727,0.9435897435897436,1717.616943359375,-705556864.0,110.0,0.0,0.0,0.0,1.0,1.0
2411694.5,0.0,2.238981008529663,0.0,4.909999847412109,0.027148541063070297,0.0,0.9429153924566769,0.0,0.0,0.0,17.78846153846154,0.946775844421699,1689.771240234375,-820407296.0,104.0,0.0,0.0,0.0,1.0,1.0
786961.125,0.0,2.238981008529663,0.0,3.759999990463257,0.026988979429006577,0.0,0.9324116743471582,0.0,0.0,0.0,14.2265625,0.9343252950230888,2111.029296875,-579716064.0,128.0,0.0,0.0,0.0,1.0,1.0
1035933.125,0.0,2.238981008529663,0.0,5.170000076293945,0.024912884458899498,0.0,0.9440772750381291,0.0,0.0,0.0,17.194444444444443,0.9450381679389313,2115.5361328125,-630409248.0,108.0,0.0,0.0,0.0,1.0,1.0
910699.9375,0.0,2.238981008529663,0.0,4.869999885559082,0.029003465548157692,0.0,0.9364754098360656,0.0,0.0,0.0,15.491525423728813,0.9393627954779034,1774.445556640625,-537145632.0,118.0,0.0,0.0,0.0,1.0,1.0
780015.0625,0.0,2.238981008529663,0.0,4.230000019073486,0.0252707339823246,0.0,0.9404822986146741,0.0,0.0,0.0,16.221238938053098,0.9419321685508736,1823.8623046875,-520891104.0,113.0,0.0,0.0,0.0,1.0,1.0
922410.375,0.0,2.238981008529663,0.0,4.070000171661377,0.025582019239664078,0.0,0.9335736354273945,0.0,0.0,0.0,14.739837398373984,0.9364669421487604,1753.7918701171875,-535357312.0,123.0,0.0,0.0,0.0,1.0,1.0
693516.875,0.0,2.238981008529663,0.0,4.28000020980835,0.019886931404471397,0.0,0.9341500765696784,0.0,0.0,0.0,15.508474576271187,0.9394250513347022,1748.6463623046875,-488549040.0,118.0,0.0,0.0,0.0,1.0,1.0
576915.9375,0.0,2.238981008529663,0.0,4.449999809265137,0.02978609874844551,0.0,0.9500509683995922,0.0,0.0,0.0,21.181818181818183,0.9549180327868853,1882.77880859375,-492050784.0,88.0,0.0,0.0,0.0,1.0,1.0
866172.1875,0.0,2.238981008529663,0.0,4.159999847412109,0.021817151457071304,0.0,0.9465376782077393,0.0,0.0,0.0,18.225490196078432,0.9479857215706272,2031.304443359375,-579609344.0,102.0,0.0,0.0,0.0,1.0,1.0
2146835.75,0.0,2.238981008529663,0.0,5.199999809265137,0.02482910268008709,0.0,0.9391304347826087,0.0,0.0,0.0,16.392857142857142,0.9425051334702259,1991.3646240234375,-827755712.0,112.0,0.0,0.0,0.0,1.0,1.0
752782.25,0.0,2.238981008529663,0.0,5.010000228881836,0.023295244202017784,0.0,0.9280575539568345,0.0,0.0,0.0,13.08695652173913,0.9290123456790124,2261.032470703125,-602882336.0,138.0,0.0,0.0,0.0,1.0,1.0
-375778.3125,0.0,2.238981008529663,0.0,4.159999847412109,0.024426577612757683,0.0,0.9510703363914373,0.0,0.0,0.0,19.851063829787233,0.9520408163265306,1946.3629150390625,-314229792.0,94.0,0.0,0.0,0.0,1.0,1.0
674306.8125,0.0,2.238981008529663,0.0,4.039999961853027,0.02344057522714138,0.0,0.9508362899138368,0.0,0.0,0.0,20.172043010752688,0.9527679024885729,2050.15234375,-545004704.0,93.0,0.0,0.0,0.0,1.0,1.0
316538.90625,0.0,2.238981008529663,0.0,4.050000190734863,0.030013490468263626,0.0,0.9480916030534351,0.0,0.0,0.0,18.818181818181817,0.9495412844036697,2023.286865234375,-468078624.0,99.0,0.0,0.0,0.0,1.0,1.0
2554206.75,0.0,2.238981008529663,0.0,5.329999923706055,0.01927926577627659,0.0,0.9340490797546013,0.0,0.0,0.0,15.099173553719009,0.9378850102669405,1866.301025390625,-884218432.0,121.0,0.0,0.0,0.0,1.0,1.0
-175190.921875,0.0,2.238981008529663,0.0,3.9600000381469727,0.023169338703155518,0.0,0.9557926829268293,0.0,0.0,0.0,22.392857142857142,0.9572519083969465,1770.6907958984375,-319211232.0,84.0,0.0,0.0,0.0,1.0,1.0
689590.5625,0.0,2.238981008529663,0.0,3.1500000953674316,0.027208765968680382,0.0,0.9458077709611452,0.0,0.0,0.0,19.072164948453608,0.9501797637390857,1726.1202392578125,-483255536.0,97.0,0.0,0.0,0.0,1.0,1.0
2577332.75,0.0,2.238981008529663,0.0,5.489999771118164,0.025409743189811707,0.0,0.9396419437340153,0.0,0.0,0.0,16.401785714285715,0.9425346331452027,1682.1241455078125,-852006816.0,112.0,0.0,0.0,0.0,1.0,1.0
-223331.40625,0.0,2.238981008529663,0.0,3.799999952316284,0.02795051597058773,0.0,0.9631499242806664,0.0,0.0,0.0,28.058823529411764,0.9655870445344129,2004.995849609375,-356441984.0,68.0,0.0,0.0,0.0,1.0,1.0
3266991.75,0.0,2.238981008529663,0.0,4.570000171661377,0.0253065787255764,0.0,0.942769545222279,0.0,0.0,0.0,17.571428571428573,0.9461538461538461,1913.9647216796875,-1036305632.0,105.0,0.0,0.0,0.0,1.0,1.0
-888444.0,0.0,2.238981008529663,0.0,3.630000114440918,0.021099787205457687,0.0,0.9458907605921388,0.0,0.0,0.0,17.817307692307693,0.9468574348492591,1743.42431640625,-171110480.0,104.0,0.0,0.0,0.0,1.0,1.0
-178436.71875,0.0,2.238981008529663,0.0,4.179999828338623,0.02611447311937809,0.0,0.9456576942610462,0.0,0.0,0.0,18.254901960784313,0.9480651731160896,1947.9033203125,-354007200.0,102.0,0.0,0.0,0.0,1.0,1.0
1960067.0,0.0,2.238981008529663,0.0,4.269999980926514,0.023903872817754745,0.0,0.9471276054905948,0.0,0.0,0.0,18.818181818181817,0.9495412844036697,1774.3507080078125,-746997504.0,99.0,0.0,0.0,0.0,1.0,1.0
2552739.25,0.0,2.238981008529663,0.0,6.860000133514404,0.024242160841822624,0.0,0.9159836065573771,0.0,0.0,0.0,11.841059602649006,0.9221248066013409,2137.06640625,-938083072.0,151.0,0.0,0.0,0.0,1.0,1.0
466482.0,0.0,2.238981008529663,0.0,3.809999942779541,0.02744567021727562,0.0,0.9441312147616607,0.0,0.0,0.0,18.058823529411764,0.9475308641975309,2178.47802734375,-529105776.0,102.0,0.0,0.0,0.0,1.0,1.0
-855355.375,0.0,2.238981008529663,0.0,4.409999847412109,0.027288323268294334,0.0,0.9501779359430605,0.0,0.0,0.0,21.0,0.9545454545454546,2068.9736328125,-242835816.0,89.0,0.0,0.0,0.0,1.0,1.0
-97826.0625,0.0,2.238981008529663,0.0,3.9100000858306885,0.024454452097415924,0.0,0.9377251672671127,0.0,0.0,0.0,15.3109243697479,0.9386913961875322,1953.941650390625,-371339504.0,119.0,0.0,0.0,0.0,1.0,1.0
-1052443.0,0.0,2.238981008529663,0.0,3.5299999713897705,0.02437838353216648,0.0,0.9472606246799795,0.0,0.0,0.0,18.5,0.9487179487179487,1976.070068359375,-184839064.0,100.0,0.0,0.0,0.0,1.0,1.0
842799.6875,0.0,2.238981008529663,0.0,4.650000095367432,0.0253458134829998,0.0,0.9397651863195507,0.0,0.0,0.0,16.4375,0.942652329749104,1792.308837890625,-527137232.0,112.0,0.0,0.0,0.0,1.0,1.0
-642633.375,0.0,2.238981008529663,0.0,3.299999952316284,0.02824864163994789,0.0,0.9446419502285424,0.0,0.0,0.0,17.38317757009346,0.945602440264362,1974.015380859375,-266391232.0,107.0,0.0,0.0,0.0,1.0,1.0
903972.0,0.0,2.238981008529663,0.0,5.400000095367432,0.028220947831869125,0.0,0.9495926680244399,0.0,0.0,0.0,19.63157894736842,0.951530612244898,1437.497802734375,-468406960.0,95.0,0.0,0.0,0.0,1.0,1.0
2268189.75,0.0,2.238981008529663,0.0,5.53000020980835,0.02633315697312355,0.0,0.9493346980552713,0.0,0.0,0.0,19.322916666666668,0.9507944643772425,1645.7928466796875,-782909632.0,96.0,0.0,0.0,0.0,1.0,1.0
1045368.625,0.0,2.238981008529663,0.0,4.150000095367432,0.02667459286749363,0.0,0.9300051466803911,0.0,0.0,0.0,13.793893129770993,0.9324045407636739,1926.2393798828125,-594440256.0,131.0,0.0,0.0,0.0,1.0,1.0
284869.90625,0.0,2.238981008529663,0.0,3.75,0.0250493586063385,0.0,0.9470198675496688,0.0,0.0,0.0,18.77777777777778,0.949438202247191,1915.9580078125,-440279232.0,99.0,0.0,0.0,0.0,1.0,1.0
-604248.8125,0.0,2.238981008529663,0.0,4.599999904632568,0.02336222492158413,0.0,0.9526235354049923,0.0,0.0,0.0,20.107526881720432,0.9526235354049923,1779.3658447265625,-235136208.0,93.0,0.0,0.0,0.0,1.0,1.0
-668877.6875,0.0,2.238981008529663,0.0,3.359999895095825,0.027147915214300156,0.0,0.9468030690537085,0.0,0.0,0.0,18.147058823529413,0.9477726574500768,1945.043701171875,-255347040.0,102.0,0.0,0.0,0.0,1.0,1.0
1112169.375,0.0,2.238981008529663,0.0,5.909999847412109,0.025197625160217285,0.0,0.9345937659683189,0.0,0.0,0.0,14.869918699186991,0.9369877049180327,2118.283935546875,-646208672.0,123.0,0.0,0.0,0.0,1.0,1.0
1704856.75,0.0,2.238981008529663,0.0,4.809999942779541,0.026632806286215782,0.0,0.9370199692780338,0.0,0.0,0.0,15.0,0.9375,1854.40771484375,-711969664.0,122.0,0.0,0.0,0.0,1.0,1.0
978293.625,0.0,2.238981008529663,0.0,4.75,0.02752087637782097,0.0,0.9518011161846778,0.0,0.0,0.0,21.078651685393258,0.95470737913486,1743.056884765625,-544382400.0,89.0,0.0,0.0,0.0,1.0,1.0
660047.75,0.0,2.238981008529663,0.0,4.46999979019165,0.022533854469656944,0.0,0.9322729604925603,0.0,0.0,0.0,13.870229007633588,0.9327515400410678,1873.884033203125,-506904816.0,131.0,0.0,0.0,0.0,1.0,1.0
1111795.0,0.0,2.238981008529663,0.0,3.869999885559082,0.02334159053862095,0.0,0.9531329597554763,0.0,0.0,0.0,21.50574712643678,0.9555669050051072,1735.6102294921875,-569592960.0,87.0,0.0,0.0,0.0,1.0,1.0
3372953.0,0.0,2.238981008529663,0.0,5.539999961853027,0.028933797031641006,0.0,0.9342507645259939,0.0,0.0,0.0,15.666666666666666,0.94,2056.887939453125,-1086084416.0,117.0,0.0,0.0,0.0,1.0,1.0
1908509.0,0.0,2.238981008529663,0.0,5.460000038146973,0.030522683635354042,0.0,0.9466192170818505,0.0,0.0,0.0,17.903846153846153,0.9471007121057986,1854.4970703125,-752715808.0,104.0,0.0,0.0,0.0,1.0,1.0
958378.5,0.0,2.238981008529663,0.0,4.630000114440918,0.027039486914873123,0.0,0.9306981519507187,0.0,0.0,0.0,13.946153846153846,0.9330931549150798,1746.432861328125,-541080608.0,130.0,0.0,0.0,0.0,1.0,1.0
202003.203125,0.0,2.238981008529663,0.0,4.230000019073486,0.022980738431215286,0.0,0.9462915601023018,0.0,0.0,0.0,17.961165048543688,0.9472606246799795,1725.275390625,-385570208.0,103.0,0.0,0.0,0.0,1.0,1.0
832475.1875,0.0,2.238981008529663,0.0,5.849999904632568,0.030633633956313133,0.0,0.9241803278688525,0.0,0.0,0.0,12.356164383561644,0.9251282051282051,1936.196533203125,-553856608.0,146.0,0.0,0.0,0.0,1.0,1.0
1077029.5,0.0,2.238981008529663,0.0,4.119999885559082,0.02314445562660694,0.0,0.9412365866121615,0.0,0.0,0.0,16.446428571428573,0.9426816786079836,1358.724609375,-487266176.0,112.0,0.0,0.0,0.0,1.0,1.0
486532.3125,0.0,2.238981008529663,0.0,4.96999979019165,0.022512951865792274,0.0,0.926766374419804,0.0,0.0,0.0,12.74468085106383,0.9272445820433437,1731.3614501953125,-443698688.0,141.0,0.0,0.0,0.0,1.0,1.0
-128142.078125,0.0,2.238981008529663,0.0,3.0,0.022266913205385208,0.0,0.9500254971953085,0.0,0.0,0.0,20.25,0.9529411764705882,1646.6087646484375,-303806032.0,92.0,0.0,0.0,0.0,1.0,1.0
2312582.75,0.0,2.238981008529663,0.0,5.159999847412109,0.025303464382886887,0.0,0.9457800511508951,0.0,0.0,0.0,18.127450980392158,0.9477191184008201,2048.938720703125,-872418368.0,102.0,0.0,0.0,0.0,1.0,1.0
549393.625,0.0,2.238981008529663,0.0,4.46999979019165,0.02719576098024845,0.0,0.9485219164118247,0.0,0.0,0.0,19.589473684210525,0.9514314928425358,1569.4951171875,-423890848.0,95.0,0.0,0.0,0.0,1.0,1.0
994452.1875,0.0,2.238981008529663,0.0,4.75,0.02938307449221611,0.0,0.942886282508924,0.0,0.0,0.0,17.12037037037037,0.9448134900357691,1814.427001953125,-561890496.0,108.0,0.0,0.0,0.0,1.0,1.0
644041.5,0.0,2.238981008529663,0.0,4.199999809265137,0.02907470427453518,0.0,0.9577822990844354,0.0,0.0,0.0,24.141025641025642,0.960224375318715,1861.858642578125,-501290400.0,78.0,0.0,0.0,0.0,1.0,1.0
823986.875,0.0,2.238981008529663,0.0,4.840000152587891,0.026450056582689285,0.0,0.9527198779867819,0.0,0.0,0.0,20.822222222222223,0.9541751527494908,1918.3177490234375,-548573152.0,90.0,0.0,0.0,0.0,1.0,1.0
2454335.0,0.0,2.238981008529663,0.0,4.340000152587891,0.02642507292330265,0.0,0.9502032520325203,0.0,0.0,0.0,19.278350515463917,0.9506863243518048,1633.041748046875,-817588768.0,97.0,0.0,0.0,0.0,1.0,1.0
-263580.375,0.0,2.238981008529663,0.0,4.539999961853027,0.024632731452584267,0.0,0.9525752167261601,0.0,0.0,0.0,20.52747252747253,0.9535477284328739,1745.6551513671875,-296527280.0,91.0,0.0,0.0,0.0,1.0,1.0
156294.484375,0.0,2.238981008529663,0.0,4.670000076293945,0.02568407915532589,0.0,0.9406345957011258,0.0,0.0,0.0,16.55855855855856,0.9430477167778348,1800.3179931640625,-391437984.0,111.0,0.0,0.0,0.0,1.0,1.0
221833.015625,0.0,2.238981008529663,0.0,4.53000020980835,0.02227121777832508,0.0,0.9634888438133874,0.0,0.0,0.0,28.35820895522388,0.9659379766141332,1819.80126953125,-408435952.0,67.0,0.0,0.0,0.0,1.0,1.0
522043.03125,0.0,2.238981008529663,0.0,4.230000019073486,0.028887588530778885,0.0,0.9462915601023018,0.0,0.0,0.0,19.072164948453608,0.9501797637390857,1809.7509765625,-466472144.0,97.0,0.0,0.0,0.0,1.0,1.0
714196.0,0.0,2.238981008529663,0.0,5.28000020980835,0.021414101123809814,0.0,0.9495412844036697,0.0,0.0,0.0,19.40625,0.9509954058192955,1740.79345703125,-491111456.0,96.0,0.0,0.0,0.0,1.0,1.0
239859.5,0.0,2.238981008529663,0.0,4.539999961853027,0.0236867256462574,0.0,0.9507864028411973,0.0,0.0,0.0,22.57831325301205,0.9575881451200817,1743.8314208984375,-396849136.0,83.0,0.0,0.0,0.0,1.0,1.0
733743.1875,0.0,2.238981008529663,0.0,3.819999933242798,0.02797609008848667,0.0,0.9520897043832823,0.0,0.0,0.0,20.52747252747253,0.9535477284328739,1788.8592529296875,-504632688.0,91.0,0.0,0.0,0.0,1.0,1.0
1453996.125,0.0,2.238981008529663,0.0,4.739999771118164,0.026942718774080276,0.0,0.9369598373157092,0.0,0.0,0.0,16.166666666666668,0.941747572815534,1671.8719482421875,-625289344.0,114.0,0.0,0.0,0.0,1.0,1.0
757512.625,0.0,2.238981008529663,0.0,4.099999904632568,0.026623612269759178,0.0,0.9407861153649821,0.0,0.0,0.0,17.38679245283019,0.9456131349409954,2170.86474609375,-585790496.0,106.0,0.0,0.0,0.0,1.0,1.0
265590.15625,0.0,2.238981008529663,0.0,4.630000114440918,0.020872537046670914,0.0,0.9514811031664965,0.0,0.0,0.0,20.7,0.9539170506912442,1806.140625,-414458320.0,90.0,0.0,0.0,0.0,1.0,1.0
955155.6875,0.0,2.238981008529663,0.0,4.590000152587891,0.023141300305724144,0.0,0.9311408016443987,0.0,0.0,0.0,14.26771653543307,0.9345023207839093,1768.57861328125,-544864384.0,127.0,0.0,0.0,0.0,1.0,1.0
1042385.125,0.0,2.238981008529663,0.0,4.050000190734863,0.02918689325451851,0.0,0.9379168804515136,0.0,0.0,0.0,16.321428571428573,0.9422680412371134,1879.416259765625,-584476000.0,112.0,0.0,0.0,0.0,1.0,1.0
1988539.875,0.0,2.238981008529663,0.0,5.550000190734863,0.027657300233840942,0.0,0.9435114503816794,0.0,0.0,0.0,17.49056603773585,0.9459183673469388,1708.536376953125,-739529824.0,106.0,0.0,0.0,0.0,1.0,1.0
445866.15625,0.0,2.238981008529663,0.0,3.630000114440918,0.025262052193284035,0.0,0.9443025038323966,0.0,0.0,0.0,17.941747572815533,0.9472065607380831,1765.5968017578125,-442406800.0,103.0,0.0,0.0,0.0,1.0,1.0
589138.0625,0.0,2.238981008529663,0.0,4.019999980926514,0.02377387508749962,0.0,0.9547993905535805,0.0,0.0,0.0,21.60919540229885,0.9557702084392475,1859.90869140625,-489921296.0,87.0,0.0,0.0,0.0,1.0,1.0
19570.380859375,0.0,2.238981008529663,0.0,4.599999904632568,0.02200932987034321,0.0,0.9405487804878049,0.0,0.0,0.0,16.236842105263158,0.9419847328244275,1915.591796875,-387148864.0,114.0,0.0,0.0,0.0,1.0,1.0
2426183.0,0.0,2.238981008529663,0.0,4.579999923706055,0.023709144443273544,0.0,0.9472336065573771,0.0,0.0,0.0,18.867346938775512,0.9496661530559836,1908.41259765625,-867032608.0,98.0,0.0,0.0,0.0,1.0,1.0
-474429.625,0.0,2.238981008529663,0.0,2.5299999713897705,0.023764407262206078,0.0,0.9412068076328004,0.0,0.0,0.0,16.89814814814815,0.9441282979824107,1772.4124755859375,-259711200.0,108.0,0.0,0.0,0.0,1.0,1.0
525449.9375,0.0,2.238981008529663,0.0,4.239999771118164,0.020542437210679054,0.0,0.9421699078812692,0.0,0.0,0.0,17.046296296296298,0.9445869676757311,1812.67578125,-467740048.0,108.0,0.0,0.0,0.0,1.0,1.0
423939.59375,0.0,2.238981008529663,0.0,4.489999771118164,0.023374345153570175,0.0,0.9464831804281345,0.0,0.0,0.0,18.57,0.9489013796627491,1806.047607421875,-446111648.0,100.0,0.0,0.0,0.0,1.0,1.0
954181.375,0.0,2.238981008529663,0.0,5.150000095367432,0.02755703590810299,0.0,0.9496439471007121,0.0,0.0,0.0,19.051020408163264,0.9501272264631043,1758.34423828125,-542618752.0,98.0,0.0,0.0,0.0,1.0,1.0
1338593.625,0.0,2.238981008529663,0.0,3.9600000381469727,0.027981659397482872,0.0,0.948118006103764,0.0,0.0,0.0,19.020408163265305,0.9500509683995922,1694.396728515625,-606711584.0,98.0,0.0,0.0,0.0,1.0,1.0
1288283.625,0.0,2.238981008529663,0.0,4.960000038146973,0.026630302891135216,0.0,0.9403669724770642,0.0,0.0,0.0,16.327433628318584,0.942288049029622,1873.1240234375,-632397440.0,113.0,0.0,0.0,0.0,1.0,1.0
851147.375,0.0,2.238981008529663,0.0,4.659999847412109,0.023800473660230637,0.0,0.9526717557251908,0.0,0.0,0.0,21.272727272727273,0.9551020408163265,1750.8106689453125,-520503808.0,88.0,0.0,0.0,0.0,1.0,1.0
2260129.75,0.0,2.238981008529663,0.0,5.949999809265137,0.02896318957209587,0.0,0.9308047155304972,0.0,0.0,0.0,13.654135338345865,0.9317598768599281,1527.8797607421875,-757720928.0,133.0,0.0,0.0,0.0,1.0,1.0
646273.4375,0.0,2.238981008529663,0.0,3.6600000858306885,0.02486049011349678,0.0,0.9508700102354145,0.0,0.0,0.0,20.644444444444446,0.9537987679671458,1901.591064453125,-509685168.0,90.0,0.0,0.0,0.0,1.0,1.0
1878763.5,0.0,2.238981008529663,0.0,4.940000057220459,0.024484893307089806,0.0,0.944954128440367,0.0,0.0,0.0,17.49056603773585,0.9459183673469388,1806.8973388671875,-737246880.0,106.0,0.0,0.0,0.0,1.0,1.0
-418067.90625,0.0,2.238981008529663,0.0,4.150000095367432,0.02640133537352085,0.0,0.9458631256384066,0.0,0.0,0.0,17.807692307692307,0.9468302658486708,1837.0902099609375,-283918816.0,104.0,0.0,0.0,0.0,1.0,1.0
871600.625,0.0,2.238981008529663,0.0,5.730000019073486,0.030202463269233704,0.0,0.938493080471553,0.0,0.0,0.0,15.516949152542374,0.93945613134941,1739.2022705078125,-522277152.0,118.0,0.0,0.0,0.0,1.0,1.0
94989.5625,0.0,2.238981008529663,0.0,4.300000190734863,0.01916046254336834,0.0,0.9536423841059603,0.0,0.0,0.0,21.767441860465116,0.9560776302349336,1821.4571533203125,-383400896.0,86.0,0.0,0.0,0.0,1.0,1.0
689103.4375,0.0,2.238981008529663,0.0,4.119999885559082,0.027032148092985153,0.0,0.9568089430894309,0.0,0.0,0.0,23.246913580246915,0.9587576374745418,1784.1068115234375,-494753120.0,81.0,0.0,0.0,0.0,1.0,1.0
-22056.224609375,0.0,2.238981008529663,0.0,4.460000038146973,0.028189513832330704,0.0,0.9480387162506367,0.0,0.0,0.0,19.589473684210525,0.9514314928425358,1804.36767578125,-356575328.0,95.0,0.0,0.0,0.0,1.0,1.0
1576071.0,0.0,2.238981008529663,0.0,5.289999961853027,0.02692589722573757,0.0,0.9504343382728666,0.0,0.0,0.0,20.217391304347824,0.9528688524590164,2113.310546875,-737988832.0,92.0,0.0,0.0,0.0,1.0,1.0
-701751.75,0.0,2.238981008529663,0.0,4.0,0.026772821322083473,0.0,0.9513319672131147,0.0,0.0,0.0,20.184782608695652,0.952796305797845,1680.7999267578125,-195921992.0,92.0,0.0,0.0,0.0,1.0,1.0
-528546.5,0.0,2.238981008529663,0.0,3.4000000953674316,0.023798301815986633,0.0,0.942886282508924,0.0,0.0,0.0,17.2803738317757,0.9452965235173824,1457.98193359375,-186001664.0,107.0,0.0,0.0,0.0,1.0,1.0
-594903.0,0.0,2.238981008529663,0.0,2.7799999713897705,0.02349439635872841,0.0,0.9471523858388917,0.0,0.0,0.0,18.277227722772277,0.9481253210066769,1901.58251953125,-261449480.0,101.0,0.0,0.0,0.0,1.0,1.0
998803.1875,0.0,2.238981008529663,0.0,4.670000076293945,0.024789242073893547,0.0,0.9456576942610462,0.0,0.0,0.0,17.903846153846153,0.9471007121057986,1859.4930419921875,-571774240.0,104.0,0.0,0.0,0.0,1.0,1.0
1118291.5,0.0,2.238981008529663,0.0,5.340000152587891,0.007541036698967218,0.0,0.9302206259620318,0.0,0.0,0.0,14.1640625,0.9340546110252447,1782.1746826171875,-580211392.0,128.0,0.0,0.0,0.0,1.0,1.0
1329410.25,0.0,2.238981008529663,0.0,5.119999885559082,0.0,0.0,0.9480122324159022,0.0,0.0,0.0,20.439560439560438,0.9533572526909277,1820.050537109375,-630004512.0,91.0,0.0,0.0,0.0,1.0,1.0
366650.71875,0.0,1.3152246475219727,0.0,4.329999923706055,0.0,0.0,0.9429735234215886,0.0,0.0,0.0,17.14814814814815,0.9448979591836735,1859.3154296875,-445308624.0,108.0,0.0,0.0,0.0,1.0,1.0
29145.33984375,0.0,1.3152246475219727,0.0,3.7799999713897705,0.0,0.0,0.9488752556237219,0.0,0.0,0.0,19.333333333333332,0.9508196721311475,1626.7247314453125,-331287264.0,96.0,0.0,0.0,0.0,1.0,1.0
-728560.0,0.0,1.3152246475219727,0.0,3.450000047683716,0.0,0.0,0.9518935516888434,0.0,0.0,0.0,20.217391304347824,0.9528688524590164,1608.89013671875,-176178384.0,92.0,0.0,0.0,0.0,1.0,1.0
-1030455.375,0.0,0.9275751113891602,0.0,3.690000057220459,0.0,0.0,0.9473150962512664,0.0,0.0,0.0,18.155339805825243,0.947795235681703,1937.6500244140625,-181554272.0,103.0,0.0,0.0,0.0,1.0,1.0
-1515421.5,0.0,0.9275751113891602,0.0,2.7100000381469727,0.0,0.0,0.9582484725050916,0.0,0.0,0.0,23.234567901234566,0.9587366276107998,1803.1412353515625,-57654870.0,81.0,0.0,0.0,0.0,1.0,1.0
-699120.25,0.0,0.7994332909584045,0.0,4.420000076293945,0.0,0.0,0.9604261796042618,0.0,0.0,0.0,24.584415584415584,0.9609137055837563,1635.33837890625,-187354056.0,77.0,0.0,0.0,0.0,1.0,1.0
-1777605.625,0.0,0.7994332909584045,0.0,2.2200000286102295,0.0,0.0,0.9602649006622517,0.0,0.0,0.0,26.928571428571427,0.9641943734015346,1698.3646240234375,15738907.5,70.0,0.0,0.0,0.0,1.0,1.0
-402999.25,0.0,0.7994332909584045,0.0,3.5,0.0,0.0,0.9512442864398172,0.0,0.0,0.0,19.71578947368421,0.9517276422764228,1714.146240234375,-262342544.0,95.0,0.0,0.0,0.0,1.0,1.0
-1667735.0,0.0,0.7922265529632568,0.0,3.0999999046325684,0.0,0.0,0.9712266532054518,0.0,0.0,0.0,35.629629629629626,0.9726996966632963,1678.8262939453125,-2325491.0,54.0,0.0,0.0,0.0,1.0,1.0
-1873334.875,0.0,0.7922265529632568,0.0,2.9800000190734863,0.0,0.0,0.959718026183283,0.0,0.0,0.0,29.323076923076922,0.9670218163368848,1686.5994873046875,37238242.0,65.0,0.0,0.0,0.0,1.0,1.0
-2012600.75,0.0,0.7922265529632568,0.0,2.7699999809265137,0.0,0.0,0.9681012658227848,0.0,0.0,0.0,33.54385964912281,0.9710512950736414,1858.83642578125,30645389.0,57.0,0.0,0.0,0.0,1.0,1.0
-2833906.0,0.0,1.5989797115325928,0.0,2.5399999618530273,0.0,0.0,0.9685916919959473,0.0,0.0,0.0,36.075471698113205,0.973027989821883,1980.533203125,170567624.0,53.0,0.0,0.0,0.0,1.0,1.0
-2069666.5,0.0,1.5989797115325928,0.0,2.4700000286102295,0.0,0.0,0.9691295546558705,0.0,0.0,0.0,33.01724137931034,0.9706031424227065,1653.8172607421875,83062252.0,58.0,0.0,0.0,0.0,1.0,1.0
-2191878.0,0.0,0.40619584918022156,0.0,2.759999990463257,0.0,0.0,0.9682779456193353,0.0,0.0,0.0,31.016129032258064,0.9687657430730479,1704.8931884765625,97288580.0,62.0,0.0,0.0,0.0,1.0,1.0
-650277.125,0.0,0.40619584918022156,0.0,2.3299999237060547,0.0,0.0,0.9614213197969543,0.0,0.0,0.0,25.253333333333334,0.9619095987811072,1575.22265625,-185099016.0,75.0,0.0,0.0,0.0,1.0,1.0
-2516730.25,0.0,0.40619584918022156,0.0,2.4200000762939453,0.0,0.0,0.9670050761421319,0.0,0.0,0.0,29.307692307692307,0.9670050761421319,1866.482666015625,129940860.0,65.0,0.0,0.0,0.0,1.0,1.0
-2126423.25,0.0,98.57089233398438,0.0,2.380000114440918,0.0,0.0,0.9540112416964742,0.0,0.0,0.0,21.45977011494253,0.9554759467758445,1862.14208984375,52744544.0,87.0,0.0,0.0,0.0,1.0,1.0
183327.765625,0.0,98.57089233398438,0.0,4.329999923706055,0.0,0.0,0.9652042360060514,0.0,0.0,0.0,29.446153846153845,0.9671551288529561,1899.0836181640625,-416591184.0,65.0,0.0,0.0,0.0,1.0,1.0
-1786031.0,0.0,10.446807861328125,0.0,3.4800000190734863,0.0,0.0,0.9556004036326943,0.0,0.0,0.0,21.770114942528735,0.956082786471479,2036.6634521484375,-50238480.0,87.0,0.0,0.0,0.0,1.0,1.0
804417.625,0.0,10.446807861328125,0.0,3.240000009536743,0.0,0.0,0.9598577235772358,0.0,0.0,0.0,23.911392405063292,0.9598577235772358,2224.563720703125,-605906752.0,79.0,0.0,0.0,0.0,1.0,1.0
349991.125,0.0,10.446807861328125,0.0,3.7799999713897705,0.0,0.0,0.9656392117230924,0.0,0.0,0.0,30.333333333333332,0.9680851063829787,1975.9200439453125,-465290752.0,63.0,0.0,0.0,0.0,1.0,1.0
-932820.8125,0.0,7.176748752593994,0.0,3.380000114440918,0.0,0.0,0.9647959183673469,0.0,0.0,0.0,28.651515151515152,0.9662749105774144,1879.6953125,-189483896.0,66.0,0.0,0.0,0.0,1.0,1.0
-713001.0625,0.0,7.176748752593994,0.0,3.200000047683716,0.0,0.0,0.9568965517241379,0.0,0.0,0.0,23.01219512195122,0.9583544946673438,1753.57470703125,-208225848.0,82.0,0.0,0.0,0.0,1.0,1.0
-378273.71875,0.0,23.772493362426758,0.0,4.21999979019165,0.0,0.0,0.9415983606557377,0.0,0.0,0.0,18.198019801980198,0.9479112944816916,2143.472412109375,-353153696.0,101.0,0.0,0.0,0.0,1.0,1.0
-570794.1875,0.0,23.772493362426758,0.0,3.130000114440918,0.0,0.0,0.9625316455696202,0.0,0.0,0.0,26.041095890410958,0.9630192502532928,1679.6466064453125,-221880296.0,73.0,0.0,0.0,0.0,1.0,1.0
-279021.3125,0.0,23.772493362426758,0.0,3.7100000381469727,0.0,0.0,0.9579107505070994,0.0,0.0,0.0,25.186666666666667,0.9618126272912424,1798.79248046875,-304064320.0,75.0,0.0,0.0,0.0,1.0,1.0
1965319.625,0.0,7.653144359588623,0.0,4.119999885559082,0.0,0.0,0.9532520325203252,0.0,0.0,0.0,22.602409638554217,0.9576314446145993,1572.4886474609375,-707672992.0,83.0,0.0,0.0,0.0,1.0,1.0
777631.375,0.0,7.653144359588623,0.0,3.9700000286102295,0.0,0.0,0.9527918781725888,0.0,0.0,0.0,21.825581395348838,0.95618950585838,1861.214599609375,-527880848.0,86.0,0.0,0.0,0.0,1.0,1.0
-1107538.5,0.0,7.653144359588623,0.0,4.199999809265137,0.0,0.0,0.9423469387755102,0.0,0.0,0.0,16.79090909090909,0.943791517629024,1918.6162109375,-162331232.0,110.0,0.0,0.0,0.0,1.0,1.0
-1033762.375,0.0,13.761247634887695,0.0,2.7799999713897705,0.0,0.0,0.9620637329286799,0.0,0.0,0.0,27.970588235294116,0.965482233502538,1889.8829345703125,-171333440.0,68.0,0.0,0.0,0.0,1.0,1.0
-1010616.625,0.0,13.761247634887695,0.0,3.2100000381469727,0.0,0.0,0.9669883189436262,0.0,0.0,0.0,29.75,0.967479674796748,1610.5906982421875,-120103436.0,64.0,0.0,0.0,0.0,1.0,1.0
-967384.875,0.0,1.1736682653427124,0.0,2.7200000286102295,0.0,0.0,0.9711684370257967,0.0,0.0,0.0,34.285714285714285,0.97165991902834,1751.927001953125,-157015856.0,56.0,0.0,0.0,0.0,1.0,1.0
-2607916.75,0.0,1.1736682653427124,0.0,1.9600000381469727,0.0,0.0,0.9665484034465281,0.0,0.0,0.0,32.87931034482759,0.9704834605597964,1828.1561279296875,155844368.0,58.0,0.0,0.0,0.0,1.0,1.0
-1168301.0,0.0,1.1736682653427124,0.0,4.289999961853027,0.0,0.0,0.9625126646403243,0.0,0.0,0.0,26.38888888888889,0.9634888438133874,1884.9566650390625,-143441248.0,72.0,0.0,0.0,0.0,1.0,1.0
-2791326.75,0.0,1.7901896238327026,0.0,2.940000057220459,0.0,0.0,0.9655696202531645,0.0,0.0,0.0,29.796875,0.9675291730086251,1659.5472412109375,226247384.0,64.0,0.0,0.0,0.0,1.0,1.0
-3148503.25,0.0,1.7901896238327026,0.0,1.7599999904632568,0.0,0.0,0.9696202531645569,0.0,0.0,0.0,31.916666666666668,0.9696202531645569,1888.9520263671875,251802080.0,60.0,0.0,0.0,0.0,1.0,1.0
-2417172.75,0.0,2.462739944458008,0.0,3.2200000286102295,0.009281160309910774,0.0,0.9656044511886697,0.0,0.0,0.0,28.492537313432837,0.9660931174089069,1788.8856201171875,125547992.0,67.0,0.0,0.0,0.0,1.0,1.0
-1805352.0,0.0,2.462739944458008,0.0,2.569999933242798,0.020010795444250107,0.0,0.9783702213279678,0.0,0.0,0.0,47.4390243902439,0.9793554884189325,1691.1060791015625,22743734.0,41.0,0.0,0.0,0.0,1.0,1.0
-2599047.0,0.0,2.462739944458008,0.0,2.4700000286102295,0.02725849486887455,0.0,0.9676604345629105,0.0,0.0,0.0,33.01724137931034,0.9706031424227065,1732.5455322265625,173192608.0,58.0,0.0,0.0,0.0,1.0,1.0
-1532446.125,0.0,2.462739944458008,0.0,2.3499999046325684,0.023220844566822052,0.0,0.9706922688226377,0.0,0.0,0.0,34.30357142857143,0.9716742539200809,1714.4786376953125,-36513936.0,56.0,0.0,0.0,0.0,1.0,1.0
-1275509.25,0.0,2.462739944458008,0.0,3.4100000858306885,0.024264181032776833,0.0,0.9779005524861878,0.0,0.0,0.0,47.48780487804878,0.9793762575452716,1919.29296875,-128862556.0,41.0,0.0,0.0,0.0,1.0,1.0
-2257283.75,0.0,2.462739944458008,0.0,2.1500000953674316,0.023936022073030472,0.0,0.9643221202854231,0.0,0.0,0.0,28.238805970149254,0.96579887697805,1836.5849609375,84030856.0,67.0,0.0,0.0,0.0,1.0,1.0
-912603.625,0.0,2.462739944458008,0.0,2.759999990463257,0.019468484446406364,0.0,0.9642137096774194,0.0,0.0,0.0,28.13235294117647,0.9656739020696617,1488.2357177734375,-115235516.0,68.0,0.0,0.0,0.0,1.0,1.0
-3063473.5,0.0,2.462739944458008,0.0,2.140000104904175,0.02219155617058277,0.0,0.9712121212121212,0.0,0.0,0.0,34.96363636363636,0.9721941354903944,1854.2933349609375,241728784.0,55.0,0.0,0.0,0.0,1.0,1.0
-2787838.5,0.0,2.462739944458008,0.0,2.1500000953674316,0.02425580844283104,0.0,0.9650986342943855,0.0,0.0,0.0,28.47761194029851,0.9660759493670886,1556.53564453125,246151432.0,67.0,0.0,0.0,0.0,1.0,1.0
-1794606.5,0.0,2.462739944458008,0.0,3.0899999141693115,0.021572601050138474,0.0,0.9595346484572584,0.0,0.0,0.0,24.636363636363637,0.9609929078014184,1850.866943359375,-11362570.0,77.0,0.0,0.0,0.0,1.0,1.0
-270869.3125,0.0,2.462739944458008,0.0,2.3399999141693115,0.028386801481246948,0.0,0.9624556062912227,0.0,0.0,0.0,26.34722222222222,0.9634332148298629,1778.1474609375,-301565648.0,72.0,0.0,0.0,0.0,1.0,1.0
-2132285.75,0.0,2.462739944458008,0.0,2.759999990463257,0.02475801855325699,0.0,0.9747983870967742,0.0,0.0,0.0,38.68,0.9747983870967742,1800.2064208984375,66309012.0,50.0,0.0,0.0,0.0,1.0,1.0
-2507557.0,0.0,2.462739944458008,0.0,2.359999895095825,0.022732628509402275,0.0,0.9696048632218845,0.0,0.0,0.0,34.8,0.9720670391061452,1914.9193115234375,118420248.0,55.0,0.0,0.0,0.0,1.0,1.0
-649670.4375,0.0,2.462739944458008,0.0,2.9700000286102295,0.02436862699687481,0.0,0.9587995930824008,0.0,0.0,0.0,23.5625,0.9592875318066157,1666.285888671875,-203433704.0,80.0,0.0,0.0,0.0,1.0,1.0
-2109399.5,0.0,2.462739944458008,0.0,2.9800000190734863,0.027612144127488136,0.0,0.9727547931382442,0.0,0.0,0.0,35.7037037037037,0.9727547931382442,1702.483642578125,81276112.0,54.0,0.0,0.0,0.0,1.0,1.0
-2527145.0,0.0,2.462739944458008,0.0,2.7799999713897705,0.027353379875421524,0.0,0.9741902834008097,0.0,0.0,0.0,40.104166666666664,0.9756715661429296,1670.0701904296875,171308648.0,48.0,0.0,0.0,0.0,1.0,1.0
-2257835.75,0.0,2.462739944458008,0.0,2.809999942779541,0.028143951669335365,0.0,0.9747729566094854,0.0,0.0,0.0,40.25,0.9757575757575757,1740.2098388671875,103418856.0,48.0,0.0,0.0,0.0,1.0,1.0
-2258901.5,0.0,2.462739944458008,0.0,2.140000104904175,0.024585584178566933,0.0,0.9742294087923193,0.0,0.0,0.0,38.56,0.974721941354904,1660.005615234375,119672652.0,50.0,0.0,0.0,0.0,1.0,1.0
-2640411.5,0.0,2.462739944458008,0.0,1.7799999713897705,0.028678709641098976,0.0,0.9680040629761301,0.0,0.0,0.0,30.253968253968253,0.9680040629761301,1939.5269775390625,140068528.0,63.0,0.0,0.0,0.0,1.0,1.0
-2913841.5,0.0,2.462739944458008,0.0,1.7799999713897705,0.02599685825407505,0.0,0.9721518987341772,0.0,0.0,0.0,36.22641509433962,0.973137354282818,1808.894775390625,220882416.0,53.0,0.0,0.0,0.0,1.0,1.0
-1652563.375,0.0,2.462739944458008,0.0,2.4600000381469727,0.02615024708211422,0.0,0.9675456389452333,0.0,0.0,0.0,30.774193548387096,0.9685279187817258,1845.76953125,-38749406.0,62.0,0.0,0.0,0.0,1.0,1.0
-1642241.25,0.0,2.462739944458008,0.0,2.690000057220459,0.027056807652115822,0.0,0.9676604345629105,0.0,0.0,0.0,30.887096774193548,0.9686393525543753,1900.4852294921875,-51757098.0,62.0,0.0,0.0,0.0,1.0,1.0
-2719243.5,0.0,2.462739944458008,0.0,2.1600000858306885,0.024241473525762558,0.0,0.9798183652875883,0.0,0.0,0.0,49.794871794871796,0.9803129732458354,1614.0830078125,220927080.0,39.0,0.0,0.0,0.0,1.0,1.0
-2726342.5,0.0,2.462739944458008,0.0,2.069999933242798,0.023553183302283287,0.0,0.9665484034465281,0.0,0.0,0.0,29.796875,0.9675291730086251,1745.3753662109375,196084872.0,64.0,0.0,0.0,0.0,1.0,1.0
-2301324.25,0.0,2.462739944458008,0.0,2.7100000381469727,0.02294198051095009,0.0,0.9583333333333334,0.0,0.0,0.0,23.575,0.9593082400813835,1727.1046142578125,114733032.0,80.0,0.0,0.0,0.0,1.0,1.0
-2153439.0,0.0,2.462739944458008,0.0,2.9700000286102295,0.0319235697388649,0.0,0.9675456389452333,0.0,0.0,0.0,30.774193548387096,0.9685279187817258,2024.9119873046875,25597014.0,62.0,0.0,0.0,0.0,1.0,1.0
-1833202.375,0.0,2.462739944458008,0.0,2.200000047683716,0.026045862585306168,0.0,0.9711830131445905,0.0,0.0,0.0,36.24528301886792,0.9731509625126646,1902.4593505859375,-13958314.0,53.0,0.0,0.0,0.0,1.0,1.0
-1591749.125,0.0,2.462739944458008,0.0,2.3499999046325684,0.027362551540136337,0.0,0.9752149721800708,0.0,0.0,0.0,44.83720930232558,0.9781836631151699,1862.7918701171875,-54314132.0,43.0,0.0,0.0,0.0,1.0,1.0
-2833153.5,0.0,2.462739944458008,0.0,2.4600000381469727,0.02358403243124485,0.0,0.9641414141414142,0.0,0.0,0.0,30.3015873015873,0.968052738336714,1851.2587890625,196270104.0,63.0,0.0,0.0,0.0,1.0,1.0
-2673696.25,0.0,2.462739944458008,0.0,2.0999999046325684,0.025361094623804092,0.0,0.9737108190091001,0.0,0.0,0.0,38.52,0.9746963562753036,1788.4110107421875,176950232.0,50.0,0.0,0.0,0.0,1.0,1.0
-1586139.25,0.0,2.462739944458008,0.0,2.369999885559082,0.01964469626545906,0.0,0.95097037793667,0.0,0.0,0.0,20.23913043478261,0.9529170931422722,1584.507080078125,213966.0,92.0,0.0,0.0,0.0,1.0,1.0
-27804.720703125,0.0,2.462739944458008,0.0,4.449999809265137,0.024785775691270828,0.0,0.9540171803941384,0.0,0.0,0.0,21.213483146067414,0.9549822964087,1777.383544921875,-350028800.0,89.0,0.0,0.0,0.0,1.0,1.0
-1348683.375,0.0,2.462739944458008,0.0,3.690000057220459,0.03343270346522331,0.0,0.9593289273004576,0.0,0.0,0.0,24.506493506493506,0.9607942973523421,1684.548583984375,-67283488.0,77.0,0.0,0.0,0.0,1.0,1.0
-2918550.5,0.0,2.462739944458008,0.0,2.109999895095825,0.022185970097780228,0.0,0.9700507614213199,0.0,0.0,0.0,32.389830508474574,0.9700507614213199,1761.78662109375,231244736.0,59.0,0.0,0.0,0.0,1.0,1.0
-1479769.25,0.0,2.462739944458008,0.0,3.0,0.025175604969263077,0.0,0.9604662949822605,0.0,0.0,0.0,27.071428571428573,0.9643765903307888,1548.683837890625,-13892461.5,70.0,0.0,0.0,0.0,1.0,1.0
-350380.625,0.0,2.462739944458008,0.0,3.630000114440918,0.025372695177793503,0.0,0.9706031424227065,0.0,0.0,0.0,33.59649122807018,0.9710953346855984,1896.3916015625,-309309632.0,57.0,0.0,0.0,0.0,1.0,1.0
-2232617.0,0.0,2.462739944458008,0.0,1.9800000190734863,0.023473795503377914,0.0,0.9696509863429439,0.0,0.0,0.0,31.95,0.9696509863429439,1723.9202880859375,101631460.0,60.0,0.0,0.0,0.0,1.0,1.0
-1984589.25,0.0,2.462739944458008,0.0,2.559999942779541,0.025016721338033676,0.0,0.9690669371196755,0.0,0.0,0.0,34.74545454545454,0.9720244150559512,1567.4957275390625,83311448.0,55.0,0.0,0.0,0.0,1.0,1.0
-3091637.75,0.0,2.462739944458008,0.0,2.430000066757202,0.02849563956260681,0.0,0.9665991902834008,0.0,0.0,0.0,29.384615384615383,0.9670886075949368,1910.2169189453125,236175560.0,65.0,0.0,0.0,0.0,1.0,1.0
-2486233.5,0.0,2.462739944458008,0.0,3.0199999809265137,0.02659759484231472,0.0,0.9650278763304613,0.0,0.0,0.0,28.848484848484848,0.966497461928934,1731.17578125,150902784.0,66.0,0.0,0.0,0.0,1.0,1.0
-2604732.5,0.0,2.462739944458008,0.0,2.1600000858306885,0.027766963467001915,0.0,0.9687026754164564,0.0,0.0,0.0,33.666666666666664,0.9711538461538461,1946.557861328125,131527288.0,57.0,0.0,0.0,0.0,1.0,1.0
-2714112.0,0.0,2.462739944458008,0.0,1.8899999856948853,0.022721238434314728,0.0,0.9707513867876955,0.0,0.0,0.0,35.648148148148145,0.9727134916624558,1811.767822265625,180361560.0,54.0,0.0,0.0,0.0,1.0,1.0
-2034653.0,0.0,2.462739944458008,0.0,3.180000066757202,0.02856888435781002,0.0,0.9635811836115327,0.0,0.0,0.0,29.765625,0.9674961909598782,1835.029052734375,39816020.0,64.0,0.0,0.0,0.0,1.0,1.0
-1954856.125,0.0,2.462739944458008,0.0,2.240000009536743,0.022203968837857246,0.0,0.9706477732793523,0.0,0.0,0.0,34.25,0.9716312056737588,1819.0673828125,27050272.0,56.0,0.0,0.0,0.0,1.0,1.0
-2327978.5,0.0,2.462739944458008,0.0,1.8700000047683716,0.022826863452792168,0.0,0.965989847715736,0.0,0.0,0.0,29.734375,0.9674631418403661,1631.013427734375,139284400.0,64.0,0.0,0.0,0.0,1.0,1.0
-1785512.375,0.0,2.462739944458008,0.0,2.7699999809265137,0.025544393807649612,0.0,0.9665484034465281,0.0,0.0,0.0,29.338461538461537,0.9670385395537525,1677.3687744140625,21519833.0,65.0,0.0,0.0,0.0,1.0,1.0
-2087041.875,0.0,2.462739944458008,0.0,2.9200000762939453,0.02357489988207817,0.0,0.9783810960281548,0.0,0.0,0.0,48.65,0.9798590130916415,1683.201904296875,80662512.0,40.0,0.0,0.0,0.0,1.0,1.0
-2804295.0,0.0,2.462739944458008,0.0,2.0299999713897705,0.027364656329154968,0.0,0.9767794043412418,0.0,0.0,0.0,42.06521739130435,0.9767794043412418,1808.18994140625,199114984.0,46.0,0.0,0.0,0.0,1.0,1.0
-2458695.0,0.0,2.462739944458008,0.0,2.25,0.024837257340550423,0.0,0.9599594526102382,0.0,0.0,0.0,25.945205479452056,0.9628876461616676,1892.5775146484375,113113648.0,73.0,0.0,0.0,0.0,1.0,1.0
-2581347.75,0.0,2.462739944458008,0.0,2.0,0.022540785372257233,0.0,0.9737241030823648,0.0,0.0,0.0,39.326530612244895,0.9752024291497976,1824.9532470703125,151172296.0,49.0,0.0,0.0,0.0,1.0,1.0
-2123667.75,0.0,2.462739944458008,0.0,2.2300000190734863,0.023507287725806236,0.0,0.9630566801619433,0.0,0.0,0.0,26.068493150684933,0.9630566801619433,1486.8314208984375,127257496.0,73.0,0.0,0.0,0.0,1.0,1.0
-2730217.25,0.0,2.462739944458008,0.0,1.7699999809265137,0.025399217382073402,0.0,0.9670385395537525,0.0,0.0,0.0,29.796875,0.9675291730086251,1849.6602783203125,176002944.0,64.0,0.0,0.0,0.0,1.0,1.0
-2353237.0,0.0,2.462739944458008,0.0,2.3499999046325684,0.030902693048119545,0.0,0.9701718907987866,0.0,0.0,0.0,33.08620689655172,0.9706626201315124,1667.9664306640625,136946232.0,58.0,0.0,0.0,0.0,1.0,1.0
-614177.75,0.0,2.462739944458008,0.0,3.25,0.022383378818631172,0.0,0.9537836465210767,0.0,0.0,0.0,21.10112359550562,0.9547534316217591,1875.8065185546875,-252438080.0,89.0,0.0,0.0,0.0,1.0,1.0
-2189192.25,0.0,2.462739944458008,0.0,2.140000104904175,0.027901452034711838,0.0,0.9783593356819326,0.0,0.0,0.0,46.285714285714285,0.9788519637462235,1740.151611328125,89702528.0,42.0,0.0,0.0,0.0,1.0,1.0
-2271907.25,0.0,2.462739944458008,0.0,3.180000066757202,0.02619890309870243,0.0,0.9603859827323514,0.0,0.0,0.0,24.88157894736842,0.9613624809354346,1777.640869140625,98742980.0,76.0,0.0,0.0,0.0,1.0,1.0
-2052481.125,0.0,2.462739944458008,0.0,2.680000066757202,0.022814368829131126,0.0,0.9614408929477423,0.0,0.0,0.0,25.60810810810811,0.9624174707973591,1862.125,37961238.0,74.0,0.0,0.0,0.0,1.0,1.0
-2751282.0,0.0,2.462739944458008,0.0,1.7799999713897705,0.023503078147768974,0.0,0.9787341772151898,0.0,0.0,0.0,47.146341463414636,0.9792299898682877,1805.3758544921875,189075920.0,41.0,0.0,0.0,0.0,1.0,1.0
-1283767.25,0.0,2.462739944458008,0.0,2.6700000762939453,0.027105610817670822,0.0,0.9727272727272728,0.0,0.0,0.0,36.339622641509436,0.9732187973724103,1740.552490234375,-91464036.0,53.0,0.0,0.0,0.0,1.0,1.0
-760575.8125,0.0,2.462739944458008,0.0,3.4100000858306885,0.03554810583591461,0.0,0.9686710459828196,0.0,0.0,0.0,32.49152542372882,0.9701417004048583,1683.80712890625,-184754408.0,59.0,0.0,0.0,0.0,1.0,1.0
-1493659.375,0.0,2.462739944458008,0.0,2.569999933242798,0.030607059597969055,0.0,0.9722502522704339,0.0,0.0,0.0,37.78431372549019,0.9742163801820021,1760.886474609375,-53552078.0,51.0,0.0,0.0,0.0,1.0,1.0
-2515962.25,0.0,2.462739944458008,0.0,2.1500000953674316,0.029051970690488815,0.0,0.9715302491103203,0.0,0.0,0.0,34.125,0.9715302491103203,1841.637451171875,134757584.0,56.0,0.0,0.0,0.0,1.0,1.0
-2780659.5,0.0,2.462739944458008,0.0,1.8600000143051147,0.02700946293771267,0.0,0.9773527931555108,0.0,0.0,0.0,43.15555555555556,0.9773527931555108,1907.035400390625,174618720.0,45.0,0.0,0.0,0.0,1.0,1.0
-2312406.0,0.0,2.462739944458008,0.0,2.5999999046325684,0.026555359363555908,0.0,0.9591628381827463,0.0,0.0,0.0,25.73972602739726,0.9626024590163934,1854.0635986328125,91558784.0,73.0,0.0,0.0,0.0,1.0,1.0
-2371942.5,0.0,2.462739944458008,0.0,2.630000114440918,0.024843944236636162,0.0,0.9682139253279516,0.0,0.0,0.0,30.951612903225808,0.9687026754164564,1969.666748046875,80346712.0,62.0,0.0,0.0,0.0,1.0,1.0
-1990454.5,0.0,2.462739944458008,0.0,2.380000114440918,0.03336472436785698,0.0,0.9639776763064434,0.0,0.0,0.0,27.941176470588236,0.9654471544715447,1614.5040283203125,75081012.0,68.0,0.0,0.0,0.0,1.0,1.0
-2525230.0,0.0,2.462739944458008,0.0,2.6500000953674316,0.02540070191025734,0.0,0.9674300254452927,0.0,0.0,0.0,31.16393442622951,0.9689092762487258,1740.549072265625,156827936.0,61.0,0.0,0.0,0.0,1.0,1.0
-2675680.5,0.0,2.462739944458008,0.0,2.700000047683716,0.022235404700040817,0.0,0.9629441624365482,0.0,0.0,0.0,26.34722222222222,0.9634332148298629,1967.489990234375,141528512.0,72.0,0.0,0.0,0.0,1.0,1.0
-1517895.0,0.0,2.462739944458008,0.0,3.1700000762939453,0.02487410232424736,0.0,0.9546843177189409,0.0,0.0,0.0,21.06741573033708,0.9546843177189409,1597.044677734375,-15942494.0,89.0,0.0,0.0,0.0,1.0,1.0
-2651381.75,0.0,2.462739944458008,0.0,3.7699999809265137,0.024724025279283524,0.0,0.956543708943911,0.0,0.0,0.0,22.80722891566265,0.957995951417004,1917.95166015625,146574096.0,83.0,0.0,0.0,0.0,1.0,1.0
-2319501.75,0.0,2.462739944458008,0.0,2.109999895095825,0.021318504586815834,0.0,0.9679878048780488,0.0,0.0,0.0,30.725806451612904,0.9684799186578547,1657.2811279296875,132335816.0,62.0,0.0,0.0,0.0,1.0,1.0
-1224500.5,0.0,2.462739944458008,0.0,3.5,0.021983521059155464,0.0,0.9574036511156186,0.0,0.0,0.0,22.746987951807228,0.9578893962455606,2126.379150390625,-180487072.0,83.0,0.0,0.0,0.0,1.0,1.0
-2289401.0,0.0,2.462739944458008,0.0,3.1600000858306885,0.02979208528995514,0.0,0.9672048435923309,0.0,0.0,0.0,32.49152542372882,0.9701417004048583,1728.549072265625,112062592.0,59.0,0.0,0.0,0.0,1.0,1.0
-2881712.75,0.0,2.462739944458008,0.0,1.5399999618530273,0.021879658102989197,0.0,0.9701568032372281,0.0,0.0,0.0,33.06896551724138,0.9706477732793523,1746.553466796875,226924144.0,58.0,0.0,0.0,0.0,1.0,1.0
-1635255.0,0.0,2.462739944458008,0.0,2.5899999141693115,0.027831992134451866,0.0,0.9645210339584389,0.0,0.0,0.0,27.579710144927535,0.9650101419878296,2028.65185546875,-78788740.0,69.0,0.0,0.0,0.0,1.0,1.0
-1772875.25,0.0,2.462739944458008,0.0,3.240000009536743,0.026057168841362,0.0,0.9670385395537525,0.0,0.0,0.0,30.758064516129032,0.968511934992382,1898.53564453125,-25240267.0,62.0,0.0,0.0,0.0,1.0,1.0
-1679464.625,0.0,2.462739944458008,0.0,2.7799999713897705,0.031586430966854095,0.0,0.9718026183282981,0.0,0.0,0.0,38.6,0.9747474747474747,1683.7041015625,-954397.0,50.0,0.0,0.0,0.0,1.0,1.0
-2393939.25,0.0,2.462739944458008,0.0,1.649999976158142,0.026335498318076134,0.0,0.9695894576786619,0.0,0.0,0.0,31.883333333333333,0.9695894576786619,1913.7054443359375,95938632.0,60.0,0.0,0.0,0.0,1.0,1.0
-1520096.125,0.0,2.462739944458008,0.0,3.240000009536743,0.026199687272310257,0.0,0.9803030303030303,0.0,0.0,0.0,49.76923076923077,0.9803030303030303,1845.933349609375,-65272602.0,39.0,0.0,0.0,0.0,1.0,1.0
-2345466.0,0.0,2.462739944458008,0.0,2.5299999713897705,0.024632204324007034,0.0,0.970126582278481,0.0,0.0,0.0,33.6140350877193,0.9711099847947289,1644.55908203125,140073784.0,57.0,0.0,0.0,0.0,1.0,1.0
-2169359.75,0.0,2.462739944458008,0.0,2.319999933242798,0.02457551285624504,0.0,0.9676767676767677,0.0,0.0,0.0,29.9375,0.9676767676767677,1514.5650634765625,130850348.0,64.0,0.0,0.0,0.0,1.0,1.0
-1897389.875,0.0,2.462739944458008,0.0,2.7799999713897705,0.025065535679459572,0.0,0.9675456389452333,0.0,0.0,0.0,31.278688524590162,0.9690198070086338,1685.493408203125,42271218.0,61.0,0.0,0.0,0.0,1.0,1.0
-2077505.0,0.0,2.462739944458008,0.0,2.5,0.024795761331915855,0.0,0.9675949367088608,0.0,0.0,0.0,31.85,0.969558599695586,1888.08984375,37774840.0,60.0,0.0,0.0,0.0,1.0,1.0
-2346736.25,0.0,2.462739944458008,0.0,2.5899999141693115,0.023087650537490845,0.0,0.9788199697428139,0.0,0.0,0.0,48.525,0.9798081776880363,1521.509521484375,164940056.0,40.0,0.0,0.0,0.0,1.0,1.0
-2772307.25,0.0,2.462739944458008,0.0,2.609999895095825,0.025690805166959763,0.0,0.969758064516129,0.0,0.0,0.0,33.172413793103445,0.970736629667003,2020.828369140625,150187960.0,58.0,0.0,0.0,0.0,1.0,1.0
-969358.3125,0.0,2.462739944458008,0.0,2.7799999713897705,0.027936270460486412,0.0,0.9656218402426694,0.0,0.0,0.0,28.939393939393938,0.9665991902834008,1956.2388916015625,-197485200.0,66.0,0.0,0.0,0.0,1.0,1.0
-2344038.5,0.0,2.462739944458008,0.0,2.700000047683716,0.023238714784383774,0.0,0.9645210339584389,0.0,0.0,0.0,27.985294117647058,0.9654997463216641,1869.2998046875,94838640.0,68.0,0.0,0.0,0.0,1.0,1.0
-1201724.25,0.0,2.462739944458008,0.0,2.8299999237060547,0.022521402686834335,0.0,0.9686075949367089,0.0,0.0,0.0,34.160714285714285,0.9715591670898933,1806.1639404296875,-120995392.0,56.0,0.0,0.0,0.0,1.0,1.0
-2417578.5,0.0,2.462739944458008,0.0,2.740000009536743,0.030586328357458115,0.0,0.9671717171717171,0.0,0.0,0.0,30.887096774193548,0.9686393525543753,1638.791015625,155649120.0,62.0,0.0,0.0,0.0,1.0,1.0
-1848140.5,0.0,2.462739944458008,0.0,2.2300000190734863,0.025784000754356384,0.0,0.9752400202122284,0.0,0.0,0.0,39.38775510204081,0.9752400202122284,1802.298095703125,9061899.0,49.0,0.0,0.0,0.0,1.0,1.0
-1516332.5,0.0,2.462739944458008,0.0,3.200000047683716,0.022838283330202103,0.0,0.9671052631578947,0.0,0.0,0.0,32.389830508474574,0.9700507614213199,1765.7640380859375,-49994054.0,59.0,0.0,0.0,0.0,1.0,1.0
-3275715.25,0.0,2.462739944458008,0.0,2.5199999809265137,0.02227109484374523,0.0,0.9762746087834427,0.0,0.0,0.0,42.04347826086956,0.9767676767676767,1968.811279296875,261274720.0,46.0,0.0,0.0,0.0,1.0,1.0
-1256663.75,0.0,2.462739944458008,0.0,3.5199999809265137,0.030807027593255043,0.0,0.961499493414387,0.0,0.0,0.0,26.0,0.9629629629629629,1610.052978515625,-70788000.0,73.0,0.0,0.0,0.0,1.0,1.0
-2126710.0,0.0,2.462739944458008,0.0,3.7699999809265137,0.025130003690719604,0.0,0.9593289273004576,0.0,0.0,0.0,24.82894736842105,0.9612837493632196,1743.4954833984375,76532460.0,76.0,0.0,0.0,0.0,1.0,1.0
-2077477.0,0.0,2.462739944458008,0.0,2.1500000953674316,0.025982633233070374,0.0,0.9691295546558705,0.0,0.0,0.0,31.39344262295082,0.9691295546558705,1696.34716796875,76117776.0,61.0,0.0,0.0,0.0,1.0,1.0
-2409637.5,0.0,2.462739944458008,0.0,1.9900000095367432,0.025709092617034912,0.0,0.9844064386317908,0.0,0.0,0.0,63.12903225806452,0.9844064386317908,1931.9603271484375,95431440.0,31.0,0.0,0.0,0.0,1.0,1.0
-2970603.0,0.0,2.462739944458008,0.0,1.840000033378601,0.022340908646583557,0.0,0.979345088161209,0.0,0.0,0.0,48.6,0.9798387096774194,1698.044189453125,254406448.0,40.0,0.0,0.0,0.0,1.0,1.0
-2089731.875,0.0,2.462739944458008,0.0,2.200000047683716,0.02023814246058464,0.0,0.9748110831234257,0.0,0.0,0.0,38.7,0.9748110831234257,1868.9713134765625,44045452.0,50.0,0.0,0.0,0.0,1.0,1.0
-2305359.25,0.0,2.462739944458008,0.0,2.5,0.025997061282396317,0.0,0.9589457678661936,0.0,0.0,0.0,23.65,0.9594320486815415,1836.24365234375,93712280.0,80.0,0.0,0.0,0.0,1.0,1.0
-1883621.5,0.0,2.462739944458008,0.0,2.930000066757202,0.02484928071498871,0.0,0.9696969696969697,0.0,0.0,0.0,33.10344827586207,0.9706774519716885,1786.9473876953125,19226936.0,58.0,0.0,0.0,0.0,1.0,1.0
-2562231.75,0.0,2.462739944458008,0.0,2.4000000953674316,0.024211524054408073,0.0,0.9696048632218845,0.0,0.0,0.0,32.440677966101696,0.9700963000506843,1993.4674072265625,113644948.0,59.0,0.0,0.0,0.0,1.0,1.0
-1623654.25,0.0,2.462739944458008,0.0,2.200000047683716,0.023393183946609497,0.0,0.9737903225806451,0.0,0.0,0.0,40.25,0.9757575757575757,1566.280517578125,11368173.0,48.0,0.0,0.0,0.0,1.0,1.0
-2982826.25,0.0,2.462739944458008,0.0,2.1600000858306885,0.026457805186510086,0.0,0.9757453259221829,0.0,0.0,0.0,41.08510638297872,0.9762386248736097,1839.4732666015625,228564304.0,47.0,0.0,0.0,0.0,1.0,1.0
-2687500.25,0.0,2.462739944458008,0.0,2.180000066757202,0.026541823521256447,0.0,0.9711975745325923,0.0,0.0,0.0,34.32142857142857,0.9716885743174924,1735.6917724609375,190254000.0,56.0,0.0,0.0,0.0,1.0,1.0
-1201241.875,0.0,2.462739944458008,0.0,2.869999885559082,0.028155088424682617,0.0,0.9722081859525012,0.0,0.0,0.0,37.0,0.9736842105263158,1702.296875,-100318124.0,52.0,0.0,0.0,0.0,1.0,1.0
-1566115.25,0.0,2.462739944458008,0.0,3.4600000381469727,0.02927383780479431,0.0,0.9671882887430591,0.0,0.0,0.0,30.41269841269841,0.9681657402728651,1620.0491943359375,-10895235.0,63.0,0.0,0.0,0.0,1.0,1.0
297685.625,0.0,2.462739944458008,0.0,3.640000104904175,0.023996461182832718,0.0,0.9670719351570415,0.0,0.0,0.0,29.369230769230768,0.9670719351570415,1857.1396484375,-431073872.0,65.0,0.0,0.0,0.0,1.0,1.0
-2807590.5,0.0,2.462739944458008,0.0,1.899999976158142,0.02491757646203041,0.0,0.9722222222222222,0.0,0.0,0.0,36.320754716981135,0.9732052578361982,1783.7701416015625,204657080.0,53.0,0.0,0.0,0.0,1.0,1.0
-2070664.375,0.0,2.462739944458008,0.0,2.430000066757202,0.02384689822793007,0.0,0.9722642460917801,0.0,0.0,0.0,35.7037037037037,0.9727547931382442,1628.243408203125,88376916.0,54.0,0.0,0.0,0.0,1.0,1.0
-1141851.375,0.0,2.462739944458008,0.0,2.390000104904175,0.02500208653509617,0.0,0.9588832487309644,0.0,0.0,0.0,23.911392405063292,0.9598577235772358,2039.86474609375,-179713248.0,79.0,0.0,0.0,0.0,1.0,1.0
-2050120.0,0.0,2.462739944458008,0.0,3.240000009536743,0.024814823642373085,0.0,0.9698037242073477,0.0,0.0,0.0,33.224137931034484,0.9707808564231738,1641.980712890625,81520100.0,58.0,0.0,0.0,0.0,1.0,1.0
-2042972.75,0.0,2.462739944458008,0.0,3.7799999713897705,0.02538144588470459,0.0,0.9665144596651446,0.0,0.0,0.0,29.307692307692307,0.9670050761421319,1725.5213623046875,63381726.0,65.0,0.0,0.0,0.0,1.0,1.0
-1934739.25,0.0,2.462739944458008,0.0,2.7699999809265137,0.024465175345540047,0.0,0.9730964467005077,0.0,0.0,0.0,36.16981132075472,0.9730964467005077,2102.644775390625,-33688134.0,53.0,0.0,0.0,0.0,1.0,1.0
-2217971.25,0.0,2.462739944458008,0.0,2.559999942779541,0.022414712235331535,0.0,0.9658511722731906,0.0,0.0,0.0,29.609375,0.967330270546197,1677.8349609375,107918688.0,64.0,0.0,0.0,0.0,1.0,1.0
-843033.25,0.0,2.462739944458008,0.0,2.859999895095825,0.02804654836654663,0.0,0.9671385237613751,0.0,0.0,0.0,33.56140350877193,0.9710659898477157,1807.4139404296875,-192983624.0,57.0,0.0,0.0,0.0,1.0,1.0
-2467928.25,0.0,2.462739944458008,0.0,2.0899999141693115,0.024851692840456963,0.0,0.9614604462474645,0.0,0.0,0.0,24.94736842105263,0.9614604462474645,1926.8717041015625,108101016.0,76.0,0.0,0.0,0.0,1.0,1.0
-1482082.75,0.0,2.462739944458008,0.0,2.319999933242798,0.02585223875939846,0.0,0.9685916919959473,0.0,0.0,0.0,32.96551724137931,0.9705583756345177,1488.576171875,-1406608.0,58.0,0.0,0.0,0.0,1.0,1.0
-1850733.125,0.0,2.462739944458008,0.0,2.299999952316284,0.02106405235826969,0.0,0.9737771053958648,0.0,0.0,0.0,39.40816326530612,0.9752525252525253,1586.535400390625,52733064.0,49.0,0.0,0.0,0.0,1.0,1.0
-1793735.625,0.0,2.462739944458008,0.0,2.690000057220459,0.023415040224790573,0.0,0.9650632911392405,0.0,0.0,0.0,29.323076923076922,0.9670218163368848,2025.203125,-46402186.0,65.0,0.0,0.0,0.0,1.0,1.0
-1785990.375,0.0,2.462739944458008,0.0,2.9200000762939453,0.020678671076893806,0.0,0.9737771053958648,0.0,0.0,0.0,37.86274509803921,0.9742684157416751,1749.275146484375,7236043.0,51.0,0.0,0.0,0.0,1.0,1.0
-2493667.25,0.0,2.462739944458008,0.0,2.7699999809265137,0.03135563060641289,0.0,0.9671385237613751,0.0,0.0,0.0,31.883333333333333,0.9695894576786619,1811.64404296875,136296576.0,60.0,0.0,0.0,0.0,1.0,1.0
-2147917.5,0.0,2.462739944458008,0.0,2.7699999809265137,0.02335141971707344,0.0,0.9742424242424242,0.0,0.0,0.0,39.36734693877551,0.9752275025278059,1768.5400390625,75768908.0,49.0,0.0,0.0,0.0,1.0,1.0
-1966235.0,0.0,2.462739944458008,0.0,2.680000066757202,0.027316082268953323,0.0,0.9686234817813765,0.0,0.0,0.0,31.37704918032787,0.9691139240506329,1705.5391845703125,52031126.0,61.0,0.0,0.0,0.0,1.0,1.0
-2244947.0,0.0,2.462739944458008,0.0,4.25,0.025103118270635605,0.0,0.9533941236068896,0.0,0.0,0.0,20.456521739130434,0.9533941236068896,1726.952392578125,103485868.0,92.0,0.0,0.0,0.0,1.0,1.0
-2112006.75,0.0,2.462739944458008,0.0,1.8799999952316284,0.026276106014847755,0.0,0.9748364368394564,0.0,0.0,0.0,39.53061224489796,0.9753272910372608,1900.0941162109375,42276086.0,49.0,0.0,0.0,0.0,1.0,1.0
-112348.7734375,0.0,2.462739944458008,0.0,3.130000114440918,0.02416897378861904,0.0,0.9552618200305033,0.0,0.0,0.0,22.63855421686747,0.9576962283384302,1823.20263671875,-342282160.0,83.0,0.0,0.0,0.0,1.0,1.0
-2067216.125,0.0,2.462739944458008,0.0,2.359999895095825,0.024359706789255142,0.0,0.9685757729346174,0.0,0.0,0.0,30.822580645161292,0.9685757729346174,1720.824951171875,69169848.0,62.0,0.0,0.0,0.0,1.0,1.0
-778265.25,0.0,2.462739944458008,0.0,2.109999895095825,0.02584627829492092,0.0,0.9691451694486596,0.0,0.0,0.0,31.933333333333334,0.9696356275303644,1759.3975830078125,-196334392.0,60.0,0.0,0.0,0.0,1.0,1.0
-3490907.5,0.0,2.462739944458008,0.0,2.0999999046325684,0.024214809760451317,0.0,0.9706031424227065,0.0,0.0,0.0,33.01724137931034,0.9706031424227065,1838.63330078125,330347152.0,58.0,0.0,0.0,0.0,1.0,1.0
-3047336.0,0.0,2.462739944458008,0.0,2.0299999713897705,0.02337711490690708,0.0,0.9747729566094854,0.0,0.0,0.0,38.64,0.9747729566094854,1776.176025390625,254125400.0,50.0,0.0,0.0,0.0,1.0,1.0
-2479697.5,0.0,2.462739944458008,0.0,2.7799999713897705,0.02739241160452366,0.0,0.9645030425963489,0.0,0.0,0.0,27.970588235294116,0.965482233502538,1833.1864013671875,129193092.0,68.0,0.0,0.0,0.0,1.0,1.0
-2386634.5,0.0,2.462739944458008,0.0,2.059999942779541,0.02344362623989582,0.0,0.969558599695586,0.0,0.0,0.0,33.526315789473685,0.9710365853658537,1645.763916015625,148066264.0,57.0,0.0,0.0,0.0,1.0,1.0
-1770807.625,0.0,2.462739944458008,0.0,2.8399999141693115,0.025837909430265427,0.0,0.9670719351570415,0.0,0.0,0.0,29.828125,0.9675620881905728,2021.431396484375,-50233448.0,64.0,0.0,0.0,0.0,1.0,1.0
-2648942.75,0.0,2.462739944458008,0.0,1.9800000190734863,0.023484716191887856,0.0,0.9731509625126646,0.0,0.0,0.0,38.42,0.9746321664129883,1538.7259521484375,221936664.0,50.0,0.0,0.0,0.0,1.0,1.0
-1892197.75,0.0,2.462739944458008,0.0,1.7899999618530273,0.024767955765128136,0.0,0.9691763516927742,0.0,0.0,0.0,34.25,0.9716312056737588,1713.670654296875,35597994.0,56.0,0.0,0.0,0.0,1.0,1.0
-2501423.75,0.0,2.462739944458008,0.0,1.9600000381469727,0.029160816222429276,0.0,0.9758064516129032,0.0,0.0,0.0,42.08695652173913,0.9767911200807265,1816.4324951171875,136892112.0,46.0,0.0,0.0,0.0,1.0,1.0
-1778896.0,0.0,2.462739944458008,0.0,2.680000066757202,0.028737103566527367,0.0,0.9690512430238457,0.0,0.0,0.0,34.107142857142854,0.9715157680569685,1870.7607421875,-18480193.0,56.0,0.0,0.0,0.0,1.0,1.0
-2354555.0,0.0,2.462739944458008,0.0,2.200000047683716,0.023926198482513428,0.0,0.962925342813611,0.0,0.0,0.0,26.704225352112676,0.9639044229791561,1802.4974365234375,110301856.0,71.0,0.0,0.0,0.0,1.0,1.0
-1847073.875,0.0,2.462739944458008,0.0,2.9000000953674316,0.026761751621961594,0.0,0.9639776763064434,0.0,0.0,0.0,27.142857142857142,0.9644670050761421,2098.62158203125,-50419348.0,70.0,0.0,0.0,0.0,1.0,1.0
-2163564.75,0.0,2.462739944458008,0.0,2.890000104904175,0.024109264835715294,0.0,0.9671052631578947,0.0,0.0,0.0,29.4,0.9671052631578947,1570.3660888671875,118530952.0,65.0,0.0,0.0,0.0,1.0,1.0
-2026959.875,0.0,2.462739944458008,0.0,2.6500000953674316,0.022892072796821594,0.0,0.9702020202020202,0.0,0.0,0.0,34.30357142857143,0.9716742539200809,1960.5621337890625,13172017.0,56.0,0.0,0.0,0.0,1.0,1.0
-2873744.75,0.0,2.462739944458008,0.0,1.7000000476837158,0.025295820087194443,0.0,0.9726443768996961,0.0,0.0,0.0,36.92307692307692,0.973630831643002,1631.7139892578125,248299304.0,52.0,0.0,0.0,0.0,1.0,1.0
-2110793.0,0.0,2.462739944458008,0.0,2.119999885559082,0.02909155562520027,0.0,0.9681657402728651,0.0,0.0,0.0,30.903225806451612,0.9686552072800809,1635.8890380859375,94872508.0,62.0,0.0,0.0,0.0,1.0,1.0
-3243359.25,0.0,2.462739944458008,0.0,1.4199999570846558,0.024234134703874588,0.0,0.9711684370257967,0.0,0.0,0.0,34.90909090909091,0.9721518987341772,1766.4573974609375,295272960.0,55.0,0.0,0.0,0.0,1.0,1.0
-2490359.75,0.0,2.462739944458008,0.0,2.0299999713897705,0.0238957479596138,0.0,0.9638492871690427,0.0,0.0,0.0,28.253731343283583,0.9658163265306122,1395.580322265625,218846776.0,67.0,0.0,0.0,0.0,1.0,1.0
-1991766.5,0.0,2.462739944458008,0.0,2.609999895095825,0.023693308234214783,0.0,0.9629817444219066,0.0,0.0,0.0,26.013698630136986,0.9629817444219066,1787.613037109375,40720710.0,73.0,0.0,0.0,0.0,1.0,1.0
-11102.400390625,0.0,2.462739944458008,0.0,2.0999999046325684,0.0228129792958498,0.0,0.9638124362895005,0.0,0.0,0.0,26.633802816901408,0.9638124362895005,1597.7115478515625,-317431328.0,71.0,0.0,0.0,0.0,1.0,1.0
-3092672.0,0.0,2.462739944458008,0.0,1.5800000429153442,0.02391519583761692,0.0,0.9696816574027286,0.0,0.0,0.0,33.666666666666664,0.9711538461538461,1817.628173828125,254901320.0,57.0,0.0,0.0,0.0,1.0,1.0
-2345543.25,0.0,2.462739944458008,0.0,1.5800000429153442,0.024185243993997574,0.0,0.9643221202854231,0.0,0.0,0.0,27.823529411764707,0.9653061224489796,2001.1021728515625,68779160.0,68.0,0.0,0.0,0.0,1.0,1.0
-1962611.0,0.0,2.462739944458008,0.0,2.190000057220459,0.02359115704894066,0.0,0.9721377912867275,0.0,0.0,0.0,35.53703703703704,0.9726305119107957,1959.6070556640625,493362.0,54.0,0.0,0.0,0.0,1.0,1.0
-1964110.25,0.0,2.462739944458008,0.0,2.7200000286102295,0.026334688067436218,0.0,0.9686868686868687,0.0,0.0,0.0,33.64912280701754,0.9711392405063292,1692.31982421875,54250558.0,57.0,0.0,0.0,0.0,1.0,1.0
-2140729.75,0.0,2.462739944458008,0.0,2.1700000762939453,0.024433450773358345,0.0,0.9717314487632509,0.0,0.0,0.0,35.648148148148145,0.9727134916624558,1736.9031982421875,80658224.0,54.0,0.0,0.0,0.0,1.0,1.0
-2578455.75,0.0,2.462739944458008,0.0,1.909999966621399,0.025679249316453934,0.0,0.9640870005058169,0.0,0.0,0.0,27.6231884057971,0.9650632911392405,1815.564697265625,152468784.0,69.0,0.0,0.0,0.0,1.0,1.0
-2320579.25,0.0,2.462739944458008,0.0,2.009999990463257,0.024372341111302376,0.0,0.9696356275303644,0.0,0.0,0.0,34.214285714285715,0.9716024340770791,1788.2685546875,106354764.0,56.0,0.0,0.0,0.0,1.0,1.0
-667517.75,0.0,2.462739944458008,0.0,3.940000057220459,0.026510849595069885,0.0,0.9638009049773756,0.0,0.0,0.0,30.428571428571427,0.9681818181818181,1762.861328125,-219177344.0,63.0,0.0,0.0,0.0,1.0,1.0
-2826462.75,0.0,2.462739944458008,0.0,2.380000114440918,0.024146433919668198,0.0,0.9741510390268626,0.0,0.0,0.0,40.041666666666664,0.9756345177664975,1747.110107421875,215764280.0,48.0,0.0,0.0,0.0,1.0,1.0
-2399259.5,0.0,2.462739944458008,0.0,1.8200000524520874,0.0288926400244236,0.0,0.9757942511346445,0.0,0.0,0.0,42.06521739130435,0.9767794043412418,1620.2398681640625,155697848.0,46.0,0.0,0.0,0.0,1.0,1.0
-1775091.375,0.0,2.462739944458008,0.0,2.9700000286102295,0.02314569242298603,0.0,0.9651691065118627,0.0,0.0,0.0,28.53731343283582,0.966144517433047,1738.254638671875,7258101.0,67.0,0.0,0.0,0.0,1.0,1.0
-2859827.25,0.0,2.462739944458008,0.0,2.4600000381469727,0.024217557162046432,0.0,0.9747983870967742,0.0,0.0,0.0,38.68,0.9747983870967742,2052.33935546875,161390888.0,50.0,0.0,0.0,0.0,1.0,1.0
-1468701.25,0.0,2.462739944458008,0.0,3.2799999713897705,0.031536102294921875,0.0,0.9630940343781598,0.0,0.0,0.0,28.863636363636363,0.9665144596651446,1522.056884765625,-10779917.0,66.0,0.0,0.0,0.0,1.0,1.0
-1202119.625,0.0,2.462739944458008,0.0,2.9000000953674316,0.023225288838148117,0.0,0.9772612430520465,0.0,0.0,0.0,46.04761904761905,0.978744939271255,1580.120849609375,-75705720.0,42.0,0.0,0.0,0.0,1.0,1.0
-2980962.5,0.0,2.462739944458008,0.0,1.9700000286102295,0.02676772139966488,0.0,0.9676277187658068,0.0,0.0,0.0,30.365079365079364,0.9681174089068826,1748.721435546875,246339912.0,63.0,0.0,0.0,0.0,1.0,1.0
-2492386.75,0.0,2.462739944458008,0.0,2.119999885559082,0.024548238143324852,0.0,0.9716312056737588,0.0,0.0,0.0,35.51851851851852,0.9726166328600405,1792.934326171875,139783392.0,54.0,0.0,0.0,0.0,1.0,1.0
-2504540.75,0.0,2.462739944458008,0.0,2.4000000953674316,0.022289130836725235,0.0,0.9772151898734177,0.0,0.0,0.0,43.86363636363637,0.977710233029382,1956.3409423828125,109534148.0,44.0,0.0,0.0,0.0,1.0,1.0
-2882764.25,0.0,2.462739944458008,0.0,1.7899999618530273,0.02475191280245781,0.0,0.9721095334685599,0.0,0.0,0.0,36.16981132075472,0.9730964467005077,1753.1390380859375,225818032.0,53.0,0.0,0.0,0.0,1.0,1.0
-2878016.0,0.0,2.462739944458008,0.0,1.7999999523162842,0.020182553678750992,0.0,0.9716312056737588,0.0,0.0,0.0,34.872727272727275,0.9721236695387735,1759.3662109375,223622624.0,55.0,0.0,0.0,0.0,1.0,1.0
-2450321.0,0.0,2.462739944458008,0.0,2.240000009536743,0.02026568166911602,0.0,0.9614017267648552,0.0,0.0,0.0,25.931506849315067,0.9628687690742624,1902.990234375,109356084.0,73.0,0.0,0.0,0.0,1.0,1.0
-2200057.0,0.0,2.462739944458008,0.0,2.4600000381469727,0.023622743785381317,0.0,0.9711246200607903,0.0,0.0,0.0,34.232142857142854,0.9716168271667511,1774.1907958984375,85065484.0,56.0,0.0,0.0,0.0,1.0,1.0
-3128204.75,0.0,2.462739944458008,0.0,1.9199999570846558,0.021170349791646004,0.0,0.9737903225806451,0.0,0.0,0.0,38.64,0.9747729566094854,1788.7330322265625,267787800.0,50.0,0.0,0.0,0.0,1.0,1.0
-2717151.75,0.0,2.462739944458008,0.0,1.940000057220459,0.021672939881682396,0.0,0.9772497472194136,0.0,0.0,0.0,42.955555555555556,0.9772497472194136,1940.294677734375,155265064.0,45.0,0.0,0.0,0.0,1.0,1.0
-2632504.5,0.0,2.462739944458008,0.0,2.619999885559082,0.025852564722299576,0.0,0.9660759493670886,0.0,0.0,0.0,28.47761194029851,0.9660759493670886,1794.8251953125,167426944.0,67.0,0.0,0.0,0.0,1.0,1.0
-2077937.625,0.0,2.462739944458008,0.0,2.5999999046325684,0.026086529716849327,0.0,0.9702320887991928,0.0,0.0,0.0,34.339285714285715,0.9717028802425467,1660.6639404296875,83347192.0,56.0,0.0,0.0,0.0,1.0,1.0
-2442643.5,0.0,2.462739944458008,0.0,2.4200000762939453,0.02534201368689537,0.0,0.9646107178968655,0.0,0.0,0.0,30.285714285714285,0.9680365296803652,1714.045166015625,145611176.0,63.0,0.0,0.0,0.0,1.0,1.0
-1774593.25,0.0,2.462739944458008,0.0,2.2200000286102295,0.02449043095111847,0.0,0.9707218576476527,0.0,0.0,0.0,34.96363636363636,0.9721941354903944,1620.8201904296875,30647276.0,55.0,0.0,0.0,0.0,1.0,1.0
-2183934.75,0.0,2.462739944458008,0.0,2.859999895095825,0.02941105142235756,0.0,0.958904109589041,0.0,0.0,0.0,24.545454545454547,0.9608540925266904,1949.0699462890625,46862612.0,77.0,0.0,0.0,0.0,1.0,1.0
-2667334.0,0.0,2.462739944458008,0.0,2.309999942779541,0.029255960136651993,0.0,0.9691139240506329,0.0,0.0,0.0,31.37704918032787,0.9691139240506329,1838.357177734375,165687192.0,61.0,0.0,0.0,0.0,1.0,1.0
-3145468.75,0.0,2.462739944458008,0.0,1.7999999523162842,0.024419566616415977,0.0,0.9737638748738647,0.0,0.0,0.0,37.11538461538461,0.9737638748738647,1898.45703125,249295552.0,52.0,0.0,0.0,0.0,1.0,1.0
-2730686.0,0.0,2.462739944458008,0.0,2.180000066757202,0.026484232395887375,0.0,0.9655172413793104,0.0,0.0,0.0,28.417910447761194,0.9660071029934043,1807.1103515625,184606304.0,67.0,0.0,0.0,0.0,1.0,1.0
-1632154.5,0.0,2.462739944458008,0.0,2.549999952316284,0.024349236860871315,0.0,0.9655696202531645,0.0,0.0,0.0,29.796875,0.9675291730086251,1832.06787109375,-40091264.0,64.0,0.0,0.0,0.0,1.0,1.0
-2377907.75,0.0,2.462739944458008,0.0,2.3299999237060547,0.024604657664895058,0.0,0.9726443768996961,0.0,0.0,0.0,38.4,0.9746192893401016,1840.03564453125,107467912.0,50.0,0.0,0.0,0.0,1.0,1.0
-2534642.5,0.0,2.462739944458008,0.0,2.299999952316284,0.026999175548553467,0.0,0.9727134916624558,0.0,0.0,0.0,36.320754716981135,0.9732052578361982,1640.064453125,178808504.0,53.0,0.0,0.0,0.0,1.0,1.0
-2238764.25,0.0,2.462739944458008,0.0,2.049999952316284,0.027323776856064796,0.0,0.9782937910146391,0.0,0.0,0.0,46.142857142857146,0.9787878787878788,1880.54931640625,71537544.0,42.0,0.0,0.0,0.0,1.0,1.0
-2732654.75,0.0,2.462739944458008,0.0,2.190000057220459,0.025333832949399948,0.0,0.9706031424227065,0.0,0.0,0.0,33.01724137931034,0.9706031424227065,1721.55078125,202113072.0,58.0,0.0,0.0,0.0,1.0,1.0
-3009364.75,0.0,2.462739944458008,0.0,1.850000023841858,0.027440574020147324,0.0,0.9818273599192328,0.0,0.0,0.0,54.02777777777778,0.9818273599192328,2041.330322265625,193502184.0,36.0,0.0,0.0,0.0,1.0,1.0
-1997517.125,0.0,2.462739944458008,0.0,3.119999885559082,0.029123282060027122,0.0,0.9666329625884732,0.0,0.0,0.0,28.96969696969697,0.9666329625884732,1783.911376953125,42612038.0,66.0,0.0,0.0,0.0,1.0,1.0
-2833590.5,0.0,2.462739944458008,0.0,1.8300000429153442,0.02738318406045437,0.0,0.9736842105263158,0.0,0.0,0.0,40.083333333333336,0.9756592292089249,2102.46240234375,146119280.0,48.0,0.0,0.0,0.0,1.0,1.0
-2468459.25,0.0,2.462739944458008,0.0,1.5800000429153442,0.02182593010365963,0.0,0.9746450304259635,0.0,0.0,0.0,40.041666666666664,0.9756345177664975,1595.9644775390625,174392656.0,48.0,0.0,0.0,0.0,1.0,1.0
-2454645.25,0.0,2.462739944458008,0.0,1.5499999523162842,0.02477768436074257,0.0,0.9716168271667511,0.0,0.0,0.0,34.232142857142854,0.9716168271667511,1784.046875,134012316.0,56.0,0.0,0.0,0.0,1.0,1.0
-1461016.625,0.0,2.462739944458008,0.0,1.850000023841858,0.02369634620845318,0.0,0.9788413098236776,0.0,0.0,0.0,48.575,0.9798285426122038,1667.5228271484375,-41406494.0,40.0,0.0,0.0,0.0,1.0,1.0
-2536857.0,0.0,2.462739944458008,0.0,2.359999895095825,0.021642206236720085,0.0,0.9686075949367089,0.0,0.0,0.0,31.360655737704917,0.9690982776089159,1770.5848388671875,153146416.0,61.0,0.0,0.0,0.0,1.0,1.0
-2964135.75,0.0,2.462739944458008,0.0,2.2200000286102295,0.025806501507759094,0.0,0.9644850329781837,0.0,0.0,0.0,27.955882352941178,0.9654647028948705,1823.0986328125,228098304.0,68.0,0.0,0.0,0.0,1.0,1.0
-2009876.375,0.0,2.462739944458008,0.0,2.759999990463257,0.02869943156838417,0.0,0.9721800708143652,0.0,0.0,0.0,36.96153846153846,0.9736575481256332,1836.64453125,34539380.0,52.0,0.0,0.0,0.0,1.0,1.0
-1690719.0,0.0,2.462739944458008,0.0,2.390000104904175,0.026149887591600418,0.0,0.9691139240506329,0.0,0.0,0.0,33.0,0.9705882352941176,1826.8714599609375,-27338174.0,58.0,0.0,0.0,0.0,1.0,1.0
-1951711.625,0.0,2.462739944458008,0.0,2.759999990463257,0.025300269946455956,0.0,0.9665991902834008,0.0,0.0,0.0,30.317460317460316,0.968068930562595,1665.02978515625,57228150.0,63.0,0.0,0.0,0.0,1.0,1.0
-2435031.0,0.0,2.462739944458008,0.0,3.299999952316284,0.027673104777932167,0.0,0.9587576374745418,0.0,0.0,0.0,23.246913580246915,0.9587576374745418,1931.4935302734375,100596544.0,81.0,0.0,0.0,0.0,1.0,1.0
-2540824.0,0.0,2.462739944458008,0.0,2.490000009536743,0.02881663665175438,0.0,0.9629629629629629,0.0,0.0,0.0,26.36111111111111,0.9634517766497462,1893.432373046875,129368620.0,72.0,0.0,0.0,0.0,1.0,1.0
-1758814.375,0.0,2.462739944458008,0.0,2.890000104904175,0.025904204696416855,0.0,0.9679715302491103,0.0,0.0,0.0,31.21311475409836,0.9689567430025445,1750.086669921875,1637390.0,61.0,0.0,0.0,0.0,1.0,1.0
-2665228.5,0.0,2.462739944458008,0.0,2.25,0.022128963842988014,0.0,0.9748110831234257,0.0,0.0,0.0,39.48979591836735,0.9753024193548387,1801.3668212890625,172665776.0,49.0,0.0,0.0,0.0,1.0,1.0
-1839766.375,0.0,2.462739944458008,0.0,3.4000000953674316,0.027765866369009018,0.0,0.9552390640895219,0.0,0.0,0.0,22.357142857142858,0.9571865443425076,1977.8887939453125,-27735988.0,84.0,0.0,0.0,0.0,1.0,1.0
-2276156.75,0.0,2.462739944458008,0.0,2.2300000190734863,0.02572726644575596,0.0,0.9613428280773143,0.0,0.0,0.0,27.0,0.9642857142857143,1697.5235595703125,115617332.0,70.0,0.0,0.0,0.0,1.0,1.0
-2714775.75,0.0,2.462739944458008,0.0,1.7799999713897705,0.025859322398900986,0.0,0.970632911392405,0.0,0.0,0.0,34.85454545454545,0.9721095334685599,1731.9521484375,196457440.0,55.0,0.0,0.0,0.0,1.0,1.0
-1648414.125,0.0,2.462739944458008,0.0,2.7799999713897705,0.02407829836010933,0.0,0.9670385395537525,0.0,0.0,0.0,30.758064516129032,0.968511934992382,1757.9990234375,-22025293.0,62.0,0.0,0.0,0.0,1.0,1.0
-3194813.75,0.0,2.462739944458008,0.0,2.009999990463257,0.02304735593497753,0.0,0.9711246200607903,0.0,0.0,0.0,35.5,0.9726027397260274,1961.883056640625,246478824.0,54.0,0.0,0.0,0.0,1.0,1.0
-1693181.5,0.0,2.462739944458008,0.0,1.9800000190734863,0.028651082888245583,0.0,0.9788199697428139,0.0,0.0,0.0,48.525,0.9798081776880363,1497.365966796875,39057878.0,40.0,0.0,0.0,0.0,1.0,1.0
-2283377.25,0.0,2.462739944458008,0.0,2.8299999237060547,0.019936690106987953,0.0,0.961323155216285,0.0,0.0,0.0,24.855263157894736,0.961323155216285,1643.73681640625,127817596.0,76.0,0.0,0.0,0.0,1.0,1.0
-2058365.875,0.0,2.462739944458008,0.0,2.859999895095825,0.019837914034724236,0.0,0.9701417004048583,0.0,0.0,0.0,33.63157894736842,0.9711246200607903,1852.6947021484375,41026532.0,57.0,0.0,0.0,0.0,1.0,1.0
-2898438.0,0.0,2.462739944458008,0.0,2.490000009536743,0.026552662253379822,0.0,0.9752149721800708,0.0,0.0,0.0,41.91304347826087,0.9766970618034447,1960.2642822265625,187528736.0,46.0,0.0,0.0,0.0,1.0,1.0
-1009306.0,0.0,2.462739944458008,0.0,3.1700000762939453,0.025453876703977585,0.0,0.9575113808801214,0.0,0.0,0.0,23.085365853658537,0.9584810126582278,1630.565185546875,-124363536.0,82.0,0.0,0.0,0.0,1.0,1.0
-3135271.0,0.0,2.462739944458008,0.0,1.6399999856948853,0.0226411335170269,0.0,0.9695740365111561,0.0,0.0,0.0,33.54385964912281,0.9710512950736414,1973.67236328125,232211800.0,57.0,0.0,0.0,0.0,1.0,1.0
-2837475.25,0.0,2.462739944458008,0.0,2.1700000762939453,0.023297518491744995,0.0,0.9752400202122284,0.0,0.0,0.0,41.95652173913044,0.9767206477732794,1663.5706787109375,234674616.0,46.0,0.0,0.0,0.0,1.0,1.0
-2520619.0,0.0,2.462739944458008,0.0,1.690000057220459,0.021494660526514053,0.0,0.9747856782652546,0.0,0.0,0.0,42.02173913043478,0.976755937342092,1747.4515380859375,154527312.0,46.0,0.0,0.0,0.0,1.0,1.0
-2766634.25,0.0,2.462739944458008,0.0,1.9900000095367432,0.025644946843385696,0.0,0.980372420734776,0.0,0.0,0.0,52.648648648648646,0.981360201511335,1893.832275390625,174455544.0,37.0,0.0,0.0,0.0,1.0,1.0
-2569071.75,0.0,2.462739944458008,0.0,1.75,0.02423601970076561,0.0,0.9689092762487258,0.0,0.0,0.0,31.16393442622951,0.9689092762487258,1760.480224609375,161610176.0,61.0,0.0,0.0,0.0,1.0,1.0
-2799966.5,0.0,2.462739944458008,0.0,2.440000057220459,0.023647084832191467,0.0,0.9645390070921985,0.0,0.0,0.0,28.417910447761194,0.9660071029934043,1866.6102294921875,186562152.0,67.0,0.0,0.0,0.0,1.0,1.0
-2353345.5,0.0,2.462739944458008,0.0,2.740000009536743,0.026323413476347923,0.0,0.9716312056737588,0.0,0.0,0.0,34.25,0.9716312056737588,1496.2144775390625,171318824.0,56.0,0.0,0.0,0.0,1.0,1.0
-2594231.25,0.0,2.462739944458008,0.0,1.840000033378601,0.024001430720090866,0.0,0.9727134916624558,0.0,0.0,0.0,37.01923076923077,0.973697521497218,1942.290771484375,130281296.0,52.0,0.0,0.0,0.0,1.0,1.0
-2750450.25,0.0,2.462739944458008,0.0,1.559999942779541,0.02713007666170597,0.0,0.9711538461538461,0.0,0.0,0.0,34.89090909090909,0.9721377912867275,1794.231201171875,191136616.0,55.0,0.0,0.0,0.0,1.0,1.0
-2493431.0,0.0,2.462739944458008,0.0,2.0199999809265137,0.02317124232649803,0.0,0.9731917046029337,0.0,0.0,0.0,40.083333333333336,0.9756592292089249,1702.9259033203125,157994680.0,48.0,0.0,0.0,0.0,1.0,1.0
-2084086.125,0.0,2.462739944458008,0.0,2.8299999237060547,0.02766522206366062,0.0,0.9732323232323232,0.0,0.0,0.0,36.35849056603774,0.9732323232323232,1730.6846923828125,70573180.0,53.0,0.0,0.0,0.0,1.0,1.0
-1949995.25,0.0,2.462739944458008,0.0,2.880000114440918,0.024782974272966385,0.0,0.9666834931852599,0.0,0.0,0.0,31.916666666666668,0.9696202531645569,1822.53857421875,25383483.0,60.0,0.0,0.0,0.0,1.0,1.0
-1927578.375,0.0,2.462739944458008,0.0,2.9800000190734863,0.028384029865264893,0.0,0.9676604345629105,0.0,0.0,0.0,30.396825396825395,0.968149646107179,1537.47705078125,77911748.0,63.0,0.0,0.0,0.0,1.0,1.0
-1942146.375,0.0,2.462739944458008,0.0,2.859999895095825,0.025339266285300255,0.0,0.9711684370257967,0.0,0.0,0.0,33.68421052631579,0.9711684370257967,1714.9036865234375,45340912.0,57.0,0.0,0.0,0.0,1.0,1.0
-2128995.25,0.0,2.462739944458008,0.0,2.25,0.030468489974737167,0.0,0.9732593340060545,0.0,0.0,0.0,37.09615384615385,0.9737506309944473,1898.98095703125,45896012.0,52.0,0.0,0.0,0.0,1.0,1.0
-3160215.75,0.0,2.462739944458008,0.0,1.600000023841858,0.022482262924313545,0.0,0.97165991902834,0.0,0.0,0.0,35.55555555555556,0.9726443768996961,1875.7177734375,256792496.0,54.0,0.0,0.0,0.0,1.0,1.0
-1709379.25,0.0,2.462739944458008,0.0,2.5799999237060547,0.02286694571375847,0.0,0.963000506842372,0.0,0.0,0.0,26.027397260273972,0.963000506842372,1914.750244140625,-41184108.0,73.0,0.0,0.0,0.0,1.0,1.0
-2602436.0,0.0,2.462739944458008,0.0,2.390000104904175,0.024436285719275475,0.0,0.9650278763304613,0.0,0.0,0.0,28.417910447761194,0.9660071029934043,1763.8232421875,167613512.0,67.0,0.0,0.0,0.0,1.0,1.0
-2052066.875,0.0,2.462739944458008,0.0,1.909999966621399,0.02753375470638275,0.0,0.966412213740458,0.0,0.0,0.0,30.142857142857142,0.9678899082568807,1804.966064453125,49311760.0,63.0,0.0,0.0,0.0,1.0,1.0
-427358.71875,0.0,2.462739944458008,0.0,3.049999952316284,0.021861707791686058,0.0,0.9636363636363636,0.0,0.0,0.0,27.257142857142856,0.9646107178968655,1763.6015625,-267358504.0,70.0,0.0,0.0,0.0,1.0,1.0
-3200320.75,0.0,2.462739944458008,0.0,1.2100000381469727,0.021068129688501358,0.0,0.9736174530695079,0.0,0.0,0.0,37.627450980392155,0.9741116751269036,1896.453125,260666792.0,51.0,0.0,0.0,0.0,1.0,1.0
-3079434.25,0.0,2.462739944458008,0.0,1.7799999713897705,0.024844065308570862,0.0,0.9717028802425467,0.0,0.0,0.0,34.96363636363636,0.9721941354903944,1986.875244140625,218404528.0,55.0,0.0,0.0,0.0,1.0,1.0
-2510704.75,0.0,2.462739944458008,0.0,2.4700000286102295,0.03095659241080284,0.0,0.9681657402728651,0.0,0.0,0.0,35.48148148148148,0.9725888324873097,1729.71435546875,156090696.0,54.0,0.0,0.0,0.0,1.0,1.0
389039.8125,0.0,2.462739944458008,0.0,2.440000057220459,0.027296945452690125,0.0,0.9726858877086495,0.0,0.0,0.0,36.283018867924525,0.9731781376518218,1394.287353515625,-356772432.0,53.0,0.0,0.0,0.0,1.0,1.0
-2662977.5,0.0,2.462739944458008,0.0,1.690000057220459,0.024127671495079994,0.0,0.9696663296258847,0.0,0.0,0.0,33.06896551724138,0.9706477732793523,1777.2843017578125,177030984.0,58.0,0.0,0.0,0.0,1.0,1.0
-2034863.5,0.0,2.462739944458008,0.0,2.7100000381469727,0.024738740175962448,0.0,0.9798590130916415,0.0,0.0,0.0,52.5945945945946,0.9813414019162885,1611.1634521484375,84635204.0,37.0,0.0,0.0,0.0,1.0,1.0
-2646491.25,0.0,2.462739944458008,0.0,2.4000000953674316,0.025753920897841454,0.0,0.9684156902699949,0.0,0.0,0.0,30.661290322580644,0.9684156902699949,1740.7939453125,181031296.0,62.0,0.0,0.0,0.0,1.0,1.0
-1538495.25,0.0,2.462739944458008,0.0,1.6799999475479126,0.022487077862024307,0.0,0.9798081776880363,0.0,0.0,0.0,51.078947368421055,0.9807983830217282,1538.6954345703125,-145004.0,38.0,0.0,0.0,0.0,1.0,1.0
-2594704.5,0.0,2.462739944458008,0.0,2.6700000762939453,0.021498331800103188,0.0,0.9717457114026236,0.0,0.0,0.0,37.03846153846154,0.9737108190091001,1901.684814453125,138497048.0,52.0,0.0,0.0,0.0,1.0,1.0
-1980010.75,0.0,2.462739944458008,0.0,2.4100000858306885,0.02204497531056404,0.0,0.9747729566094854,0.0,0.0,0.0,38.64,0.9747729566094854,1574.4241943359375,81010704.0,50.0,0.0,0.0,0.0,1.0,1.0
-1741463.625,0.0,2.462739944458008,0.0,2.3299999237060547,0.02471083402633667,0.0,0.9737241030823648,0.0,0.0,0.0,41.0,0.9761904761904762,1852.2265625,-22259008.0,47.0,0.0,0.0,0.0,1.0,1.0
-2778263.75,0.0,2.462739944458008,0.0,2.049999952316284,0.02135651744902134,0.0,0.9563894523326572,0.0,0.0,0.0,23.0,0.9583333333333334,1822.432373046875,191054640.0,82.0,0.0,0.0,0.0,1.0,1.0
-3186237.5,0.0,2.462739944458008,0.0,1.6699999570846558,0.021996142342686653,0.0,0.9737506309944473,0.0,0.0,0.0,40.1875,0.9757207890743551,1940.070068359375,249127264.0,48.0,0.0,0.0,0.0,1.0,1.0
-2536087.75,0.0,2.462739944458008,0.0,2.6700000762939453,0.024336161091923714,0.0,0.9644489588623667,0.0,0.0,0.0,28.772727272727273,0.966412213740458,1800.532470703125,147002208.0,66.0,0.0,0.0,0.0,1.0,1.0
-2449780.5,0.0,2.462739944458008,0.0,1.9500000476837158,0.026602143421769142,0.0,0.9711392405063292,0.0,0.0,0.0,34.25,0.9716312056737588,1797.832275390625,130282124.0,56.0,0.0,0.0,0.0,1.0,1.0
-2500362.5,0.0,2.462739944458008,0.0,1.899999976158142,0.025606241077184677,0.0,0.9701417004048583,0.0,0.0,0.0,33.05172413793103,0.970632911392405,2096.603515625,80644232.0,58.0,0.0,0.0,0.0,1.0,1.0
-2350424.5,0.0,2.462739944458008,0.0,2.5999999046325684,0.02748129889369011,0.0,0.9727410398788491,0.0,0.0,0.0,37.05769230769231,0.9737241030823648,1826.6142578125,104655064.0,52.0,0.0,0.0,0.0,1.0,1.0
-2113191.75,0.0,2.462739944458008,0.0,2.799999952316284,0.022688766941428185,0.0,0.9692540322580645,0.0,0.0,0.0,32.05,0.9697428139183056,1661.033935546875,90323456.0,60.0,0.0,0.0,0.0,1.0,1.0
-1950905.0,0.0,2.462739944458008,0.0,2.6500000953674316,0.02850017324090004,0.0,0.9634146341463414,0.0,0.0,0.0,26.333333333333332,0.9634146341463414,1850.966552734375,19878134.0,72.0,0.0,0.0,0.0,1.0,1.0
-1494107.375,0.0,2.462739944458008,0.0,2.109999895095825,0.024276919662952423,0.0,0.9732187973724103,0.0,0.0,0.0,36.339622641509436,0.9732187973724103,1864.5521240234375,-74196132.0,53.0,0.0,0.0,0.0,1.0,1.0
-2974580.75,0.0,2.462739944458008,0.0,2.049999952316284,0.02553526684641838,0.0,0.9772727272727273,0.0,0.0,0.0,43.97727272727273,0.977766548762001,1977.2095947265625,199368432.0,44.0,0.0,0.0,0.0,1.0,1.0
-1880091.5,0.0,2.462739944458008,0.0,2.700000047683716,0.027706772089004517,0.0,0.9808660624370594,0.0,0.0,0.0,54.111111111111114,0.9818548387096774,1724.37744140625,31038112.0,36.0,0.0,0.0,0.0,1.0,1.0
-2193621.75,0.0,2.462739944458008,0.0,2.5199999809265137,0.024752140045166016,0.0,0.9707070707070707,0.0,0.0,0.0,34.945454545454545,0.9721800708143652,1583.0955810546875,121998024.0,55.0,0.0,0.0,0.0,1.0,1.0
-2451263.5,0.0,2.462739944458008,0.0,2.700000047683716,0.023828774690628052,0.0,0.9681335356600911,0.0,0.0,0.0,30.38095238095238,0.9681335356600911,1921.108154296875,105922448.0,63.0,0.0,0.0,0.0,1.0,1.0
-611008.1875,0.0,2.462739944458008,0.0,3.430000066757202,0.029556656256318092,0.0,0.9672544080604534,0.0,0.0,0.0,36.22641509433962,0.973137354282818,1671.0758056640625,-212121056.0,53.0,0.0,0.0,0.0,1.0,1.0
-2215317.5,0.0,2.462739944458008,0.0,2.1600000858306885,0.02947937324643135,0.0,0.9701869631126832,0.0,0.0,0.0,33.10344827586207,0.9706774519716885,1576.83544921875,127588756.0,58.0,0.0,0.0,0.0,1.0,1.0
-2466191.25,0.0,2.462739944458008,0.0,2.130000114440918,0.028449932113289833,0.0,0.9778113968734241,0.0,0.0,0.0,46.166666666666664,0.9787985865724381,1819.057373046875,129321232.0,42.0,0.0,0.0,0.0,1.0,1.0
-2656986.0,0.0,2.462739944458008,0.0,1.8200000524520874,0.023955345153808594,0.0,0.9648854961832061,0.0,0.0,0.0,28.29850746268657,0.9658685685175752,1707.864990234375,189715112.0,67.0,0.0,0.0,0.0,1.0,1.0
-1170169.375,0.0,2.462739944458008,0.0,1.5800000429153442,0.019483324140310287,0.0,0.9762386248736097,0.0,0.0,0.0,41.08510638297872,0.9762386248736097,1355.50048828125,-37172464.0,47.0,0.0,0.0,0.0,1.0,1.0
-1887580.75,0.0,2.462739944458008,0.0,2.7100000381469727,0.0,0.0,0.9664634146341463,0.0,0.0,0.0,31.7,0.9694189602446484,1607.3033447265625,55947480.0,60.0,0.0,0.0,0.0,1.0,1.0
-1745020.375,0.0,2.462739944458008,0.0,2.259999990463257,0.0,0.0,0.971021860701576,0.0,0.0,0.0,34.72727272727273,0.9720101781170484,1608.75,27146866.0,55.0,0.0,0.0,0.0,1.0,1.0
-2870238.0,0.0,1.3363161087036133,0.0,3.359999895095825,0.0,0.0,0.9565875820292782,0.0,0.0,0.0,22.03488372093023,0.9565875820292782,1834.614990234375,207012968.0,86.0,0.0,0.0,0.0,1.0,1.0
-2826975.25,0.0,1.3363161087036133,0.0,1.899999976158142,0.0,0.0,0.9716742539200809,0.0,0.0,0.0,37.666666666666664,0.9741379310344828,1803.49755859375,204588768.0,51.0,0.0,0.0,0.0,1.0,1.0
-2572101.25,0.0,0.7159736156463623,0.0,3.4200000762939453,0.0,0.0,0.9697885196374623,0.0,0.0,0.0,36.339622641509436,0.9732187973724103,1936.7606201171875,126961064.0,53.0,0.0,0.0,0.0,1.0,1.0
-1925963.25,0.0,0.7159736156463623,0.0,2.869999885559082,0.0,0.0,0.9701417004048583,0.0,0.0,0.0,33.05172413793103,0.970632911392405,1388.7786865234375,107329028.0,58.0,0.0,0.0,0.0,1.0,1.0
-1548740.375,0.0,0.7159736156463623,0.0,2.859999895095825,0.0,0.0,0.9660931174089069,0.0,0.0,0.0,29.828125,0.9675620881905728,1756.50244140625,-41661100.0,64.0,0.0,0.0,0.0,1.0,1.0
-1470641.875,0.0,0.8482028245925903,0.0,3.130000114440918,0.0,0.0,0.9758064516129032,0.0,0.0,0.0,43.022222222222226,0.9772841998990409,2047.0167236328125,-115380912.0,45.0,0.0,0.0,0.0,1.0,1.0
-2502668.0,0.0,0.8482028245925903,0.0,3.200000047683716,0.0,0.0,0.9748364368394564,0.0,0.0,0.0,41.212765957446805,0.9763104838709677,1982.0125732421875,104024808.0,47.0,0.0,0.0,0.0,1.0,1.0
932500.5,0.0,1.3267947435379028,0.0,4.800000190734863,0.0,0.0,0.9576612903225806,0.0,0.0,0.0,24.358974358974358,0.9605662285136501,1897.6453857421875,-566139712.0,78.0,0.0,0.0,0.0,1.0,1.0
2066368.625,0.0,1.3267947435379028,0.0,4.53000020980835,0.0,0.0,0.9596163553760727,0.0,0.0,0.0,25.346666666666668,0.9620445344129555,2063.894287109375,-826162688.0,75.0,0.0,0.0,0.0,1.0,1.0
-91719.9609375,0.0,1.3267947435379028,0.0,4.53000020980835,0.0,0.0,0.9481970543423057,0.0,0.0,0.0,18.30392156862745,0.9481970543423057,1768.2874755859375,-335427744.0,102.0,0.0,0.0,0.0,1.0,1.0
-1075117.125,0.0,1.8697925806045532,0.0,3.6600000858306885,0.0,0.0,0.9635627530364372,0.0,0.0,0.0,28.417910447761194,0.9660071029934043,2198.442138671875,-224774136.0,67.0,0.0,0.0,0.0,1.0,1.0
-995034.375,0.0,1.8697925806045532,0.0,4.460000038146973,0.0,0.0,0.9475826972010178,0.0,0.0,0.0,18.435643564356436,0.9485481406011207,2238.703857421875,-248848072.0,101.0,0.0,0.0,0.0,1.0,1.0
-1011203.4375,0.0,2.042295217514038,0.0,3.380000114440918,0.0,0.0,0.9620253164556962,0.0,0.0,0.0,25.675675675675677,0.9625126646403243,2178.83154296875,-233635712.0,74.0,0.0,0.0,0.0,1.0,1.0
-1039128.875,0.0,2.042295217514038,0.0,2.859999895095825,0.0,0.0,0.9681657402728651,0.0,0.0,0.0,30.41269841269841,0.9681657402728651,1853.0233154296875,-162887232.0,63.0,0.0,0.0,0.0,1.0,1.0
-1750161.125,0.0,2.042295217514038,0.0,3.2799999713897705,0.0,0.0,0.9716742539200809,0.0,0.0,0.0,37.666666666666664,0.9741379310344828,2125.77294921875,-75229344.0,51.0,0.0,0.0,0.0,1.0,1.0
-1970837.0,0.0,0.8126730918884277,0.0,2.690000057220459,0.0,0.0,0.972306143001007,0.0,0.0,0.0,41.97826086956522,0.9767324228629236,1786.55810546875,36749690.0,46.0,0.0,0.0,0.0,1.0,1.0
-2436054.5,0.0,0.8126730918884277,0.0,2.25,0.0,0.0,0.9721377912867275,0.0,0.0,0.0,36.20754716981132,0.9731237322515213,2141.999755859375,58703884.0,53.0,0.0,0.0,0.0,1.0,1.0
-1155702.75,0.0,0.8126730918884277,0.0,4.150000095367432,0.0,0.0,0.9688442211055276,0.0,0.0,0.0,31.60655737704918,0.9693313222724987,1668.951171875,-102758060.0,61.0,0.0,0.0,0.0,1.0,1.0
-3084688.25,0.0,0.8759012818336487,0.0,2.0899999141693115,0.0,0.0,0.9747729566094854,0.0,0.0,0.0,38.64,0.9747729566094854,2328.98193359375,151034680.0,50.0,0.0,0.0,0.0,1.0,1.0
-2045723.875,0.0,0.8759012818336487,0.0,2.7799999713897705,0.0,0.0,0.9630192502532928,0.0,0.0,0.0,28.37313432835821,0.9659552845528455,1700.02294921875,69031052.0,67.0,0.0,0.0,0.0,1.0,1.0
-917521.5,0.0,3.754570484161377,0.0,2.7300000190734863,0.0,0.0,0.9758186397984887,0.0,0.0,0.0,43.044444444444444,0.9772956609485368,1631.216064453125,-142845048.0,45.0,0.0,0.0,0.0,1.0,1.0
-2613750.0,0.0,3.754570484161377,0.0,2.1600000858306885,0.0,0.0,0.9763462506290891,0.0,0.0,0.0,44.09090909090909,0.9778225806451613,1892.287841796875,144186440.0,44.0,0.0,0.0,0.0,1.0,1.0
-3501313.5,0.0,3.754570484161377,0.0,1.9299999475479126,0.0,0.0,0.9798994974874372,0.0,0.0,0.0,50.0,0.9803921568627451,1976.333740234375,304890752.0,39.0,0.0,0.0,0.0,1.0,1.0
-2939587.5,0.0,7.378830432891846,0.0,2.049999952316284,0.0,0.0,0.9696816574027286,0.0,0.0,0.0,33.08620689655172,0.9706626201315124,1593.860595703125,269037664.0,58.0,0.0,0.0,0.0,1.0,1.0
-2673412.5,0.0,7.378830432891846,0.0,2.7799999713897705,0.0,0.0,0.9834087481146304,0.0,0.0,0.0,61.125,0.9839034205231388,1914.8856201171875,151601192.0,32.0,0.0,0.0,0.0,1.0,1.0
-2962582.5,0.0,0.20344240963459015,0.0,3.119999885559082,0.0,0.0,0.9655347187024835,0.0,0.0,0.0,31.229508196721312,0.9689725330620549,2021.6180419921875,188084728.0,61.0,0.0,0.0,0.0,1.0,1.0
-642460.5,0.0,0.20344240963459015,0.0,3.990000009536743,0.0,0.0,0.9640688259109311,0.0,0.0,0.0,29.307692307692307,0.9670050761421319,1801.26123046875,-231869000.0,65.0,0.0,0.0,0.0,1.0,1.0
-1670221.125,0.0,0.20344240963459015,0.0,2.4000000953674316,0.0,0.0,0.9712121212121212,0.0,0.0,0.0,34.339285714285715,0.9717028802425467,1969.01318359375,-59866000.0,56.0,0.0,0.0,0.0,1.0,1.0
4861649.5,0.0,1.8351531028747559,0.0,5.639999866485596,0.0,0.0,0.9467275494672754,0.0,0.0,0.0,18.848484848484848,0.9496183206106871,2049.480712890625,-1382339712.0,99.0,0.0,0.0,0.0,1.0,1.0
7478794.0,0.0,1.8351531028747559,0.0,4.329999923706055,0.0,0.0,0.9658291457286432,0.0,0.0,0.0,31.508196721311474,0.9692385274836107,2399.8095703125,-1975828928.0,61.0,0.0,0.0,0.0,1.0,1.0
11940535.0,0.0,23.075347900390625,0.0,5.369999885559082,0.0,0.0,0.9566532258064516,0.0,0.0,0.0,22.867469879518072,0.9581019687026754,2321.5888671875,-2852536064.0,83.0,0.0,0.0,0.0,1.0,1.0
2276458.5,0.0,23.075347900390625,0.0,4.579999923706055,0.0,0.0,0.9560161779575329,0.0,0.0,0.0,23.0609756097561,0.9584389254941713,1867.8709716796875,-828977344.0,82.0,0.0,0.0,0.0,1.0,1.0
2420943.0,0.0,23.075347900390625,0.0,4.019999980926514,0.0,0.0,0.9708102667337695,0.0,0.0,0.0,36.39622641509434,0.9732593340060545,2656.117431640625,-1015519232.0,53.0,0.0,0.0,0.0,1.0,1.0
2147762.5,0.0,8.340493202209473,0.0,4.329999923706055,0.0,0.0,0.9641956631366616,0.0,0.0,0.0,27.71014492753623,0.9651691065118627,1805.7003173828125,-790802016.0,69.0,0.0,0.0,0.0,1.0,1.0
3560774.0,0.0,8.340493202209473,0.0,5.320000171661377,0.0,0.0,0.9580596260737746,0.0,0.0,0.0,23.7,0.9595141700404858,2117.39990234375,-1135745664.0,80.0,0.0,0.0,0.0,1.0,1.0
1623595.875,0.0,16.775667190551758,0.0,4.329999923706055,0.0015903754392638803,0.0,0.9564777327935222,0.0,0.0,0.0,22.5,0.9574468085106383,2287.028076171875,-782236608.0,84.0,0.0,0.0,0.0,1.0,1.0
-230795.5,0.0,16.775667190551758,0.0,3.700000047683716,0.02479979768395424,0.0,0.9706922688226377,0.0,0.0,0.0,33.70175438596491,0.9711830131445905,2370.999267578125,-428148336.0,57.0,0.0,0.0,0.0,1.0,1.0
-50166.3984375,0.0,16.775667190551758,0.0,4.929999828338623,0.027644315734505653,0.0,0.9682779456193353,0.0,0.0,0.0,30.523809523809526,0.9682779456193353,1556.347900390625,-301344816.0,63.0,0.0,0.0,0.0,1.0,1.0
-692800.9375,0.0,16.775667190551758,0.0,3.430000066757202,0.02659955993294716,0.0,0.9637462235649547,0.0,0.0,0.0,27.73913043478261,0.9652042360060514,1930.596435546875,-247668288.0,69.0,0.0,0.0,0.0,1.0,1.0
633771.9375,0.0,16.775667190551758,0.0,3.75,0.023850353434681892,0.0,0.9631870902672718,0.0,0.0,0.0,26.52777777777778,0.963673057517659,2113.0224609375,-549468736.0,72.0,0.0,0.0,0.0,1.0,1.0
249212.640625,0.0,16.775667190551758,0.0,4.340000152587891,0.02356981299817562,0.0,0.9687184661957619,0.0,0.0,0.0,33.68421052631579,0.9711684370257967,1899.670166015625,-429884064.0,57.0,0.0,0.0,0.0,1.0,1.0
-762503.6875,0.0,16.775667190551758,0.0,3.9600000381469727,0.027300994843244553,0.0,0.967741935483871,0.0,0.0,0.0,32.0,0.9696969696969697,1885.455078125,-224698624.0,60.0,0.0,0.0,0.0,1.0,1.0
-510348.625,0.0,16.775667190551758,0.0,4.710000038146973,0.024855228140950203,0.0,0.9597382989431303,0.0,0.0,0.0,24.139240506329113,0.9602215508559919,1923.3692626953125,-282714960.0,79.0,0.0,0.0,0.0,1.0,1.0
2729439.75,0.0,16.775667190551758,0.0,5.079999923706055,0.0252413060516119,0.0,0.9462201927955353,0.0,0.0,0.0,18.106796116504853,0.9476626016260162,2046.819091796875,-955365920.0,103.0,0.0,0.0,0.0,1.0,1.0
-542950.1875,0.0,16.775667190551758,0.0,4.559999942779541,0.025642607361078262,0.0,0.9596977329974811,0.0,0.0,0.0,25.06578947368421,0.961635537607269,1885.562744140625,-268632688.0,76.0,0.0,0.0,0.0,1.0,1.0
-431522.375,0.0,16.775667190551758,0.0,4.880000114440918,0.02974187396466732,0.0,0.9560161779575329,0.0,0.0,0.0,23.6375,0.9594114662607813,1580.2177734375,-229850064.0,80.0,0.0,0.0,0.0,1.0,1.0
-872132.75,0.0,16.775667190551758,0.0,3.819999933242798,0.028949245810508728,0.0,0.9682459677419355,0.0,0.0,0.0,30.49206349206349,0.9682459677419355,1758.346435546875,-177351424.0,63.0,0.0,0.0,0.0,1.0,1.0
-1276669.625,0.0,16.775667190551758,0.0,3.1500000953674316,0.028112780302762985,0.0,0.973313192346425,0.0,0.0,0.0,39.44897959183673,0.9752774974772956,2137.75390625,-172323328.0,49.0,0.0,0.0,0.0,1.0,1.0
2927097.25,0.0,16.775667190551758,0.0,4.96999979019165,0.02641906961798668,0.0,0.954384186517993,0.0,0.0,0.0,22.152941176470588,0.9568089430894309,2080.469970703125,-1001624960.0,85.0,0.0,0.0,0.0,1.0,1.0
-161126.15625,0.0,16.775667190551758,0.0,4.739999771118164,0.025487452745437622,0.0,0.966297786720322,0.0,0.0,0.0,29.553846153846155,0.9672708962739174,2117.51953125,-391387600.0,65.0,0.0,0.0,0.0,1.0,1.0
-225976.3125,0.0,16.775667190551758,0.0,3.680000066757202,0.027367770671844482,0.0,0.9667506297229219,0.0,0.0,0.0,30.46031746031746,0.9682139253279516,1966.423828125,-348198080.0,63.0,0.0,0.0,0.0,1.0,1.0
-1259535.25,0.0,16.775667190551758,0.0,3.7699999809265137,0.02091101184487343,0.0,0.9638009049773756,0.0,0.0,0.0,26.625,0.9638009049773756,2111.478271484375,-170498360.0,72.0,0.0,0.0,0.0,1.0,1.0
646089.9375,0.0,16.775667190551758,0.0,3.990000009536743,0.030893992632627487,0.0,0.9616548940464178,0.0,0.0,0.0,28.029411764705884,0.9655521783181358,1814.78759765625,-492284768.0,68.0,0.0,0.0,0.0,1.0,1.0
566573.5,0.0,16.775667190551758,0.0,4.570000171661377,0.022495869547128677,0.0,0.9621594349142281,0.0,0.0,0.0,26.123287671232877,0.9631313131313132,1884.6771240234375,-490360288.0,73.0,0.0,0.0,0.0,1.0,1.0
-1495532.625,0.0,16.775667190551758,0.0,3.1600000858306885,0.021672861650586128,0.0,0.9779116465863453,0.0,0.0,0.0,47.51219512195122,0.9793866264454499,2220.17529296875,-145033936.0,41.0,0.0,0.0,0.0,1.0,1.0
-1164326.125,0.0,16.775667190551758,0.0,3.490000009536743,0.02657884918153286,0.0,0.9717171717171718,0.0,0.0,0.0,36.301886792452834,0.9731917046029337,1962.5592041015625,-159753544.0,53.0,0.0,0.0,0.0,1.0,1.0
-1001892.625,0.0,16.775667190551758,0.0,5.230000019073486,0.02382732555270195,0.0,0.9570923775870772,0.0,0.0,0.0,23.121951219512194,0.9585439838220424,1871.7257080078125,-174077752.0,82.0,0.0,0.0,0.0,1.0,1.0
171512.3125,0.0,16.775667190551758,0.0,3.319999933242798,0.025274503976106644,0.0,0.9701718907987866,0.0,0.0,0.0,34.89090909090909,0.9721377912867275,2146.506103515625,-463711120.0,55.0,0.0,0.0,0.0,1.0,1.0
-1040284.25,0.0,16.775667190551758,0.0,3.859999895095825,0.024166027083992958,0.0,0.9647177419354839,0.0,0.0,0.0,29.446153846153845,0.9671551288529561,1994.74609375,-191001032.0,65.0,0.0,0.0,0.0,1.0,1.0
-516326.25,0.0,16.775667190551758,0.0,4.050000190734863,0.02613663673400879,0.0,0.9743589743589743,0.0,0.0,0.0,42.130434782608695,0.9768145161290323,1924.6416015625,-281769072.0,46.0,0.0,0.0,0.0,1.0,1.0
-139296.421875,0.0,16.775667190551758,0.0,4.079999923706055,0.023504167795181274,0.0,0.9609929078014184,0.0,0.0,0.0,26.34722222222222,0.9634332148298629,1979.614013671875,-368173520.0,72.0,0.0,0.0,0.0,1.0,1.0
-175016.15625,0.0,16.775667190551758,0.0,3.9600000381469727,0.02384190820157528,0.0,0.9667506297229219,0.0,0.0,0.0,35.53703703703704,0.9726305119107957,2315.048095703125,-428113600.0,54.0,0.0,0.0,0.0,1.0,1.0
-1629192.0,0.0,16.775667190551758,0.0,3.180000066757202,0.02945447899401188,0.0,0.9691607684529828,0.0,0.0,0.0,32.49152542372882,0.9701417004048583,2264.411865234375,-127151952.0,59.0,0.0,0.0,0.0,1.0,1.0
-470244.0,0.0,16.775667190551758,0.0,4.690000057220459,0.022486429661512375,0.0,0.962082912032356,0.0,0.0,0.0,26.802816901408452,0.96403242147923,2142.856689453125,-334632272.0,71.0,0.0,0.0,0.0,1.0,1.0
-1691710.375,0.0,16.775667190551758,0.0,4.070000171661377,0.02920801378786564,0.0,0.9667003027245207,0.0,0.0,0.0,29.03030303030303,0.9667003027245207,2054.3466796875,-72636256.0,66.0,0.0,0.0,0.0,1.0,1.0
-1690946.125,0.0,16.775667190551758,0.0,2.569999933242798,0.023202991113066673,0.0,0.9717599596570852,0.0,0.0,0.0,35.03636363636364,0.9722502522704339,1972.6649169921875,-56450992.0,55.0,0.0,0.0,0.0,1.0,1.0
-84614.6015625,0.0,16.775667190551758,0.0,4.820000171661377,0.022390734404325485,0.0,0.9656044511886697,0.0,0.0,0.0,30.3015873015873,0.968052738336714,1725.5972900390625,-328305040.0,63.0,0.0,0.0,0.0,1.0,1.0
760668.625,0.0,16.775667190551758,0.0,4.650000095367432,0.03111175075173378,0.0,0.9662638469284995,0.0,0.0,0.0,30.46031746031746,0.9682139253279516,2046.195556640625,-561481760.0,63.0,0.0,0.0,0.0,1.0,1.0
-749985.0625,0.0,16.775667190551758,0.0,3.509999990463257,0.022820472717285156,0.0,0.9639410868461148,0.0,0.0,0.0,27.507246376811594,0.9649211997966446,2171.10546875,-284333200.0,69.0,0.0,0.0,0.0,1.0,1.0
780583.25,0.0,16.775667190551758,0.0,4.690000057220459,0.022456970065832138,0.0,0.964735516372796,0.0,0.0,0.0,27.753623188405797,0.9652217741935484,2323.516357421875,-620929216.0,69.0,0.0,0.0,0.0,1.0,1.0
1401365.625,0.0,16.775667190551758,0.0,4.380000114440918,0.02480258047580719,0.0,0.964735516372796,0.0,0.0,0.0,29.015151515151516,0.9666834931852599,2011.485595703125,-682679232.0,66.0,0.0,0.0,0.0,1.0,1.0
-932564.0,0.0,16.775667190551758,0.0,4.96999979019165,0.02173926867544651,0.0,0.9559716599190283,0.0,0.0,0.0,23.911392405063292,0.9598577235772358,2138.6513671875,-241328024.0,79.0,0.0,0.0,0.0,1.0,1.0
-699570.0625,0.0,16.775667190551758,0.0,3.240000009536743,0.029475044459104538,0.0,0.9676604345629105,0.0,0.0,0.0,30.887096774193548,0.9686393525543753,2170.073974609375,-294209072.0,62.0,0.0,0.0,0.0,1.0,1.0
-55276.48046875,0.0,16.775667190551758,0.0,4.690000057220459,0.02805398777127266,0.0,0.9606854838709677,0.0,0.0,0.0,24.435897435897434,0.9606854838709677,1954.900634765625,-380035632.0,78.0,0.0,0.0,0.0,1.0,1.0
-589429.8125,0.0,16.775667190551758,0.0,4.789999961853027,0.02715207077562809,0.0,0.9564997470915528,0.0,0.0,0.0,22.783132530120483,0.9579533941236069,1914.559814453125,-265137712.0,83.0,0.0,0.0,0.0,1.0,1.0
-955802.75,0.0,16.775667190551758,0.0,4.389999866485596,0.027863675728440285,0.0,0.962569549822964,0.0,0.0,0.0,26.430555555555557,0.9635443037974684,2067.441162109375,-222437488.0,72.0,0.0,0.0,0.0,1.0,1.0
-942652.0,0.0,16.775667190551758,0.0,4.659999847412109,0.02507338859140873,0.0,0.9570490146538656,0.0,0.0,0.0,23.974683544303797,0.9599594526102382,1897.4566650390625,-191071664.0,79.0,0.0,0.0,0.0,1.0,1.0
718638.375,0.0,16.775667190551758,0.0,4.179999828338623,0.025357374921441078,0.0,0.9636363636363636,0.0,0.0,0.0,26.5,0.9636363636363636,1715.88232421875,-487013792.0,72.0,0.0,0.0,0.0,1.0,1.0
169877.28125,0.0,16.775667190551758,0.0,5.03000020980835,0.026255954056978226,0.0,0.9595755432036382,0.0,0.0,0.0,24.037974683544302,0.9600606673407482,2068.270263671875,-447740400.0,79.0,0.0,0.0,0.0,1.0,1.0
792047.125,0.0,16.775667190551758,0.0,3.619999885559082,0.026412511244416237,0.0,0.9717457114026236,0.0,0.0,0.0,35.666666666666664,0.9727272727272728,2011.63818359375,-560844288.0,54.0,0.0,0.0,0.0,1.0,1.0
935858.5,0.0,16.775667190551758,0.0,4.880000114440918,0.023678313940763474,0.0,0.96875,0.0,0.0,0.0,32.03333333333333,0.9697275479313825,1596.274169921875,-506534528.0,60.0,0.0,0.0,0.0,1.0,1.0
-231211.8125,0.0,16.775667190551758,0.0,3.640000104904175,0.021995067596435547,0.0,0.9621212121212122,0.0,0.0,0.0,26.830985915492956,0.9640688259109311,1873.7818603515625,-328623408.0,71.0,0.0,0.0,0.0,1.0,1.0
-1564352.375,0.0,16.775667190551758,0.0,4.380000114440918,0.025030996650457382,0.0,0.9595551061678463,0.0,0.0,0.0,24.333333333333332,0.9605263157894737,1906.7613525390625,-68592400.0,78.0,0.0,0.0,0.0,1.0,1.0
129111.640625,0.0,16.775667190551758,0.0,3.0,0.02282837964594364,0.0,0.9641232945932289,0.0,0.0,0.0,28.47761194029851,0.9660759493670886,1881.10888671875,-402153040.0,67.0,0.0,0.0,0.0,1.0,1.0
313650.8125,0.0,16.775667190551758,0.0,4.650000095367432,0.028845716267824173,0.0,0.9635811836115327,0.0,0.0,0.0,27.608695652173914,0.9650455927051672,2106.74560546875,-484188624.0,69.0,0.0,0.0,0.0,1.0,1.0
2141513.5,0.0,16.775667190551758,0.0,4.050000190734863,0.02429036982357502,0.0,0.9590495449949444,0.0,0.0,0.0,24.32051282051282,0.9605063291139241,1968.868896484375,-822187136.0,78.0,0.0,0.0,0.0,1.0,1.0
-960665.0625,0.0,16.775667190551758,0.0,3.6700000762939453,0.027232825756072998,0.0,0.9621403331650682,0.0,0.0,0.0,26.845070422535212,0.9640870005058169,2070.749267578125,-222126744.0,71.0,0.0,0.0,0.0,1.0,1.0
-393429.375,0.0,16.775667190551758,0.0,3.9600000381469727,0.024130504578351974,0.0,0.9666498231430015,0.0,0.0,0.0,29.43076923076923,0.9671385237613751,1895.94677734375,-300612304.0,65.0,0.0,0.0,0.0,1.0,1.0
109613.8984375,0.0,16.775667190551758,0.0,3.7699999809265137,0.021954284980893135,0.0,0.9641956631366616,0.0,0.0,0.0,26.929577464788732,0.9641956631366616,2038.03759765625,-429639936.0,71.0,0.0,0.0,0.0,1.0,1.0
-187370.3125,0.0,16.775667190551758,0.0,3.700000047683716,0.0281590037047863,0.0,0.9671385237613751,0.0,0.0,0.0,30.85483870967742,0.9686075949367089,1926.190185546875,-347872224.0,62.0,0.0,0.0,0.0,1.0,1.0
-241252.15625,0.0,16.775667190551758,0.0,4.650000095367432,0.019842831417918205,0.0,0.964771011575239,0.0,0.0,0.0,32.49152542372882,0.9701417004048583,2220.237548828125,-395904944.0,59.0,0.0,0.0,0.0,1.0,1.0
-1384629.25,0.0,16.775667190551758,0.0,4.800000190734863,0.03044252097606659,0.0,0.9584599797365755,0.0,0.0,0.0,23.65,0.9594320486815415,1958.328369140625,-114850768.0,80.0,0.0,0.0,0.0,1.0,1.0
519168.96875,0.0,16.775667190551758,0.0,5.099999904632568,0.022662408649921417,0.0,0.9591939546599496,0.0,0.0,0.0,24.10126582278481,0.9601613716591024,2076.890625,-519322672.0,79.0,0.0,0.0,0.0,1.0,1.0
-9802.83984375,0.0,16.775667190551758,0.0,3.6500000953674316,0.025166744366288185,0.0,0.9656565656565657,0.0,0.0,0.0,29.875,0.9676113360323887,1856.0792236328125,-369363792.0,64.0,0.0,0.0,0.0,1.0,1.0
-381561.84375,0.0,16.775667190551758,0.0,3.9600000381469727,0.02282542549073696,0.0,0.9590495449949444,0.0,0.0,0.0,25.986301369863014,0.9629441624365482,2206.99658203125,-365196704.0,73.0,0.0,0.0,0.0,1.0,1.0
-233528.78125,0.0,16.775667190551758,0.0,5.019999980926514,0.025001754984259605,0.0,0.954868154158215,0.0,0.0,0.0,21.8953488372093,0.9563230066023362,1862.931396484375,-325992352.0,86.0,0.0,0.0,0.0,1.0,1.0
-406545.6875,0.0,16.775667190551758,0.0,3.2200000286102295,0.025786319747567177,0.0,0.973816717019134,0.0,0.0,0.0,37.92156862745098,0.9743073047858942,1718.8018798828125,-262558056.0,51.0,0.0,0.0,0.0,1.0,1.0
422263.75,0.0,16.775667190551758,0.0,4.679999828338623,0.025158515200018883,0.0,0.9607645875251509,0.0,0.0,0.0,27.285714285714285,0.9646464646464646,1827.0252685546875,-449967744.0,70.0,0.0,0.0,0.0,1.0,1.0
-1445815.625,0.0,16.775667190551758,0.0,3.5899999141693115,0.02281113527715206,0.0,0.9732593340060545,0.0,0.0,0.0,37.09615384615385,0.9737506309944473,2079.37353515625,-126818360.0,52.0,0.0,0.0,0.0,1.0,1.0
521191.84375,0.0,16.775667190551758,0.0,4.409999847412109,0.021478744223713875,0.0,0.95557799091368,0.0,0.0,0.0,23.37037037037037,0.958966565349544,1813.390380859375,-467027424.0,81.0,0.0,0.0,0.0,1.0,1.0
-808633.6875,0.0,16.775667190551758,0.0,3.5,0.028193514794111252,0.0,0.9636179888832744,0.0,0.0,0.0,28.044117647058822,0.9655696202531645,1834.6971435546875,-205321840.0,68.0,0.0,0.0,0.0,1.0,1.0
-498.55999755859375,0.0,16.775667190551758,0.0,4.309999942779541,0.03144458681344986,0.0,0.9559270516717325,0.0,0.0,0.0,25.16,0.9617737003058104,1934.0203857421875,-386814800.0,75.0,0.0,0.0,0.0,1.0,1.0
-2157840.25,0.0,16.775667190551758,0.0,2.5799999237060547,0.025699570775032043,0.0,0.9768145161290323,0.0,0.0,0.0,43.06666666666667,0.9773071104387292,1985.4752197265625,34367018.0,45.0,0.0,0.0,0.0,1.0,1.0
-1216956.25,0.0,16.775667190551758,0.0,4.010000228881836,0.025014016777276993,0.0,0.966144517433047,0.0,0.0,0.0,29.875,0.9676113360323887,1818.7335205078125,-120463956.0,64.0,0.0,0.0,0.0,1.0,1.0
-1237569.0,0.0,16.775667190551758,0.0,3.9800000190734863,0.026586899533867836,0.0,0.961499493414387,0.0,0.0,0.0,27.507246376811594,0.9649211997966446,1917.3583984375,-136067120.0,69.0,0.0,0.0,0.0,1.0,1.0
-617476.8125,0.0,16.775667190551758,0.0,4.150000095367432,0.029253220185637474,0.0,0.9651866801210898,0.0,0.0,0.0,31.360655737704917,0.9690982776089159,1772.2373046875,-231060184.0,61.0,0.0,0.0,0.0,1.0,1.0
-1483698.875,0.0,16.775667190551758,0.0,4.960000038146973,0.030705595389008522,0.0,0.970736629667003,0.0,0.0,0.0,35.629629629629626,0.9726996966632963,1941.24609375,-91616620.0,54.0,0.0,0.0,0.0,1.0,1.0
1130695.375,0.0,16.775667190551758,0.0,4.599999904632568,0.024717364460229874,0.0,0.964735516372796,0.0,0.0,0.0,27.357142857142858,0.964735516372796,2105.0126953125,-647251584.0,70.0,0.0,0.0,0.0,1.0,1.0
-1148810.5,0.0,16.775667190551758,0.0,3.0899999141693115,0.026151269674301147,0.0,0.962082912032356,0.0,0.0,0.0,26.068493150684933,0.9630566801619433,2020.53271484375,-174454064.0,73.0,0.0,0.0,0.0,1.0,1.0
-1026559.6875,0.0,16.775667190551758,0.0,3.75,0.028221596032381058,0.0,0.9722642460917801,0.0,0.0,0.0,39.3469387755102,0.9752149721800708,2193.571533203125,-233508800.0,49.0,0.0,0.0,0.0,1.0,1.0
-915015.4375,0.0,16.775667190551758,0.0,4.300000190734863,0.027377422899007797,0.0,0.9565656565656566,0.0,0.0,0.0,23.382716049382715,0.958987341772152,1850.654052734375,-187238720.0,81.0,0.0,0.0,0.0,1.0,1.0
255241.0,0.0,16.775667190551758,0.0,5.159999847412109,0.027987852692604065,0.0,0.9570923775870772,0.0,0.0,0.0,24.307692307692307,0.9604863221884499,1932.8504638671875,-437729328.0,78.0,0.0,0.0,0.0,1.0,1.0
511919.84375,0.0,16.775667190551758,0.0,4.079999923706055,0.026056665927171707,0.0,0.9717884130982368,0.0,0.0,0.0,36.39622641509434,0.9732593340060545,1803.373046875,-463165648.0,53.0,0.0,0.0,0.0,1.0,1.0
-76376.4375,0.0,16.775667190551758,0.0,3.7799999713897705,0.026724660769104958,0.0,0.9671717171717171,0.0,0.0,0.0,29.921875,0.9676604345629105,2003.7398681640625,-385581552.0,64.0,0.0,0.0,0.0,1.0,1.0
-387748.03125,0.0,16.775667190551758,0.0,4.159999847412109,0.026799093931913376,0.0,0.9616935483870968,0.0,0.0,0.0,25.105263157894736,0.9616935483870968,2119.64208984375,-346489392.0,76.0,0.0,0.0,0.0,1.0,1.0
1066694.75,0.0,16.775667190551758,0.0,3.759999990463257,0.025215143337845802,0.0,0.9605263157894737,0.0,0.0,0.0,26.0,0.9629629629629629,1629.9853515625,-539445920.0,73.0,0.0,0.0,0.0,1.0,1.0
-802713.4375,0.0,16.775667190551758,0.0,3.6500000953674316,0.025738492608070374,0.0,0.9748869914615771,0.0,0.0,0.0,39.61224489795919,0.9753768844221106,2218.552734375,-283274384.0,49.0,0.0,0.0,0.0,1.0,1.0
451531.6875,0.0,16.775667190551758,0.0,3.5299999713897705,0.026547204703092575,0.0,0.9646464646464646,0.0,0.0,0.0,29.384615384615383,0.9670886075949368,2312.427001953125,-552900544.0,65.0,0.0,0.0,0.0,1.0,1.0
-405749.75,0.0,16.775667190551758,0.0,4.389999866485596,0.024067744612693787,0.0,0.9687657430730479,0.0,0.0,0.0,35.611111111111114,0.9726858877086495,1889.35498046875,-296828352.0,54.0,0.0,0.0,0.0,1.0,1.0
144366.71875,0.0,16.775667190551758,0.0,4.630000114440918,0.025834020227193832,0.0,0.9510595358224017,0.0,0.0,0.0,21.666666666666668,0.9558823529411765,1981.5731201171875,-425300192.0,87.0,0.0,0.0,0.0,1.0,1.0
932781.5,0.0,16.775667190551758,0.0,4.25,0.02878895401954651,0.0,0.9677581863979848,0.0,0.0,0.0,30.49206349206349,0.9682459677419355,2242.993408203125,-635264256.0,63.0,0.0,0.0,0.0,1.0,1.0
1584848.375,0.0,16.775667190551758,0.0,4.320000171661377,0.02426036261022091,0.0,0.9697122665320546,0.0,0.0,0.0,33.70175438596491,0.9711830131445905,1928.101318359375,-702697536.0,57.0,0.0,0.0,0.0,1.0,1.0
377942.25,0.0,16.775667190551758,0.0,3.490000009536743,0.02288549579679966,0.0,0.9600808489135927,0.0,0.0,0.0,26.38888888888889,0.9634888438133874,1852.676025390625,-446233344.0,72.0,0.0,0.0,0.0,1.0,1.0
295528.625,0.0,16.775667190551758,0.0,3.5399999618530273,0.028675779700279236,0.0,0.965080971659919,0.0,0.0,0.0,29.338461538461537,0.9670385395537525,1758.573486328125,-410929296.0,65.0,0.0,0.0,0.0,1.0,1.0
888470.3125,0.0,16.775667190551758,0.0,4.139999866485596,0.02564728632569313,0.0,0.973313192346425,0.0,0.0,0.0,38.66,0.9747856782652546,1918.4644775390625,-561493568.0,50.0,0.0,0.0,0.0,1.0,1.0
887662.25,0.0,16.775667190551758,0.0,4.150000095367432,0.02735394611954689,0.0,0.9564556962025317,0.0,0.0,0.0,24.855263157894736,0.961323155216285,1970.0809326171875,-571659136.0,76.0,0.0,0.0,0.0,1.0,1.0
-1438113.875,0.0,16.775667190551758,0.0,3.559999942779541,0.024950016289949417,0.0,0.9742684157416751,0.0,0.0,0.0,39.40816326530612,0.9752525252525253,1933.734130859375,-99230520.0,49.0,0.0,0.0,0.0,1.0,1.0
202343.28125,0.0,16.775667190551758,0.0,4.190000057220459,0.028732627630233765,0.0,0.9702920443101712,0.0,0.0,0.0,32.66101694915254,0.9702920443101712,1877.3424072265625,-416045168.0,59.0,0.0,0.0,0.0,1.0,1.0
261197.15625,0.0,16.775667190551758,0.0,4.21999979019165,0.026150882244110107,0.0,0.96272040302267,0.0,0.0,0.0,26.91549295774648,0.9641775983854692,2063.4501953125,-465039536.0,71.0,0.0,0.0,0.0,1.0,1.0
720683.625,0.0,16.775667190551758,0.0,4.5,0.024766093119978905,0.0,0.9642497482376636,0.0,0.0,0.0,28.582089552238806,0.9661957618567104,2082.072998046875,-560660352.0,67.0,0.0,0.0,0.0,1.0,1.0
918473.125,0.0,16.775667190551758,0.0,5.980000019073486,0.021931031718850136,0.0,0.9397468354430379,0.0,0.0,0.0,16.280701754385966,0.9421319796954315,2226.6533203125,-629141440.0,114.0,0.0,0.0,0.0,1.0,1.0
-860716.75,0.0,16.775667190551758,0.0,4.420000076293945,0.028825988993048668,0.0,0.9595755432036382,0.0,0.0,0.0,25.32,0.9620060790273556,1953.81640625,-218730216.0,75.0,0.0,0.0,0.0,1.0,1.0
-270025.78125,0.0,16.775667190551758,0.0,4.920000076293945,0.029241960495710373,0.0,0.9601211509338717,0.0,0.0,0.0,26.416666666666668,0.9635258358662614,2193.154296875,-384735616.0,72.0,0.0,0.0,0.0,1.0,1.0
-43591.19921875,0.0,16.775667190551758,0.0,2.9600000381469727,0.03240465372800827,0.0,0.9748110831234257,0.0,0.0,0.0,39.48979591836735,0.9753024193548387,1957.810791015625,-382950560.0,49.0,0.0,0.0,0.0,1.0,1.0
349199.125,0.0,16.775667190551758,0.0,4.920000076293945,0.02497696317732334,0.0,0.9672379032258065,0.0,0.0,0.0,32.52542372881356,0.9701718907987866,2115.445068359375,-493036880.0,59.0,0.0,0.0,0.0,1.0,1.0
572017.8125,0.0,16.775667190551758,0.0,3.0199999809265137,0.022764164954423904,0.0,0.9732862903225806,0.0,0.0,0.0,40.229166666666664,0.9757453259221829,2010.9345703125,-516696896.0,48.0,0.0,0.0,0.0,1.0,1.0
-1085203.625,0.0,16.775667190551758,0.0,3.75,0.023513635620474815,0.0,0.9655696202531645,0.0,0.0,0.0,30.26984126984127,0.968020304568528,1946.620361328125,-172391792.0,63.0,0.0,0.0,0.0,1.0,1.0
-19103.380859375,0.0,16.775667190551758,0.0,4.909999847412109,0.024570800364017487,0.0,0.9533941236068896,0.0,0.0,0.0,21.632183908045977,0.9558151345860844,1964.11865234375,-389114928.0,87.0,0.0,0.0,0.0,1.0,1.0
-181357.203125,0.0,16.775667190551758,0.0,3.8499999046325684,0.024102559313178062,0.0,0.9676277187658068,0.0,0.0,0.0,30.85483870967742,0.9686075949367089,2045.11962890625,-372860800.0,62.0,0.0,0.0,0.0,1.0,1.0
-191286.875,0.0,16.775667190551758,0.0,3.5999999046325684,0.02465507574379444,0.0,0.970736629667003,0.0,0.0,0.0,40.083333333333336,0.9756592292089249,1995.904541015625,-361029968.0,48.0,0.0,0.0,0.0,1.0,1.0
515155.90625,0.0,16.775667190551758,0.0,4.71999979019165,0.029591042548418045,0.0,0.9469964664310954,0.0,0.0,0.0,18.574257425742573,0.9489124936772888,1932.5833740234375,-489661888.0,101.0,0.0,0.0,0.0,1.0,1.0
-1344963.625,0.0,16.775667190551758,0.0,3.9800000190734863,0.02279486693441868,0.0,0.9625506072874493,0.0,0.0,0.0,26.054794520547944,0.9630379746835444,1963.263671875,-123770072.0,73.0,0.0,0.0,0.0,1.0,1.0
250840.28125,0.0,16.775667190551758,0.0,4.050000190734863,0.023559169843792915,0.0,0.9614408929477423,0.0,0.0,0.0,26.690140845070424,0.9638860630722279,2049.056884765625,-460088976.0,71.0,0.0,0.0,0.0,1.0,1.0
-823157.8125,0.0,16.775667190551758,0.0,3.380000114440918,0.026578735560178757,0.0,0.9692849949647533,0.0,0.0,0.0,32.6271186440678,0.9702620967741935,2383.209716796875,-312118144.0,59.0,0.0,0.0,0.0,1.0,1.0
1517123.25,0.0,16.775667190551758,0.0,4.860000133514404,0.023084867745637894,0.0,0.9496695475343162,0.0,0.0,0.0,19.66315789473684,0.9516046867040244,1994.258056640625,-702389440.0,95.0,0.0,0.0,0.0,1.0,1.0
-1658364.0,0.0,16.775667190551758,0.0,3.450000047683716,0.027352845296263695,0.0,0.9661786976274609,0.0,0.0,0.0,30.38095238095238,0.9681335356600911,2253.33203125,-119102160.0,63.0,0.0,0.0,0.0,1.0,1.0
-210088.875,0.0,16.775667190551758,0.0,4.03000020980835,0.028227373957633972,0.0,0.966144517433047,0.0,0.0,0.0,28.96969696969697,0.9666329625884732,1926.304931640625,-343351968.0,66.0,0.0,0.0,0.0,1.0,1.0
792915.375,0.0,16.775667190551758,0.0,5.46999979019165,0.027789682149887085,0.0,0.963298139768728,0.0,0.0,0.0,26.61111111111111,0.9637826961770624,1748.748779296875,-508442736.0,72.0,0.0,0.0,0.0,1.0,1.0
98846.5,0.0,16.775667190551758,0.0,3.690000057220459,0.022272510454058647,0.0,0.9596163553760727,0.0,0.0,0.0,25.68918918918919,0.9625316455696202,2153.813720703125,-450642064.0,74.0,0.0,0.0,0.0,1.0,1.0
2057936.375,0.0,16.775667190551758,0.0,3.950000047683716,0.022252382710576057,0.0,0.9622546552591847,0.0,0.0,0.0,28.11764705882353,0.9656565656565657,2121.09716796875,-835916448.0,68.0,0.0,0.0,0.0,1.0,1.0
-309518.65625,0.0,16.775667190551758,0.0,4.230000019073486,0.02237670309841633,0.0,0.9661616161616161,0.0,0.0,0.0,28.984848484848484,0.9666498231430015,1783.91015625,-294987424.0,66.0,0.0,0.0,0.0,1.0,1.0
2274216.5,0.0,16.775667190551758,0.0,3.700000047683716,0.0225520022213459,0.0,0.9611111111111111,0.0,0.0,0.0,26.068493150684933,0.9630566801619433,1901.2105712890625,-835195456.0,73.0,0.0,0.0,0.0,1.0,1.0
-1483216.375,0.0,16.775667190551758,0.0,4.610000133514404,0.025783658027648926,0.0,0.9544534412955465,0.0,0.0,0.0,21.67816091954023,0.9559047136340598,1855.522216796875,-74572840.0,87.0,0.0,0.0,0.0,1.0,1.0
1031977.0625,0.0,16.775667190551758,0.0,4.309999942779541,0.022695619612932205,0.0,0.9677906391545043,0.0,0.0,0.0,31.016129032258064,0.9687657430730479,1945.6986083984375,-595643392.0,62.0,0.0,0.0,0.0,1.0,1.0
-1338707.0,0.0,16.775667190551758,0.0,4.070000171661377,0.02818058431148529,0.0,0.9655870445344129,0.0,0.0,0.0,28.47761194029851,0.9660759493670886,1990.4609375,-130460056.0,67.0,0.0,0.0,0.0,1.0,1.0
-1231838.375,0.0,16.775667190551758,0.0,2.9700000286102295,0.02271873876452446,0.0,0.967741935483871,0.0,0.0,0.0,30.967741935483872,0.9687184661957619,2392.136474609375,-232167928.0,62.0,0.0,0.0,0.0,1.0,1.0
-1180842.125,0.0,16.775667190551758,0.0,4.369999885559082,0.024302873760461807,0.0,0.9688598694123556,0.0,0.0,0.0,33.8421052631579,0.9712990936555891,2190.137451171875,-201966768.0,57.0,0.0,0.0,0.0,1.0,1.0
-992446.9375,0.0,16.775667190551758,0.0,4.090000152587891,0.026029150933027267,0.0,0.9568746829020801,0.0,0.0,0.0,23.575,0.9593082400813835,1752.8409423828125,-152189840.0,80.0,0.0,0.0,0.0,1.0,1.0
528914.3125,0.0,16.775667190551758,0.0,4.659999847412109,0.026976753026247025,0.0,0.9627766599597586,0.0,0.0,0.0,26.583333333333332,0.9637462235649547,1785.5909423828125,-463011728.0,72.0,0.0,0.0,0.0,1.0,1.0
-1642967.375,0.0,16.775667190551758,0.0,3.5299999713897705,0.02344309166073799,0.0,0.9655696202531645,0.0,0.0,0.0,29.338461538461537,0.9670385395537525,2141.673095703125,-99849700.0,65.0,0.0,0.0,0.0,1.0,1.0
-186006.90625,0.0,16.775667190551758,0.0,5.610000133514404,0.025199949741363525,0.0,0.954040404040404,0.0,0.0,0.0,21.46590909090909,0.9554881133029843,1862.8310546875,-335477200.0,88.0,0.0,0.0,0.0,1.0,1.0
-843584.9375,0.0,16.775667190551758,0.0,3.7699999809265137,0.028063345700502396,0.0,0.9615967660434563,0.0,0.0,0.0,31.716666666666665,0.9694345389709628,2146.361328125,-260663328.0,60.0,0.0,0.0,0.0,1.0,1.0
1054088.25,0.0,16.775667190551758,0.0,4.539999961853027,0.020454686135053635,0.0,0.9621594349142281,0.0,0.0,0.0,29.796875,0.9675291730086251,2160.220947265625,-642970432.0,64.0,0.0,0.0,0.0,1.0,1.0
-666241.6875,0.0,16.775667190551758,0.0,3.950000047683716,0.02213553711771965,0.0,0.9640506329113924,0.0,0.0,0.0,28.0,0.9655172413793104,2170.095458984375,-300879920.0,68.0,0.0,0.0,0.0,1.0,1.0
3506809.0,0.0,16.775667190551758,0.0,4.920000076293945,0.024397192522883415,0.0,0.961577350859454,0.0,0.0,0.0,25.7027027027027,0.9625506072874493,2173.05419921875,-1136082880.0,74.0,0.0,0.0,0.0,1.0,1.0
-1304682.125,0.0,16.775667190551758,0.0,3.299999952316284,0.023606179282069206,0.0,0.9662298387096774,0.0,0.0,0.0,30.919354838709676,0.9686710459828196,2085.84375,-156340656.0,62.0,0.0,0.0,0.0,1.0,1.0
2402023.5,0.0,16.775667190551758,0.0,5.349999904632568,0.025302309542894363,0.0,0.950253807106599,0.0,0.0,0.0,21.272727272727273,0.9551020408163265,1777.27734375,-835972128.0,88.0,0.0,0.0,0.0,1.0,1.0
729397.75,0.0,16.775667190551758,0.0,4.110000133514404,0.025469720363616943,0.0,0.9692230070635721,0.0,0.0,0.0,34.92727272727273,0.972165991902834,2074.973876953125,-560981696.0,55.0,0.0,0.0,0.0,1.0,1.0
-452382.625,0.0,16.775667190551758,0.0,3.7699999809265137,0.024436254054307938,0.0,0.9606259464916709,0.0,0.0,0.0,28.402985074626866,0.965989847715736,1777.3740234375,-265107464.0,67.0,0.0,0.0,0.0,1.0,1.0
-49440.58984375,0.0,16.775667190551758,0.0,4.909999847412109,0.02638315223157406,0.0,0.9601211509338717,0.0,0.0,0.0,27.970588235294116,0.965482233502538,1649.80419921875,-320181616.0,68.0,0.0,0.0,0.0,1.0,1.0
-1299045.875,0.0,16.775667190551758,0.0,3.2899999618530273,0.02482539601624012,0.0,0.9733266230498239,0.0,0.0,0.0,37.19230769230769,0.973816717019134,1896.97265625,-119692852.0,52.0,0.0,0.0,0.0,1.0,1.0
360025.84375,0.0,16.775667190551758,0.0,4.480000019073486,0.030203133821487427,0.0,0.9666160849772383,0.0,0.0,0.0,29.859375,0.9675949367088608,1916.9951171875,-455512720.0,64.0,0.0,0.0,0.0,1.0,1.0
-575929.625,0.0,16.775667190551758,0.0,3.509999990463257,0.023843752220273018,0.0,0.9688128772635815,0.0,0.0,0.0,31.57377049180328,0.9693004529441369,2013.6903076171875,-287660480.0,61.0,0.0,0.0,0.0,1.0,1.0
2022939.875,0.0,16.775667190551758,0.0,4.199999809265137,0.025759916752576828,0.0,0.964321608040201,0.0,0.0,0.0,29.984375,0.967725668179526,1743.4521484375,-753387264.0,64.0,0.0,0.0,0.0,1.0,1.0
-304362.125,0.0,16.775667190551758,0.0,4.940000057220459,0.025912189856171608,0.0,0.9559270516717325,0.0,0.0,0.0,21.941860465116278,0.9564115560060821,1927.4765625,-324734832.0,86.0,0.0,0.0,0.0,1.0,1.0
-1175383.125,0.0,16.775667190551758,0.0,4.559999942779541,0.02799840271472931,0.0,0.9560384032339565,0.0,0.0,0.0,22.523809523809526,0.9574898785425101,1935.09033203125,-152053360.0,84.0,0.0,0.0,0.0,1.0,1.0
-875266.5,0.0,16.775667190551758,0.0,2.9600000381469727,0.023516841232776642,0.0,0.9652217741935484,0.0,0.0,0.0,32.45762711864407,0.9701114488348531,2187.882080078125,-262631080.0,59.0,0.0,0.0,0.0,1.0,1.0
-878098.8125,0.0,16.775667190551758,0.0,4.449999809265137,0.02642330527305603,0.0,0.9526925012581782,0.0,0.0,0.0,20.802197802197803,0.954133064516129,2021.55126953125,-228803832.0,91.0,0.0,0.0,0.0,1.0,1.0
1110130.125,0.0,16.775667190551758,0.0,4.539999961853027,0.030766304582357407,0.0,0.9688285570638512,0.0,0.0,0.0,33.224137931034484,0.9707808564231738,1874.3101806640625,-596995648.0,58.0,0.0,0.0,0.0,1.0,1.0
-1730144.625,0.0,16.775667190551758,0.0,3.680000066757202,0.029928401112556458,0.0,0.9657430730478589,0.0,0.0,0.0,31.42622950819672,0.9691607684529828,2143.364013671875,-82752012.0,61.0,0.0,0.0,0.0,1.0,1.0
-1545511.875,0.0,16.775667190551758,0.0,3.6500000953674316,0.021243037655949593,0.0,0.9621020717534108,0.0,0.0,0.0,26.816901408450704,0.9640506329113924,2286.475830078125,-148302480.0,71.0,0.0,0.0,0.0,1.0,1.0
-660655.5,0.0,16.775667190551758,0.0,3.7100000381469727,0.021822046488523483,0.0,0.9631313131313132,0.0,0.0,0.0,28.893939393939394,0.9665484034465281,2234.299072265625,-314837696.0,66.0,0.0,0.0,0.0,1.0,1.0
-941176.8125,0.0,16.775667190551758,0.0,2.740000009536743,0.020822245627641678,0.0,0.9768611670020121,0.0,0.0,0.0,44.13636363636363,0.9778449144008057,2046.123046875,-221095240.0,44.0,0.0,0.0,0.0,1.0,1.0
-463803.84375,0.0,16.775667190551758,0.0,3.5299999713897705,0.023785052821040154,0.0,0.9681978798586572,0.0,0.0,0.0,31.442622950819672,0.9691763516927742,1969.66796875,-301281440.0,61.0,0.0,0.0,0.0,1.0,1.0
-470649.1875,0.0,16.775667190551758,0.0,5.03000020980835,0.0217604823410511,0.0,0.9525970751386788,0.0,0.0,0.0,21.46590909090909,0.9554881133029843,2136.18017578125,-333218576.0,88.0,0.0,0.0,0.0,1.0,1.0
-934337.0625,0.0,16.775667190551758,0.0,4.28000020980835,0.02585611119866371,0.0,0.9564115560060821,0.0,0.0,0.0,25.84931506849315,0.9627551020408164,2161.3818359375,-245518872.0,73.0,0.0,0.0,0.0,1.0,1.0
1286672.75,0.0,16.775667190551758,0.0,4.0,0.024362167343497276,0.0,0.9641775983854692,0.0,0.0,0.0,28.954545454545453,0.9666160849772383,2232.207763671875,-703885184.0,66.0,0.0,0.0,0.0,1.0,1.0
-1485597.25,0.0,16.775667190551758,0.0,3.559999942779541,0.026376519352197647,0.0,0.9662468513853905,0.0,0.0,0.0,30.444444444444443,0.9681978798586572,2052.849365234375,-113558848.0,63.0,0.0,0.0,0.0,1.0,1.0
912367.8125,0.0,16.775667190551758,0.0,4.429999828338623,0.02752639912068844,0.0,0.9636913767019667,0.0,0.0,0.0,28.52238805970149,0.9661274014155713,1909.446044921875,-564471680.0,67.0,0.0,0.0,0.0,1.0,1.0
393686.875,0.0,16.775667190551758,0.0,4.949999809265137,0.027974743396043777,0.0,0.9591321897073662,0.0,0.0,0.0,23.7625,0.9596163553760727,2027.590576171875,-484366736.0,80.0,0.0,0.0,0.0,1.0,1.0
-1722244.75,0.0,16.775667190551758,0.0,3.6700000762939453,0.021249372512102127,0.0,0.963727959697733,0.0,0.0,0.0,29.890625,0.9676277187658068,2009.216796875,-57502966.0,64.0,0.0,0.0,0.0,1.0,1.0
-1147755.125,0.0,16.775667190551758,0.0,3.390000104904175,0.02390897274017334,0.0,0.9758793969849247,0.0,0.0,0.0,47.36585365853659,0.9793242561775088,1923.624755859375,-155279312.0,41.0,0.0,0.0,0.0,1.0,1.0
184282.453125,0.0,16.775667190551758,0.0,4.28000020980835,0.022511711344122887,0.0,0.9676277187658068,0.0,0.0,0.0,32.98275862068966,0.9705733130390665,2044.537841796875,-445871936.0,58.0,0.0,0.0,0.0,1.0,1.0
124257.84375,0.0,16.775667190551758,0.0,4.03000020980835,0.02439599111676216,0.0,0.9666834931852599,0.0,0.0,0.0,29.46153846153846,0.9671717171717171,2135.75146484375,-452110512.0,65.0,0.0,0.0,0.0,1.0,1.0
-389105.09375,0.0,16.775667190551758,0.0,3.690000057220459,0.027270546182990074,0.0,0.9748237663645518,0.0,0.0,0.0,42.08695652173913,0.9767911200807265,1949.3499755859375,-312155024.0,46.0,0.0,0.0,0.0,1.0,1.0
479837.1875,0.0,16.775667190551758,0.0,4.050000190734863,0.0257932897657156,0.0,0.9635073492143943,0.0,0.0,0.0,26.774647887323944,0.9639959432048681,1965.6712646484375,-489211296.0,71.0,0.0,0.0,0.0,1.0,1.0
-204870.515625,0.0,16.775667190551758,0.0,3.690000057220459,0.021038023754954338,0.0,0.9662128088754413,0.0,0.0,0.0,30.41269841269841,0.9681657402728651,1933.2646484375,-345787456.0,63.0,0.0,0.0,0.0,1.0,1.0
226722.796875,0.0,16.775667190551758,0.0,4.639999866485596,0.02563999593257904,0.0,0.9667170953101362,0.0,0.0,0.0,31.42622950819672,0.9691607684529828,2181.976318359375,-481847904.0,61.0,0.0,0.0,0.0,1.0,1.0
-1620932.5,0.0,16.775667190551758,0.0,3.4700000286102295,0.02408703602850437,0.0,0.9535353535353536,0.0,0.0,0.0,21.953488372093023,0.9564336372847011,2264.788818359375,-128883496.0,86.0,0.0,0.0,0.0,1.0,1.0
-439176.375,0.0,16.775667190551758,0.0,4.170000076293945,0.027361039072275162,0.0,0.9630940343781598,0.0,0.0,0.0,28.863636363636363,0.9665144596651446,2404.777587890625,-393229344.0,66.0,0.0,0.0,0.0,1.0,1.0
-726587.6875,0.0,16.775667190551758,0.0,4.710000038146973,0.02557818964123726,0.0,0.9688755020080321,0.0,0.0,0.0,33.275862068965516,0.9708249496981891,2130.625,-280915280.0,58.0,0.0,0.0,0.0,1.0,1.0
-1734490.75,0.0,16.775667190551758,0.0,2.950000047683716,0.02320007048547268,0.0,0.9661957618567104,0.0,0.0,0.0,29.015151515151516,0.9666834931852599,2164.075927734375,-86025836.0,66.0,0.0,0.0,0.0,1.0,1.0
3196067.75,0.0,16.775667190551758,0.0,5.639999866485596,0.02338630147278309,0.0,0.9576399394856279,0.0,0.0,0.0,24.662337662337663,0.9610323886639676,1852.55908203125,-1009835808.0,77.0,0.0,0.0,0.0,1.0,1.0
-527962.625,0.0,16.775667190551758,0.0,4.360000133514404,0.02279800735414028,0.0,0.9616161616161616,0.0,0.0,0.0,25.72972972972973,0.9625884732052579,1961.0616455078125,-286729920.0,74.0,0.0,0.0,0.0,1.0,1.0
-1118951.125,0.0,16.775667190551758,0.0,3.3299999237060547,0.02541183866560459,0.0,0.9673202614379085,0.0,0.0,0.0,37.72549019607843,0.9741772151898734,1888.473388671875,-154011296.0,51.0,0.0,0.0,0.0,1.0,1.0
-463688.75,0.0,16.775667190551758,0.0,4.179999828338623,0.029056131839752197,0.0,0.9590909090909091,0.0,0.0,0.0,24.346153846153847,0.960546282245827,2349.725341796875,-377318304.0,78.0,0.0,0.0,0.0,1.0,1.0
-1084110.75,0.0,16.775667190551758,0.0,4.449999809265137,0.027517449110746384,0.0,0.9488089204257476,0.0,0.0,0.0,19.705263157894738,0.9517031011692934,2158.987060546875,-215089000.0,95.0,0.0,0.0,0.0,1.0,1.0
1638025.625,0.0,16.775667190551758,0.0,5.239999771118164,0.02856479585170746,0.0,0.9606656580937972,0.0,0.0,0.0,26.458333333333332,0.9635811836115327,1888.278076171875,-705370528.0,72.0,0.0,0.0,0.0,1.0,1.0
509546.84375,0.0,16.775667190551758,0.0,4.610000133514404,0.026093054562807083,0.0,0.9568089430894309,0.0,0.0,0.0,23.835443037974684,0.9597349643221202,2133.089599609375,-528637760.0,79.0,0.0,0.0,0.0,1.0,1.0
-1191763.25,0.0,16.775667190551758,0.0,4.360000133514404,0.02834937535226345,0.0,0.9676930843008581,0.0,0.0,0.0,34.85454545454545,0.9721095334685599,1804.942138671875,-122743144.0,55.0,0.0,0.0,0.0,1.0,1.0
-509645.59375,0.0,16.775667190551758,0.0,3.450000047683716,0.022043943405151367,0.0,0.9635995955510617,0.0,0.0,0.0,28.029411764705884,0.9655521783181358,2026.1201171875,-303404032.0,68.0,0.0,0.0,0.0,1.0,1.0
-350142.25,0.0,16.775667190551758,0.0,4.110000133514404,0.026327237486839294,0.0,0.9759036144578314,0.0,0.0,0.0,42.26086956521739,0.9768844221105528,1976.338623046875,-325345376.0,46.0,0.0,0.0,0.0,1.0,1.0
-757173.375,0.0,16.775667190551758,0.0,3.7699999809265137,0.028003474697470665,0.0,0.9636547198384654,0.0,0.0,0.0,26.887323943661972,0.9641414141414142,1931.62744140625,-235000888.0,71.0,0.0,0.0,0.0,1.0,1.0
-248057.421875,0.0,16.775667190551758,0.0,4.5,0.025397956371307373,0.0,0.9632241813602015,0.0,0.0,0.0,28.53731343283582,0.966144517433047,1845.7484130859375,-319647008.0,67.0,0.0,0.0,0.0,1.0,1.0
-1700721.25,0.0,16.775667190551758,0.0,2.759999990463257,0.030791273340582848,0.0,0.9799398194583752,0.0,0.0,0.0,52.810810810810814,0.9814163736815671,2130.981201171875,-86156888.0,37.0,0.0,0.0,0.0,1.0,1.0
194636.84375,0.0,16.775667190551758,0.0,5.769999980926514,0.025087574496865273,0.0,0.9599594526102382,0.0,0.0,0.0,26.305555555555557,0.9633774160732451,1767.8477783203125,-392606848.0,72.0,0.0,0.0,0.0,1.0,1.0
2130427.75,0.0,16.775667190551758,0.0,4.650000095367432,0.025575513020157814,0.0,0.9682619647355164,0.0,0.0,0.0,33.13793103448276,0.9707070707070707,1874.365478515625,-801066560.0,58.0,0.0,0.0,0.0,1.0,1.0
-878928.0,0.0,16.775667190551758,0.0,4.019999980926514,0.024505769833922386,0.0,0.9652392947103274,0.0,0.0,0.0,29.9375,0.9676767676767677,1893.2864990234375,-202980328.0,64.0,0.0,0.0,0.0,1.0,1.0
-732156.9375,0.0,16.775667190551758,0.0,3.930000066757202,0.02201399952173233,0.0,0.9626639757820383,0.0,0.0,0.0,27.257142857142856,0.9646107178968655,1918.2835693359375,-237335400.0,70.0,0.0,0.0,0.0,1.0,1.0
901728.8125,0.0,16.775667190551758,0.0,4.28000020980835,0.026577424257993698,0.0,0.9590495449949444,0.0,0.0,0.0,24.32051282051282,0.9605063291139241,2128.977294921875,-606251808.0,78.0,0.0,0.0,0.0,1.0,1.0
-699778.875,0.0,16.775667190551758,0.0,3.9000000953674316,0.027352195233106613,0.0,0.9727822580645161,0.0,0.0,0.0,36.41509433962264,0.9732728189611699,2224.42626953125,-305036448.0,53.0,0.0,0.0,0.0,1.0,1.0
-1399925.25,0.0,16.775667190551758,0.0,3.1700000762939453,0.025637943297624588,0.0,0.9703219315895373,0.0,0.0,0.0,32.69491525423729,0.9703219315895373,2251.150390625,-170352816.0,59.0,0.0,0.0,0.0,1.0,1.0
-273108.1875,0.0,16.775667190551758,0.0,3.799999952316284,0.026928657665848732,0.0,0.9656739020696617,0.0,0.0,0.0,30.85483870967742,0.9686075949367089,1903.5435791015625,-326195488.0,62.0,0.0,0.0,0.0,1.0,1.0
562575.375,0.0,16.775667190551758,0.0,3.819999933242798,0.03016987442970276,0.0,0.9651162790697675,0.0,0.0,0.0,30.79032258064516,0.9685438863521055,2005.3980712890625,-513702896.0,62.0,0.0,0.0,0.0,1.0,1.0
-461064.375,0.0,16.775667190551758,0.0,5.400000095367432,0.029304882511496544,0.0,0.9489383215369059,0.0,0.0,0.0,19.757894736842104,0.9518255578093306,1919.091064453125,-291719472.0,95.0,0.0,0.0,0.0,1.0,1.0
-563753.625,0.0,16.775667190551758,0.0,3.9600000381469727,0.029625337570905685,0.0,0.9535588086824835,0.0,0.0,0.0,20.75824175824176,0.954040404040404,1853.8037109375,-258122992.0,91.0,0.0,0.0,0.0,1.0,1.0
-1786144.5,0.0,16.775667190551758,0.0,4.150000095367432,0.027082359418272972,0.0,0.9610914603335018,0.0,0.0,0.0,26.416666666666668,0.9635258358662614,2072.634033203125,-57407680.0,72.0,0.0,0.0,0.0,1.0,1.0
3545922.25,0.0,16.775667190551758,0.0,4.96999979019165,0.023987486958503723,0.0,0.9643036701860231,0.0,0.0,0.0,28.62686567164179,0.9662468513853905,2320.0966796875,-1173313088.0,67.0,0.0,0.0,0.0,1.0,1.0
-161441.703125,0.0,16.775667190551758,0.0,3.6500000953674316,0.026604365557432175,0.0,0.9677906391545043,0.0,0.0,0.0,32.59322033898305,0.9702320887991928,2267.140380859375,-421247568.0,59.0,0.0,0.0,0.0,1.0,1.0
-1131406.75,0.0,16.775667190551758,0.0,3.549999952316284,0.023992184549570084,0.0,0.964735516372796,0.0,0.0,0.0,29.46153846153846,0.9671717171717171,2519.398193359375,-277706912.0,65.0,0.0,0.0,0.0,1.0,1.0
2657029.5,0.0,16.775667190551758,0.0,3.7100000381469727,0.02375173382461071,0.0,0.9692074709742554,0.0,0.0,0.0,33.68421052631579,0.9711684370257967,1579.869873046875,-847487552.0,57.0,0.0,0.0,0.0,1.0,1.0
-739211.1875,0.0,16.775667190551758,0.0,4.820000171661377,0.02075405791401863,0.0,0.9591115598182736,0.0,0.0,0.0,23.75,0.9595959595959596,2041.162841796875,-260501504.0,80.0,0.0,0.0,0.0,1.0,1.0
635645.5625,0.0,16.775667190551758,0.0,4.760000228881836,0.024673011153936386,0.0,0.9630940343781598,0.0,0.0,0.0,29.765625,0.9674961909598782,1994.3446044921875,-526106432.0,64.0,0.0,0.0,0.0,1.0,1.0
-1248817.875,0.0,16.775667190551758,0.0,3.7899999618530273,0.026665017008781433,0.0,0.9651162790697675,0.0,0.0,0.0,29.369230769230768,0.9670719351570415,2218.81787109375,-194108752.0,65.0,0.0,0.0,0.0,1.0,1.0
1395014.125,0.0,16.775667190551758,0.0,5.409999847412109,0.022576220333576202,0.0,0.956082786471479,0.0,0.0,0.0,22.547619047619047,0.9575328614762386,2238.1787109375,-726750208.0,84.0,0.0,0.0,0.0,1.0,1.0
-1109065.0,0.0,16.775667190551758,0.0,3.799999952316284,0.028676455840468407,0.0,0.9606060606060606,0.0,0.0,0.0,27.17142857142857,0.9645030425963489,1965.8170166015625,-171460024.0,70.0,0.0,0.0,0.0,1.0,1.0
13531.2001953125,0.0,16.775667190551758,0.0,4.139999866485596,0.02605631947517395,0.0,0.9707808564231738,0.0,0.0,0.0,35.03636363636364,0.9722502522704339,2090.4716796875,-420908160.0,55.0,0.0,0.0,0.0,1.0,1.0
-54522.12109375,0.0,16.775667190551758,0.0,3.7200000286102295,0.026262128725647926,0.0,0.9646643109540636,0.0,0.0,0.0,28.102941176470587,0.9656392117230924,2131.363525390625,-415477632.0,68.0,0.0,0.0,0.0,1.0,1.0
-272652.71875,0.0,16.775667190551758,0.0,4.349999904632568,0.031352344900369644,0.0,0.9596367305751766,0.0,0.0,0.0,25.36,0.9620637329286799,1949.739990234375,-335527472.0,75.0,0.0,0.0,0.0,1.0,1.0
229346.234375,0.0,16.775667190551758,0.0,3.6500000953674316,0.023151451721787453,0.0,0.9747856782652546,0.0,0.0,0.0,41.12765957446808,0.9762626262626263,2136.73828125,-473323168.0,47.0,0.0,0.0,0.0,1.0,1.0
-486694.84375,0.0,16.775667190551758,0.0,3.759999990463257,0.027380207553505898,0.0,0.9681657402728651,0.0,0.0,0.0,31.40983606557377,0.9691451694486596,1904.675537109375,-283704432.0,61.0,0.0,0.0,0.0,1.0,1.0
-643970.4375,0.0,16.775667190551758,0.0,2.5399999618530273,0.030433032661676407,0.0,0.9747729566094854,0.0,0.0,0.0,46.0,0.9787234042553191,1971.1796875,-265547344.0,42.0,0.0,0.0,0.0,1.0,1.0
-1440045.75,0.0,16.775667190551758,0.0,3.25,0.024999912828207016,0.0,0.9641595153962645,0.0,0.0,0.0,28.507462686567163,0.966110268082954,1962.706298828125,-104641324.0,67.0,0.0,0.0,0.0,1.0,1.0
-485353.4375,0.0,16.775667190551758,0.0,4.039999961853027,0.02565171755850315,0.0,0.9646286003031834,0.0,0.0,0.0,30.3015873015873,0.968052738336714,2025.1202392578125,-308062544.0,63.0,0.0,0.0,0.0,1.0,1.0
1109848.625,0.0,16.775667190551758,0.0,5.059999942779541,0.023389216512441635,0.0,0.9477157360406091,0.0,0.0,0.0,19.447916666666668,0.9510952623535405,1884.1546630859375,-598914080.0,96.0,0.0,0.0,0.0,1.0,1.0
-1967446.75,0.0,16.775667190551758,0.0,3.5299999713897705,0.023261964321136475,0.0,0.9646464646464646,0.0,0.0,0.0,28.08823529411765,0.9656218402426694,2050.84130859375,-16788055.5,68.0,0.0,0.0,0.0,1.0,1.0
1938118.25,0.0,16.775667190551758,0.0,4.150000095367432,0.02179284580051899,0.0,0.9616935483870968,0.0,0.0,0.0,28.47761194029851,0.9660759493670886,1615.9462890625,-710922144.0,67.0,0.0,0.0,0.0,1.0,1.0
355229.28125,0.0,16.775667190551758,0.0,4.059999942779541,0.024708662182092667,0.0,0.9626451287228672,0.0,0.0,0.0,26.48611111111111,0.9636179888832744,2060.775146484375,-483310800.0,72.0,0.0,0.0,0.0,1.0,1.0
1120414.25,0.0,16.775667190551758,0.0,4.880000114440918,0.022992422804236412,0.0,0.9651866801210898,0.0,0.0,0.0,28.984848484848484,0.9666498231430015,1877.331787109375,-599658048.0,66.0,0.0,0.0,0.0,1.0,1.0
-1037154.5625,0.0,16.775667190551758,0.0,4.590000152587891,0.022120503708720207,0.0,0.9652217741935484,0.0,0.0,0.0,29.015151515151516,0.9666834931852599,1689.267333984375,-130532020.0,66.0,0.0,0.0,0.0,1.0,1.0
815815.9375,0.0,16.775667190551758,0.0,4.739999771118164,0.027769263833761215,0.0,0.9702770780856423,0.0,0.0,0.0,33.206896551724135,0.9707661290322581,2070.071044921875,-577285280.0,58.0,0.0,0.0,0.0,1.0,1.0
-205220.65625,0.0,16.775667190551758,0.0,3.7799999713897705,0.02420811541378498,0.0,0.971327967806841,0.0,0.0,0.0,39.40816326530612,0.9752525252525253,1951.0111083984375,-349264640.0,49.0,0.0,0.0,0.0,1.0,1.0
-596403.75,0.0,16.775667190551758,0.0,4.0,0.018504012376070023,0.0,0.9579746835443038,0.0,0.0,0.0,26.27777777777778,0.9633401221995926,1799.9786376953125,-240824848.0,72.0,0.0,0.0,0.0,1.0,1.0
-600641.75,0.0,16.775667190551758,0.0,4.539999961853027,0.028758328408002853,0.0,0.958904109589041,0.0,0.0,0.0,23.924050632911392,0.9598781107160995,1973.1396484375,-274610400.0,79.0,0.0,0.0,0.0,1.0,1.0
-1086747.25,0.0,16.775667190551758,0.0,3.380000114440918,0.021864023059606552,0.0,0.9625506072874493,0.0,0.0,0.0,28.388059701492537,0.9659725749111224,2024.4677734375,-187653264.0,67.0,0.0,0.0,0.0,1.0,1.0
-1359909.875,0.0,16.775667190551758,0.0,3.140000104904175,0.021227005869150162,0.0,0.9677581863979848,0.0,0.0,0.0,32.016666666666666,0.9697122665320546,1998.6513671875,-127856452.0,60.0,0.0,0.0,0.0,1.0,1.0
-139823.765625,0.0,16.775667190551758,0.0,3.809999942779541,0.02059854567050934,0.0,0.9575543203638202,0.0,0.0,0.0,24.294871794871796,0.9604662949822605,1827.6396484375,-337674048.0,78.0,0.0,0.0,0.0,1.0,1.0
593697.875,0.0,16.775667190551758,0.0,4.210000038146973,0.024818813428282738,0.0,0.9651162790697675,0.0,0.0,0.0,28.492537313432837,0.9660931174089069,1844.6640625,-487781648.0,67.0,0.0,0.0,0.0,1.0,1.0
1844621.625,0.0,16.775667190551758,0.0,4.309999942779541,0.026674369350075722,0.0,0.9673202614379085,0.0,0.0,0.0,31.032258064516128,0.9687814702920443,2160.574951171875,-801147488.0,62.0,0.0,0.0,0.0,1.0,1.0
142283.359375,0.0,16.775667190551758,0.0,4.03000020980835,0.025818657130002975,0.0,0.9612676056338029,0.0,0.0,0.0,28.52238805970149,0.9661274014155713,1799.460693359375,-388457824.0,67.0,0.0,0.0,0.0,1.0,1.0
1405912.0,0.0,16.775667190551758,0.0,5.46999979019165,0.025944899767637253,0.0,0.9497971602434077,0.0,0.0,0.0,19.510416666666668,0.9512442864398172,2014.4471435546875,-684184960.0,96.0,0.0,0.0,0.0,1.0,1.0
996400.5,0.0,16.775667190551758,0.0,3.680000066757202,0.02509884536266327,0.0,0.9575113808801214,0.0,0.0,0.0,24.584415584415584,0.9609137055837563,1977.24462890625,-594839456.0,77.0,0.0,0.0,0.0,1.0,1.0
333930.875,0.0,16.775667190551758,0.0,6.309999942779541,0.025015657767653465,0.0,0.9430443548387096,0.0,0.0,0.0,18.71,0.9492643328259767,2203.8095703125,-507662208.0,100.0,0.0,0.0,0.0,1.0,1.0
-93618.9375,0.0,16.775667190551758,0.0,4.329999923706055,0.024489957839250565,0.0,0.9590909090909091,0.0,0.0,0.0,25.66216216216216,0.9624936644703497,1955.922607421875,-372570800.0,74.0,0.0,0.0,0.0,1.0,1.0
755558.5625,0.0,16.775667190551758,0.0,3.9200000762939453,0.022105993703007698,0.0,0.9737903225806451,0.0,0.0,0.0,38.64,0.9747729566094854,1954.545654296875,-542127424.0,50.0,0.0,0.0,0.0,1.0,1.0
733000.0,0.0,16.775667190551758,0.0,5.389999866485596,0.02390000782907009,0.0,0.965133906013138,0.0,0.0,0.0,29.384615384615383,0.9670886075949368,2068.265625,-560361920.0,65.0,0.0,0.0,0.0,1.0,1.0
853404.25,0.0,16.775667190551758,0.0,4.630000114440918,0.02339058369398117,0.0,0.9622356495468278,0.0,0.0,0.0,28.102941176470587,0.9656392117230924,1727.670654296875,-516324352.0,68.0,0.0,0.0,0.0,1.0,1.0
44080.28125,0.0,16.775667190551758,0.0,4.53000020980835,0.027336155995726585,0.0,0.9727822580645161,0.0,0.0,0.0,37.84313725490196,0.9742554265522464,1984.6536865234375,-405853520.0,51.0,0.0,0.0,0.0,1.0,1.0
-731344.0,0.0,16.775667190551758,0.0,3.5799999237060547,0.026567906141281128,0.0,0.9702620967741935,0.0,0.0,0.0,37.01923076923077,0.973697521497218,2071.9443359375,-268227104.0,52.0,0.0,0.0,0.0,1.0,1.0
-495317.53125,0.0,16.775667190551758,0.0,4.110000133514404,0.027366572991013527,0.0,0.9652217741935484,0.0,0.0,0.0,29.015151515151516,0.9666834931852599,1680.1470947265625,-237074768.0,66.0,0.0,0.0,0.0,1.0,1.0
1237322.375,0.0,16.775667190551758,0.0,4.039999961853027,0.02540966495871544,0.0,0.9635995955510617,0.0,0.0,0.0,28.87878787878788,0.9665314401622718,2061.564208984375,-659886144.0,66.0,0.0,0.0,0.0,1.0,1.0
-841625.8125,0.0,16.775667190551758,0.0,3.299999952316284,0.027880465611815453,0.0,0.9610520991401112,0.0,0.0,0.0,25.675675675675677,0.9625126646403243,1884.2789306640625,-208640944.0,74.0,0.0,0.0,0.0,1.0,1.0
577658.8125,0.0,16.775667190551758,0.0,4.289999961853027,0.025809396058321,0.0,0.9697885196374623,0.0,0.0,0.0,37.76470588235294,0.9742033383915023,2039.64208984375,-523567136.0,51.0,0.0,0.0,0.0,1.0,1.0
-84893.140625,0.0,16.775667190551758,0.0,4.46999979019165,0.022931210696697235,0.0,0.9697732997481109,0.0,0.0,0.0,34.375,0.9717314487632509,2027.4251708984375,-388613872.0,56.0,0.0,0.0,0.0,1.0,1.0
372026.625,0.0,16.775667190551758,0.0,5.199999809265137,0.024562502279877663,0.0,0.9597382989431303,0.0,0.0,0.0,24.44871794871795,0.9607052896725441,1933.850830078125,-461286880.0,78.0,0.0,0.0,0.0,1.0,1.0
-1869044.0,0.0,16.775667190551758,0.0,3.3399999141693115,0.02376694418489933,0.0,0.962474645030426,0.0,0.0,0.0,27.507246376811594,0.9649211997966446,2019.453857421875,-30191360.0,69.0,0.0,0.0,0.0,1.0,1.0
-639767.625,0.0,16.775667190551758,0.0,4.690000057220459,0.023664457723498344,0.0,0.9570055639858371,0.0,0.0,0.0,23.949367088607595,0.9599188229325215,2079.268310546875,-288011424.0,79.0,0.0,0.0,0.0,1.0,1.0
2752509.5,0.0,16.775667190551758,0.0,6.21999979019165,0.023590829223394394,0.0,0.9440242057488654,0.0,0.0,0.0,17.660377358490567,0.9464105156723963,2162.4189453125,-983100544.0,106.0,0.0,0.0,0.0,1.0,1.0
612448.625,0.0,16.775667190551758,0.0,3.8499999046325684,0.024927010759711266,0.0,0.9692540322580645,0.0,0.0,0.0,39.244897959183675,0.9751521298174443,2134.671630859375,-549530496.0,49.0,0.0,0.0,0.0,1.0,1.0
122975.0,0.0,16.775667190551758,0.0,4.46999979019165,0.02926052175462246,0.0,0.9548910288900152,0.0,0.0,0.0,22.428571428571427,0.9573170731707317,2051.857421875,-435078048.0,84.0,0.0,0.0,0.0,1.0,1.0
-93567.140625,0.0,16.775667190551758,0.0,4.869999885559082,0.019645962864160538,0.0,0.9600202429149798,0.0,0.0,0.0,25.293333333333333,0.9619675456389453,2238.08642578125,-429013936.0,75.0,0.0,0.0,0.0,1.0,1.0
-1375028.75,0.0,16.775667190551758,0.0,4.659999847412109,0.028509074822068214,0.0,0.9556800815078961,0.0,0.0,0.0,22.070588235294117,0.9566547679755227,1985.52197265625,-122210136.0,85.0,0.0,0.0,0.0,1.0,1.0
1003111.6875,0.0,16.775667190551758,0.0,5.139999866485596,0.02645355835556984,0.0,0.9668508287292817,0.0,0.0,0.0,32.6271186440678,0.9702620967741935,1979.726806640625,-596675840.0,59.0,0.0,0.0,0.0,1.0,1.0
-1195811.875,0.0,16.775667190551758,0.0,3.880000114440918,0.023812608793377876,0.0,0.9632426988922457,0.0,0.0,0.0,26.569444444444443,0.963727959697733,1868.372802734375,-134622272.0,72.0,0.0,0.0,0.0,1.0,1.0
94059.6015625,0.0,16.775667190551758,0.0,4.050000190734863,0.025881770998239517,0.0,0.9667338709677419,0.0,0.0,0.0,29.96875,0.9677093844601413,1851.194580078125,-389159504.0,64.0,0.0,0.0,0.0,1.0,1.0
-218570.625,0.0,16.775667190551758,0.0,5.630000114440918,0.024231571704149246,0.0,0.959214501510574,0.0,0.0,0.0,24.11392405063291,0.9601814516129032,1998.433837890625,-356083552.0,79.0,0.0,0.0,0.0,1.0,1.0
-680475.0625,0.0,16.775667190551758,0.0,3.609999895095825,0.02225654199719429,0.0,0.9747983870967742,0.0,0.0,0.0,39.46938775510204,0.9752899646999496,2382.673583984375,-340546144.0,49.0,0.0,0.0,0.0,1.0,1.0
-1012530.875,0.0,16.775667190551758,0.0,3.7899999618530273,0.02477136440575123,0.0,0.9717171717171718,0.0,0.0,0.0,35.629629629629626,0.9726996966632963,2095.352294921875,-216671448.0,54.0,0.0,0.0,0.0,1.0,1.0
-1464665.75,0.0,16.775667190551758,0.0,4.849999904632568,0.028613369911909103,0.0,0.959718026183283,0.0,0.0,0.0,25.756756756756758,0.9626262626262626,2030.7452392578125,-113326096.0,74.0,0.0,0.0,0.0,1.0,1.0
-145200.5625,0.0,16.775667190551758,0.0,4.309999942779541,0.030675118789076805,0.0,0.9733534439416792,0.0,0.0,0.0,38.72,0.9748237663645518,2021.260986328125,-375318608.0,50.0,0.0,0.0,0.0,1.0,1.0
-1447016.0,0.0,16.775667190551758,0.0,3.2799999713897705,0.021664805710315704,0.0,0.96875,0.0,0.0,0.0,31.508196721311474,0.9692385274836107,2108.508544921875,-132406804.0,61.0,0.0,0.0,0.0,1.0,1.0
-1240271.5,0.0,16.775667190551758,0.0,4.769999980926514,0.022881709039211273,0.0,0.9580384226491405,0.0,0.0,0.0,25.266666666666666,0.9619289340101523,2214.0537109375,-194866704.0,75.0,0.0,0.0,0.0,1.0,1.0
693271.1875,0.0,16.775667190551758,0.0,5.099999904632568,0.0,0.0,0.9687814702920443,0.0,0.0,0.0,33.75438596491228,0.9712266532054518,2132.21923828125,-565205696.0,57.0,0.0,0.0,0.0,1.0,1.0
-18574.279296875,0.0,16.775667190551758,0.0,3.950000047683716,0.0,0.0,0.965080971659919,0.0,0.0,0.0,28.46268656716418,0.9660587639311043,1856.554931640625,-367705184.0,67.0,0.0,0.0,0.0,1.0,1.0
-1614999.25,0.0,3.9100193977355957,0.0,2.9700000286102295,0.0,0.0,0.9737903225806451,0.0,0.0,0.0,41.1063829787234,0.9762506316321374,1900.9161376953125,-57289742.0,47.0,0.0,0.0,0.0,1.0,1.0
-2507744.5,0.0,3.9100193977355957,0.0,3.7100000381469727,0.0,0.0,0.9682939104177152,0.0,0.0,0.0,31.540983606557376,0.9692695214105793,1873.2294921875,126794772.0,61.0,0.0,0.0,0.0,1.0,1.0
100701.203125,0.0,3.9100193977355957,0.0,3.130000114440918,0.0,0.0,0.9635811836115327,0.0,0.0,0.0,26.830985915492956,0.9640688259109311,1714.5963134765625,-363169296.0,71.0,0.0,0.0,0.0,1.0,1.0
-1309518.125,0.0,2.2773168087005615,0.0,3.809999942779541,0.0,0.0,0.9702170620898536,0.0,0.0,0.0,33.719298245614034,0.9711975745325923,1693.0625,-76816524.0,57.0,0.0,0.0,0.0,1.0,1.0
-2157719.25,0.0,2.2773168087005615,0.0,2.7799999713897705,0.0,0.0,0.9637096774193549,0.0,0.0,0.0,27.71014492753623,0.9651691065118627,1931.858642578125,45062566.0,69.0,0.0,0.0,0.0,1.0,1.0
-2898189.5,0.0,2.9522838592529297,0.0,4.139999866485596,0.0,0.0,0.9768261964735516,0.0,0.0,0.0,43.08888888888889,0.9773185483870968,2138.087646484375,151914336.0,45.0,0.0,0.0,0.0,1.0,1.0
-3522622.75,0.0,2.9522838592529297,0.0,2.7899999618530273,0.0,0.0,0.9758064516129032,0.0,0.0,0.0,46.095238095238095,0.9787664307381193,1912.688232421875,321881184.0,42.0,0.0,0.0,0.0,1.0,1.0
-2562777.0,0.0,2.9522838592529297,0.0,2.109999895095825,0.0,0.0,0.9778783308195073,0.0,0.0,0.0,44.20454545454545,0.9778783308195073,1927.989990234375,126851632.0,44.0,0.0,0.0,0.0,1.0,1.0
-3161091.5,0.0,2.25496244430542,0.0,2.7300000190734863,0.0,0.0,0.9732997481108312,0.0,0.0,0.0,46.0,0.9787234042553191,1621.047607421875,307903184.0,42.0,0.0,0.0,0.0,1.0,1.0
-3024500.75,0.0,2.25496244430542,0.0,2.180000066757202,0.0,0.0,0.9794279979929754,0.0,0.0,0.0,48.8,0.9799196787148594,1656.110107421875,273572688.0,40.0,0.0,0.0,0.0,1.0,1.0
-3339998.5,0.0,0.0716448649764061,0.0,2.119999885559082,0.0,0.0,0.9859578736208626,0.0,0.0,0.0,70.21428571428571,0.9859578736208626,1926.648193359375,282566400.0,28.0,0.0,0.0,0.0,1.0,1.0
-2190845.5,0.0,0.0716448649764061,0.0,2.950000047683716,0.0,0.0,0.9829488465396189,0.0,0.0,0.0,59.39393939393939,0.9834420471650778,1942.892578125,49486092.0,33.0,0.0,0.0,0.0,1.0,1.0
-2904350.75,0.0,0.0716448649764061,0.0,2.2799999713897705,0.0,0.0,0.9819095477386934,0.0,0.0,0.0,67.37931034482759,0.9853756933938477,1761.90283203125,228385776.0,29.0,0.0,0.0,0.0,1.0,1.0
-729507.4375,0.0,0.6228002309799194,0.0,3.0199999809265137,0.0,0.0,0.978894472361809,0.0,0.0,0.0,51.26315789473684,0.9808660624370594,1987.746826171875,-251752784.0,38.0,0.0,0.0,0.0,1.0,1.0
-1463581.625,0.0,0.6228002309799194,0.0,3.109999895095825,0.0,0.0,0.9788732394366197,0.0,0.0,0.0,47.46341463414634,0.9793658782083543,2028.57861328125,-113104808.0,41.0,0.0,0.0,0.0,1.0,1.0
-1544844.5,0.0,3.8099894523620605,0.0,2.559999942779541,0.0,0.0,0.9696663296258847,0.0,0.0,0.0,33.06896551724138,0.9706477732793523,1876.6123046875,-66461422.0,58.0,0.0,0.0,0.0,1.0,1.0
-1086803.5,0.0,3.8099894523620605,0.0,3.799999952316284,0.0,0.0,0.9640870005058169,0.0,0.0,0.0,27.6231884057971,0.9650632911392405,1811.704345703125,-145089520.0,69.0,0.0,0.0,0.0,1.0,1.0
-856012.5,0.0,3.8099894523620605,0.0,3.1600000858306885,0.0,0.0,0.9652042360060514,0.0,0.0,0.0,29.446153846153845,0.9671551288529561,1983.574951171875,-225621488.0,65.0,0.0,0.0,0.0,1.0,1.0
-592064.5,0.0,10.027800559997559,0.0,3.630000114440918,0.0,0.0,0.9690512430238457,0.0,0.0,0.0,32.3728813559322,0.9700355510411376,1619.888916015625,-205672832.0,59.0,0.0,0.0,0.0,1.0,1.0
-1090110.5,0.0,10.027800559997559,0.0,2.7799999713897705,0.0,0.0,0.9717884130982368,0.0,0.0,0.0,35.72222222222222,0.972768532526475,2262.32275390625,-234549960.0,54.0,0.0,0.0,0.0,1.0,1.0
-845383.1875,0.0,9.939674377441406,0.0,3.9100000858306885,0.0,0.0,0.9570923775870772,0.0,0.0,0.0,24.623376623376622,0.9609731373542828,1903.222900390625,-211678768.0,77.0,0.0,0.0,0.0,1.0,1.0
-1013554.5625,0.0,9.939674377441406,0.0,3.559999942779541,0.0,0.0,0.9717884130982368,0.0,0.0,0.0,36.39622641509434,0.9732593340060545,2007.356689453125,-198867872.0,53.0,0.0,0.0,0.0,1.0,1.0
-2169441.25,0.0,9.939674377441406,0.0,2.4700000286102295,0.0,0.0,0.9681335356600911,0.0,0.0,0.0,31.37704918032787,0.9691139240506329,2106.5361328125,12472811.5,61.0,0.0,0.0,0.0,1.0,1.0
-1430145.875,0.0,1.7180010080337524,0.0,3.859999895095825,0.0,0.0,0.972306143001007,0.0,0.0,0.0,39.40816326530612,0.9752525252525253,2199.1494140625,-153907160.0,49.0,0.0,0.0,0.0,1.0,1.0
-1263040.75,0.0,1.7180010080337524,0.0,3.549999952316284,0.0,0.0,0.9708249496981891,0.0,0.0,0.0,33.85964912280702,0.9713135379969804,2259.3408203125,-199367792.0,57.0,0.0,0.0,0.0,1.0,1.0
-2515102.25,0.0,1.7180010080337524,0.0,3.450000047683716,0.0,0.0,0.9702471003530005,0.0,0.0,0.0,34.981818181818184,0.9722081859525012,2003.9716796875,102118616.0,55.0,0.0,0.0,0.0,1.0,1.0
-2973306.0,0.0,3.4247548580169678,0.0,2.4700000286102295,0.0,0.0,0.9783593356819326,0.0,0.0,0.0,45.2093023255814,0.9783593356819326,1995.3585205078125,195483784.0,43.0,0.0,0.0,0.0,1.0,1.0
-3143965.75,0.0,3.4247548580169678,0.0,2.119999885559082,0.0,0.0,0.977766548762001,0.0,0.0,0.0,48.375,0.979746835443038,1889.115966796875,250864752.0,40.0,0.0,0.0,0.0,1.0,1.0
-2803067.75,0.0,0.41325968503952026,0.0,2.6700000762939453,0.0,0.0,0.9763700351935646,0.0,0.0,0.0,43.15555555555556,0.9773527931555108,1793.806396484375,201746352.0,45.0,0.0,0.0,0.0,1.0,1.0
-2795793.25,0.0,0.41325968503952026,0.0,2.5799999237060547,0.0,0.0,0.9783484390735147,0.0,0.0,0.0,47.390243902439025,0.9793346774193549,1848.0545654296875,189442416.0,41.0,0.0,0.0,0.0,1.0,1.0
-2567655.0,0.0,0.41325968503952026,0.0,3.130000114440918,0.0,0.0,0.970126582278481,0.0,0.0,0.0,34.214285714285715,0.9716024340770791,1922.646240234375,128894424.0,56.0,0.0,0.0,0.0,1.0,1.0
-2019627.375,0.0,2.797488212585449,0.0,3.9600000381469727,0.0,0.0,0.9693004529441369,0.0,0.0,0.0,35.666666666666664,0.9727272727272728,2208.26953125,-37835702.0,54.0,0.0,0.0,0.0,1.0,1.0
-2970704.75,0.0,2.797488212585449,0.0,3.140000104904175,0.0,0.0,0.9757575757575757,0.0,0.0,0.0,42.0,0.9767441860465116,1883.4019775390625,217354400.0,46.0,0.0,0.0,0.0,1.0,1.0
-3813245.0,0.0,0.3929404616355896,0.0,2.9000000953674316,0.0,0.0,0.9727134916624558,0.0,0.0,0.0,36.320754716981135,0.9732052578361982,2088.23193359375,344895648.0,53.0,0.0,0.0,0.0,1.0,1.0
-3564956.5,0.0,0.3929404616355896,0.0,3.1500000953674316,0.0,0.0,0.9763343403826787,0.0,0.0,0.0,44.06818181818182,0.9778113968734241,1950.61279296875,322762592.0,44.0,0.0,0.0,0.0,1.0,1.0
-2198621.5,0.0,0.3929404616355896,0.0,3.6500000953674316,0.0,0.0,0.9692074709742554,0.0,0.0,0.0,32.0,0.9696969696969697,1662.536865234375,107108740.0,60.0,0.0,0.0,0.0,1.0,1.0
-2584352.0,0.0,1.2691360712051392,0.0,2.3399999141693115,0.019414866343140602,0.0,0.9778002018163471,0.0,0.0,0.0,47.26829268292683,0.9792824658918646,1953.224609375,126120132.0,41.0,0.0,0.0,0.0,1.0,1.0
-3098553.5,0.0,1.2691360712051392,0.0,2.640000104904175,0.026903802528977394,0.0,0.9722502522704339,0.0,0.0,0.0,36.35849056603774,0.9732323232323232,1847.8712158203125,250029272.0,53.0,0.0,0.0,0.0,1.0,1.0
-2851475.75,0.0,1.2691360712051392,0.0,3.869999885559082,0.02601473592221737,0.0,0.9748490945674044,0.0,0.0,0.0,39.55102040816327,0.9753397081026673,1994.2998046875,171328496.0,49.0,0.0,0.0,0.0,1.0,1.0
-2443555.0,0.0,1.2691360712051392,0.0,3.569999933242798,0.025762394070625305,0.0,0.9793554884189325,0.0,0.0,0.0,48.625,0.9798488664987406,1780.095458984375,132586680.0,40.0,0.0,0.0,0.0,1.0,1.0
-2171860.25,0.0,1.2691360712051392,0.0,2.9800000190734863,0.024537459015846252,0.0,0.9754139488208731,0.0,0.0,0.0,45.2093023255814,0.9783593356819326,2060.8203125,22102384.0,43.0,0.0,0.0,0.0,1.0,1.0
-2483067.0,0.0,1.2691360712051392,0.0,3.5999999046325684,0.02749183401465416,0.0,0.9778672032193159,0.0,0.0,0.0,49.84615384615385,0.9803328290468987,1677.640380859375,160980192.0,39.0,0.0,0.0,0.0,1.0,1.0
-2702696.75,0.0,1.2691360712051392,0.0,3.4100000858306885,0.022243769839406013,0.0,0.9753272910372608,0.0,0.0,0.0,43.044444444444444,0.9772956609485368,2124.3408203125,115565252.0,45.0,0.0,0.0,0.0,1.0,1.0
-1634791.625,0.0,1.2691360712051392,0.0,2.5999999046325684,0.023107584565877914,0.0,0.9737373737373738,0.0,0.0,0.0,42.84444444444444,0.9771920932589965,1776.4130859375,-28430274.0,45.0,0.0,0.0,0.0,1.0,1.0
-1631858.875,0.0,1.2691360712051392,0.0,3.2699999809265137,0.02614147588610649,0.0,0.9681818181818181,0.0,0.0,0.0,31.42622950819672,0.9691607684529828,1907.3231201171875,-55201586.0,61.0,0.0,0.0,0.0,1.0,1.0
-3303592.25,0.0,1.2691360712051392,0.0,3.4800000190734863,0.021087080240249634,0.0,0.9666666666666667,0.0,0.0,0.0,30.870967741935484,0.9686234817813765,1948.1605224609375,270977648.0,62.0,0.0,0.0,0.0,1.0,1.0
-2897503.25,0.0,1.2691360712051392,0.0,2.6600000858306885,0.02640894427895546,0.0,0.9799095931692616,0.0,0.0,0.0,55.74285714285714,0.9823766364551864,1859.957275390625,207404640.0,35.0,0.0,0.0,0.0,1.0,1.0
-2764647.0,0.0,1.2691360712051392,0.0,2.6700000762939453,0.025469526648521423,0.0,0.9808949220713926,0.0,0.0,0.0,52.729729729729726,0.9813883299798792,2028.70068359375,147084248.0,37.0,0.0,0.0,0.0,1.0,1.0
-3569616.75,0.0,1.2691360712051392,0.0,2.0,0.024041734635829926,0.0,0.9798893916540975,0.0,0.0,0.0,59.06060606060606,0.9833501513622603,2192.31884765625,275355232.0,33.0,0.0,0.0,0.0,1.0,1.0
-2689097.0,0.0,1.2691360712051392,0.0,2.7200000286102295,0.02612191066145897,0.0,0.9799095931692616,0.0,0.0,0.0,50.02564102564103,0.9804020100502513,1901.6058349609375,157393040.0,39.0,0.0,0.0,0.0,1.0,1.0
-1867392.375,0.0,1.2691360712051392,0.0,3.0199999809265137,0.02687945030629635,0.0,0.9718168092601912,0.0,0.0,0.0,34.482142857142854,0.9718168092601912,1732.669921875,26836906.0,56.0,0.0,0.0,0.0,1.0,1.0
-1879911.25,0.0,1.2691360712051392,0.0,3.2300000190734863,0.024442795664072037,0.0,0.9762865792129163,0.0,0.0,0.0,41.170212765957444,0.9762865792129163,1790.58349609375,17759186.0,47.0,0.0,0.0,0.0,1.0,1.0
-4046174.5,0.0,1.2691360712051392,0.0,2.369999885559082,0.027703354135155678,0.0,0.9788519637462235,0.0,0.0,0.0,48.6,0.9798387096774194,2118.266845703125,385476272.0,40.0,0.0,0.0,0.0,1.0,1.0
-2390092.5,0.0,1.2691360712051392,0.0,2.569999933242798,0.029467632994055748,0.0,0.9804216867469879,0.0,0.0,0.0,51.39473684210526,0.9809141135107986,1675.6512451171875,142783176.0,38.0,0.0,0.0,0.0,1.0,1.0
-909413.9375,0.0,1.2691360712051392,0.0,3.0399999618530273,0.02232428267598152,0.0,0.9727959697732997,0.0,0.0,0.0,36.43396226415094,0.9732862903225806,1813.5687255859375,-180938280.0,53.0,0.0,0.0,0.0,1.0,1.0
-3444227.5,0.0,1.2691360712051392,0.0,2.799999952316284,0.023264165967702866,0.0,0.9752899646999496,0.0,0.0,0.0,42.04347826086956,0.9767676767676767,1936.0640869140625,301526432.0,46.0,0.0,0.0,0.0,1.0,1.0
-2824140.75,0.0,1.2691360712051392,0.0,2.5999999046325684,0.028444264084100723,0.0,0.9789156626506024,0.0,0.0,0.0,55.714285714285715,0.982367758186398,1645.9957275390625,235524336.0,35.0,0.0,0.0,0.0,1.0,1.0
-3168205.75,0.0,1.2691360712051392,0.0,2.240000009536743,0.02564086951315403,0.0,0.9804020100502513,0.0,0.0,0.0,52.729729729729726,0.9813883299798792,2018.703369140625,229795704.0,37.0,0.0,0.0,0.0,1.0,1.0
-1541138.25,0.0,1.2691360712051392,0.0,2.7799999713897705,0.026880983263254166,0.0,0.9722782258064516,0.0,0.0,0.0,36.39622641509434,0.9732593340060545,1811.3067626953125,-54140640.0,53.0,0.0,0.0,0.0,1.0,1.0
-1826876.625,0.0,1.2691360712051392,0.0,2.3299999237060547,0.0241081565618515,0.0,0.9874749498997996,0.0,0.0,0.0,93.85714285714286,0.9894578313253012,1765.617431640625,12149168.0,21.0,0.0,0.0,0.0,1.0,1.0
-4033412.5,0.0,1.2691360712051392,0.0,2.190000057220459,0.022327125072479248,0.0,0.9768378650553877,0.0,0.0,0.0,42.17391304347826,0.9768378650553877,1993.31298828125,407913040.0,46.0,0.0,0.0,0.0,1.0,1.0
-2388219.75,0.0,1.2691360712051392,0.0,2.759999990463257,0.02792978845536709,0.0,0.9844377510040161,0.0,0.0,0.0,65.36666666666666,0.9849321948769463,2249.41796875,27656213.0,30.0,0.0,0.0,0.0,1.0,1.0
-2657157.5,0.0,1.2691360712051392,0.0,3.6500000953674316,0.031786300241947174,0.0,0.973816717019134,0.0,0.0,0.0,40.291666666666664,0.9757820383451059,1767.783447265625,177768528.0,48.0,0.0,0.0,0.0,1.0,1.0
-2719014.5,0.0,1.2691360712051392,0.0,3.7100000381469727,0.02229107916355133,0.0,0.9723479135243841,0.0,0.0,0.0,38.68,0.9747983870967742,1857.94482421875,172107120.0,50.0,0.0,0.0,0.0,1.0,1.0
-3571731.0,0.0,1.2691360712051392,0.0,3.190000057220459,0.025800025090575218,0.0,0.9794589178356713,0.0,0.0,0.0,50.12820512820513,0.9804413239719157,2172.5654296875,279727904.0,39.0,0.0,0.0,0.0,1.0,1.0
-1951020.125,0.0,1.2691360712051392,0.0,3.7799999713897705,0.02695218287408352,0.0,0.9733802109492717,0.0,0.0,0.0,38.0,0.9743589743589743,1763.3526611328125,37426686.0,51.0,0.0,0.0,0.0,1.0,1.0
-2630742.25,0.0,1.2691360712051392,0.0,3.1500000953674316,0.029504358768463135,0.0,0.9748743718592965,0.0,0.0,0.0,44.09090909090909,0.9778225806451613,1914.0487060546875,143232872.0,44.0,0.0,0.0,0.0,1.0,1.0
-2913701.75,0.0,1.2691360712051392,0.0,3.5399999618530273,0.0199495367705822,0.0,0.9718734304369664,0.0,0.0,0.0,36.509433962264154,0.9733400402414487,2001.1500244140625,182403248.0,53.0,0.0,0.0,0.0,1.0,1.0
-3121236.25,0.0,1.2691360712051392,0.0,3.430000066757202,0.02251506969332695,0.0,0.9692695214105793,0.0,0.0,0.0,33.75438596491228,0.9712266532054518,1803.088623046875,263521816.0,57.0,0.0,0.0,0.0,1.0,1.0
-2406240.25,0.0,1.2691360712051392,0.0,3.0299999713897705,0.02670220658183098,0.0,0.9717457114026236,0.0,0.0,0.0,34.392857142857146,0.9717457114026236,1705.72509765625,139995168.0,56.0,0.0,0.0,0.0,1.0,1.0
-2615064.25,0.0,1.2691360712051392,0.0,2.7200000286102295,0.025068819522857666,0.0,0.9768261964735516,0.0,0.0,0.0,43.08888888888889,0.9773185483870968,1747.611083984375,173384488.0,45.0,0.0,0.0,0.0,1.0,1.0
-2685182.0,0.0,1.2691360712051392,0.0,3.259999990463257,0.02505960501730442,0.0,0.9748490945674044,0.0,0.0,0.0,42.130434782608695,0.9768145161290323,1969.2293701171875,143084536.0,46.0,0.0,0.0,0.0,1.0,1.0
-2174190.0,0.0,1.2691360712051392,0.0,5.119999885559082,0.025844037532806396,0.0,0.9567621920563097,0.0,0.0,0.0,22.388235294117646,0.9572434607645876,1959.865234375,42752774.0,85.0,0.0,0.0,0.0,1.0,1.0
-2373685.0,0.0,1.2691360712051392,0.0,3.4600000381469727,0.025149080902338028,0.0,0.9763581488933601,0.0,0.0,0.0,43.13333333333333,0.9773413897280967,1995.044189453125,75622132.0,45.0,0.0,0.0,0.0,1.0,1.0
-3089181.5,0.0,1.2691360712051392,0.0,3.299999952316284,0.023275159299373627,0.0,0.9738035264483628,0.0,0.0,0.0,40.270833333333336,0.9757698132256436,2006.14990234375,216499784.0,48.0,0.0,0.0,0.0,1.0,1.0
-2970665.5,0.0,1.2691360712051392,0.0,2.2100000381469727,0.030827829614281654,0.0,0.9712121212121212,0.0,0.0,0.0,34.339285714285715,0.9717028802425467,2128.467041015625,168332232.0,56.0,0.0,0.0,0.0,1.0,1.0
-3509907.0,0.0,1.2691360712051392,0.0,2.069999933242798,0.026654282584786415,0.0,0.9819548872180451,0.0,0.0,0.0,55.97142857142857,0.9824473420260782,2140.11181640625,273854368.0,35.0,0.0,0.0,0.0,1.0,1.0
-1928822.125,0.0,1.2691360712051392,0.0,2.6600000858306885,0.026076674461364746,0.0,0.9789050728277248,0.0,0.0,0.0,49.97435897435897,0.9803822937625755,1930.4580078125,-432272.5,39.0,0.0,0.0,0.0,1.0,1.0
-3196151.0,0.0,1.2691360712051392,0.0,2.9600000381469727,0.03177613019943237,0.0,0.9778449144008057,0.0,0.0,0.0,45.16279069767442,0.9783375314861461,2206.242919921875,197875840.0,43.0,0.0,0.0,0.0,1.0,1.0
983578.875,0.0,1.2691360712051392,0.0,3.2300000190734863,0.024480657652020454,0.0,0.9789262418464626,0.0,0.0,0.0,48.775,0.9799095931692616,1370.667236328125,-470954432.0,40.0,0.0,0.0,0.0,1.0,1.0
-3411105.0,0.0,1.2691360712051392,0.0,2.569999933242798,0.029765808954834938,0.0,0.9808949220713926,0.0,0.0,0.0,51.3421052631579,0.9808949220713926,1990.1429443359375,284087312.0,38.0,0.0,0.0,0.0,1.0,1.0
-2283277.75,0.0,1.2691360712051392,0.0,3.759999990463257,0.023999322205781937,0.0,0.9744360902255639,0.0,0.0,0.0,42.26086956521739,0.9768844221105528,1569.108154296875,142727856.0,46.0,0.0,0.0,0.0,1.0,1.0
-2459852.0,0.0,1.2691360712051392,0.0,2.359999895095825,0.02300877496600151,0.0,0.9778560644187216,0.0,0.0,0.0,48.575,0.9798285426122038,2231.078125,45649330.0,40.0,0.0,0.0,0.0,1.0,1.0
-2748484.5,0.0,1.2691360712051392,0.0,2.630000114440918,0.025654960423707962,0.0,0.9849624060150376,0.0,0.0,0.0,72.77777777777777,0.9864457831325302,1893.62890625,170867408.0,27.0,0.0,0.0,0.0,1.0,1.0
-3090632.0,0.0,1.2691360712051392,0.0,2.5799999237060547,0.027206867933273315,0.0,0.9763462506290891,0.0,0.0,0.0,41.276595744680854,0.9763462506290891,1862.4539794921875,245529304.0,47.0,0.0,0.0,0.0,1.0,1.0
-3485724.5,0.0,1.2691360712051392,0.0,2.640000104904175,0.027877086773514748,0.0,0.9804216867469879,0.0,0.0,0.0,54.25,0.9819004524886877,2027.3880615234375,291562528.0,36.0,0.0,0.0,0.0,1.0,1.0
-3143306.5,0.0,1.2691360712051392,0.0,2.9600000381469727,0.023897245526313782,0.0,0.9733534439416792,0.0,0.0,0.0,37.23076923076923,0.9738430583501007,1993.284423828125,229897072.0,52.0,0.0,0.0,0.0,1.0,1.0
-2967194.25,0.0,1.2691360712051392,0.0,3.0299999713897705,0.025134995579719543,0.0,0.9728370221327968,0.0,0.0,0.0,39.46938775510204,0.9752899646999496,2003.79736328125,192572880.0,49.0,0.0,0.0,0.0,1.0,1.0
-3332191.25,0.0,1.2691360712051392,0.0,3.0799999237060547,0.02317798137664795,0.0,0.9743589743589743,0.0,0.0,0.0,41.234042553191486,0.9763224181360202,2156.78271484375,234975328.0,47.0,0.0,0.0,0.0,1.0,1.0
-3021368.0,0.0,1.2691360712051392,0.0,2.930000066757202,0.023279894143342972,0.0,0.9799398194583752,0.0,0.0,0.0,50.1025641025641,0.980431510286001,1961.31591796875,211905240.0,39.0,0.0,0.0,0.0,1.0,1.0
-3384161.5,0.0,1.2691360712051392,0.0,3.4100000858306885,0.02508317306637764,0.0,0.9743847312908086,0.0,0.0,0.0,41.276595744680854,0.9763462506290891,2035.4918212890625,269627648.0,47.0,0.0,0.0,0.0,1.0,1.0
-2857598.75,0.0,1.2691360712051392,0.0,2.0999999046325684,0.02448197640478611,0.0,0.9793658782083543,0.0,0.0,0.0,48.65,0.9798590130916415,1940.2218017578125,183370128.0,40.0,0.0,0.0,0.0,1.0,1.0
-3155140.5,0.0,1.2691360712051392,0.0,2.7899999618530273,0.028128385543823242,0.0,0.9693313222724987,0.0,0.0,0.0,37.07692307692308,0.9737373737373738,2021.793212890625,226562352.0,52.0,0.0,0.0,0.0,1.0,1.0
-2049363.5,0.0,1.2691360712051392,0.0,2.890000104904175,0.028178196400403976,0.0,0.9763819095477387,0.0,0.0,0.0,45.18604651162791,0.9783484390735147,2119.23486328125,-14079912.0,43.0,0.0,0.0,0.0,1.0,1.0
-1239506.75,0.0,1.2691360712051392,0.0,3.0,0.02402949333190918,0.0,0.9778672032193159,0.0,0.0,0.0,52.54054054054054,0.9813225643614336,1753.420166015625,-102887424.0,37.0,0.0,0.0,0.0,1.0,1.0
-3666086.0,0.0,1.2691360712051392,0.0,2.9100000858306885,0.024867292493581772,0.0,0.9748617395676219,0.0,0.0,0.0,40.395833333333336,0.9758429793658782,2014.5474853515625,330201280.0,48.0,0.0,0.0,0.0,1.0,1.0
-3132185.0,0.0,1.2691360712051392,0.0,2.7799999713897705,0.025418203324079514,0.0,0.9713135379969804,0.0,0.0,0.0,35.74074074074074,0.9727822580645161,2287.01953125,168925104.0,54.0,0.0,0.0,0.0,1.0,1.0
689071.375,0.0,1.2691360712051392,0.0,4.159999847412109,0.02868078649044037,0.0,0.970736629667003,0.0,0.0,0.0,35.629629629629626,0.9726996966632963,1953.726318359375,-528666784.0,54.0,0.0,0.0,0.0,1.0,1.0
-3365593.0,0.0,1.2691360712051392,0.0,2.759999990463257,0.02951126918196678,0.0,0.977364185110664,0.0,0.0,0.0,45.18604651162791,0.9783484390735147,1822.1322021484375,308586480.0,43.0,0.0,0.0,0.0,1.0,1.0
-2569988.75,0.0,1.2691360712051392,0.0,3.4600000381469727,0.024182725697755814,0.0,0.9748490945674044,0.0,0.0,0.0,41.234042553191486,0.9763224181360202,1718.046630859375,170282048.0,47.0,0.0,0.0,0.0,1.0,1.0
-2939811.75,0.0,1.2691360712051392,0.0,3.680000066757202,0.023919101804494858,0.0,0.9753768844221106,0.0,0.0,0.0,44.11363636363637,0.9778337531486146,2038.7237548828125,180111816.0,44.0,0.0,0.0,0.0,1.0,1.0
-3708636.5,0.0,1.2691360712051392,0.0,2.9100000858306885,0.027692144736647606,0.0,0.9773982923154194,0.0,0.0,0.0,54.05555555555556,0.9818365287588294,2170.378662109375,307546784.0,36.0,0.0,0.0,0.0,1.0,1.0
-2994024.75,0.0,1.2691360712051392,0.0,1.7699999809265137,0.02277289517223835,0.0,0.9814070351758793,0.0,0.0,0.0,52.78378378378378,0.9814070351758793,1830.061767578125,232687576.0,37.0,0.0,0.0,0.0,1.0,1.0
-2957776.75,0.0,1.2691360712051392,0.0,2.3499999046325684,0.025544334203004837,0.0,0.9828973843058351,0.0,0.0,0.0,57.470588235294116,0.9828973843058351,1878.8577880859375,215679248.0,34.0,0.0,0.0,0.0,1.0,1.0
-3232532.5,0.0,1.2691360712051392,0.0,2.5299999713897705,0.02556946873664856,0.0,0.9687184661957619,0.0,0.0,0.0,31.475409836065573,0.9692074709742554,1863.713134765625,273655680.0,61.0,0.0,0.0,0.0,1.0,1.0
-2906517.0,0.0,1.2691360712051392,0.0,2.380000114440918,0.024558452889323235,0.0,0.9793969849246231,0.0,0.0,0.0,48.725,0.9798893916540975,1775.0728759765625,226183680.0,40.0,0.0,0.0,0.0,1.0,1.0
-2346369.0,0.0,1.2691360712051392,0.0,3.4200000762939453,0.0288409236818552,0.0,0.9717457114026236,0.0,0.0,0.0,38.52,0.9746963562753036,1788.5162353515625,111463744.0,50.0,0.0,0.0,0.0,1.0,1.0
-104867.1015625,0.0,1.2691360712051392,0.0,3.309999942779541,0.024036068469285965,0.0,0.9721941354903944,0.0,0.0,0.0,34.96363636363636,0.9721941354903944,2043.132568359375,-387760272.0,55.0,0.0,0.0,0.0,1.0,1.0
-2919120.0,0.0,1.2691360712051392,0.0,4.010000228881836,0.026064570993185043,0.0,0.9727959697732997,0.0,0.0,0.0,37.86274509803921,0.9742684157416751,1894.3101806640625,204855056.0,51.0,0.0,0.0,0.0,1.0,1.0
-2551558.5,0.0,1.2691360712051392,0.0,3.390000104904175,0.024661224335432053,0.0,0.9789050728277248,0.0,0.0,0.0,54.138888888888886,0.9818639798488665,1886.69091796875,132868772.0,36.0,0.0,0.0,0.0,1.0,1.0
-2325013.0,0.0,1.2691360712051392,0.0,3.0199999809265137,0.025098243728280067,0.0,0.9688755020080321,0.0,0.0,0.0,32.166666666666664,0.9698492462311558,1580.7930908203125,148735824.0,60.0,0.0,0.0,0.0,1.0,1.0
-2435592.25,0.0,1.2691360712051392,0.0,3.130000114440918,0.023177998140454292,0.0,0.9752899646999496,0.0,0.0,0.0,41.148936170212764,0.9762746087834427,1929.52197265625,101107748.0,47.0,0.0,0.0,0.0,1.0,1.0
-3642432.25,0.0,1.2691360712051392,0.0,1.899999976158142,0.024805201217532158,0.0,0.9762626262626263,0.0,0.0,0.0,42.02173913043478,0.976755937342092,2068.58740234375,314662832.0,46.0,0.0,0.0,0.0,1.0,1.0
-1412004.0,0.0,1.2691360712051392,0.0,3.2100000381469727,0.024463290348649025,0.0,0.9793969849246231,0.0,0.0,0.0,57.3235294117647,0.9828542612203732,1994.2789306640625,-116559480.0,34.0,0.0,0.0,0.0,1.0,1.0
-3268770.0,0.0,1.2691360712051392,0.0,2.4700000286102295,0.02387971431016922,0.0,0.980372420734776,0.0,0.0,0.0,49.94871794871795,0.980372420734776,2016.6685791015625,250314832.0,39.0,0.0,0.0,0.0,1.0,1.0
-3178484.5,0.0,1.2691360712051392,0.0,2.299999952316284,0.025097226724028587,0.0,0.9859437751004017,0.0,0.0,0.0,75.53846153846153,0.9869346733668342,2146.2236328125,206348752.0,26.0,0.0,0.0,0.0,1.0,1.0
-3992925.0,0.0,1.2691360712051392,0.0,3.069999933242798,0.02715091034770012,0.0,0.9662808253648717,0.0,0.0,0.0,36.92307692307692,0.973630831643002,2130.397216796875,372397904.0,52.0,0.0,0.0,0.0,1.0,1.0
-2974683.0,0.0,1.2691360712051392,0.0,3.0999999046325684,0.030410518869757652,0.0,0.9692540322580645,0.0,0.0,0.0,36.283018867924525,0.9731781376518218,2017.0511474609375,191419256.0,53.0,0.0,0.0,0.0,1.0,1.0
-1878432.75,0.0,1.2691360712051392,0.0,3.1600000858306885,0.02374807745218277,0.0,0.9754016064257028,0.0,0.0,0.0,42.23913043478261,0.9768728004022121,1875.03564453125,573154.0,46.0,0.0,0.0,0.0,1.0,1.0
1392544.0,0.0,1.2691360712051392,0.0,3.4600000381469727,0.024161141365766525,0.0,0.9682779456193353,0.0,0.0,0.0,31.524590163934427,0.9692540322580645,1884.336181640625,-655484192.0,61.0,0.0,0.0,0.0,1.0,1.0
-2236356.5,0.0,1.2691360712051392,0.0,3.5299999713897705,0.023542243987321854,0.0,0.9764292878635907,0.0,0.0,0.0,55.628571428571426,0.9823410696266398,1868.124267578125,73541740.0,35.0,0.0,0.0,0.0,1.0,1.0
-3007981.0,0.0,1.2691360712051392,0.0,3.319999933242798,0.027696216478943825,0.0,0.9698037242073477,0.0,0.0,0.0,36.35849056603774,0.9732323232323232,1882.88916015625,224911280.0,53.0,0.0,0.0,0.0,1.0,1.0
-2574001.25,0.0,1.2691360712051392,0.0,3.569999933242798,0.026145437732338905,0.0,0.9712701612903226,0.0,0.0,0.0,34.410714285714285,0.9717599596570852,2018.0728759765625,111078044.0,56.0,0.0,0.0,0.0,1.0,1.0
-1812450.25,0.0,1.2691360712051392,0.0,3.8499999046325684,0.028126731514930725,0.0,0.9711975745325923,0.0,0.0,0.0,36.96153846153846,0.9736575481256332,1710.96435546875,20190228.0,52.0,0.0,0.0,0.0,1.0,1.0
-2483369.5,0.0,1.2691360712051392,0.0,3.6600000858306885,0.024618487805128098,0.0,0.9718734304369664,0.0,0.0,0.0,37.21153846153846,0.9738298943130347,1713.984130859375,153770144.0,52.0,0.0,0.0,0.0,1.0,1.0
-1617716.75,0.0,1.2691360712051392,0.0,2.990000009536743,0.0292140394449234,0.0,0.980875691997987,0.0,0.0,0.0,57.3235294117647,0.9828542612203732,1780.1663818359375,-32594548.0,34.0,0.0,0.0,0.0,1.0,1.0
-1301694.0,0.0,1.2691360712051392,0.0,3.6700000762939453,0.02404598332941532,0.0,0.9728779507785033,0.0,0.0,0.0,37.98039215686274,0.9743460764587525,2115.1015625,-162788624.0,51.0,0.0,0.0,0.0,1.0,1.0
-1891138.25,0.0,1.2691360712051392,0.0,2.700000047683716,0.025476744398474693,0.0,0.9753521126760564,0.0,0.0,0.0,39.57142857142857,0.9753521126760564,2011.4913330078125,-24177224.0,49.0,0.0,0.0,0.0,1.0,1.0
-3207451.25,0.0,1.2691360712051392,0.0,2.700000047683716,0.024466276168823242,0.0,0.9723618090452262,0.0,0.0,0.0,36.509433962264154,0.9733400402414487,1922.8968505859375,256803456.0,53.0,0.0,0.0,0.0,1.0,1.0
-3100829.75,0.0,1.2691360712051392,0.0,3.9000000953674316,0.024791404604911804,0.0,0.9723340040241448,0.0,0.0,0.0,41.12765957446808,0.9762626262626263,1847.7662353515625,250506304.0,47.0,0.0,0.0,0.0,1.0,1.0
-2661723.75,0.0,1.2691360712051392,0.0,4.079999923706055,0.028120120987296104,0.0,0.9627391742195368,0.0,0.0,0.0,28.11764705882353,0.9656565656565657,1733.3658447265625,185561680.0,68.0,0.0,0.0,0.0,1.0,1.0
-3500389.0,0.0,1.2691360712051392,0.0,2.4600000381469727,0.02315465733408928,0.0,0.9763224181360202,0.0,0.0,0.0,43.06666666666667,0.9773071104387292,1878.503173828125,324271296.0,45.0,0.0,0.0,0.0,1.0,1.0
377931.84375,0.0,1.2691360712051392,0.0,3.2699999809265137,0.025160297751426697,0.0,0.9779227295534371,0.0,0.0,0.0,47.53658536585366,0.9793969849246231,2187.57763671875,-513207280.0,41.0,0.0,0.0,0.0,1.0,1.0
-3327247.0,0.0,1.2691360712051392,0.0,2.430000066757202,0.02682037092745304,0.0,0.9824120603015075,0.0,0.0,0.0,63.064516129032256,0.9843907351460222,2007.647705078125,263815856.0,31.0,0.0,0.0,0.0,1.0,1.0
-2798611.5,0.0,1.2691360712051392,0.0,2.859999895095825,0.02586391195654869,0.0,0.9779227295534371,0.0,0.0,0.0,47.53658536585366,0.9793969849246231,1840.80126953125,191456528.0,41.0,0.0,0.0,0.0,1.0,1.0
-3211920.25,0.0,1.2691360712051392,0.0,3.299999952316284,0.029479553923010826,0.0,0.9712556732223904,0.0,0.0,0.0,34.392857142857146,0.9717457114026236,1772.4202880859375,287792448.0,56.0,0.0,0.0,0.0,1.0,1.0
-3101710.75,0.0,1.2691360712051392,0.0,2.759999990463257,0.021642114967107773,0.0,0.981444332998997,0.0,0.0,0.0,61.15625,0.983911513323278,1876.0323486328125,245031472.0,32.0,0.0,0.0,0.0,1.0,1.0
-3184926.0,0.0,1.2691360712051392,0.0,2.7200000286102295,0.023613210767507553,0.0,0.9773527931555108,0.0,0.0,0.0,46.23809523809524,0.9788306451612904,1911.169921875,254645640.0,42.0,0.0,0.0,0.0,1.0,1.0
-3369006.75,0.0,1.2691360712051392,0.0,1.9900000095367432,0.0241254810243845,0.0,0.9819186338523355,0.0,0.0,0.0,54.30555555555556,0.9819186338523355,2008.5360107421875,271989424.0,36.0,0.0,0.0,0.0,1.0,1.0
-3233484.5,0.0,1.2691360712051392,0.0,2.9000000953674316,0.026075759902596474,0.0,0.9703069954705587,0.0,0.0,0.0,35.7037037037037,0.9727547931382442,1856.8426513671875,275221152.0,54.0,0.0,0.0,0.0,1.0,1.0
-2605243.75,0.0,1.2691360712051392,0.0,3.130000114440918,0.030780037865042686,0.0,0.9666834931852599,0.0,0.0,0.0,29.015151515151516,0.9666834931852599,1765.1610107421875,167907672.0,66.0,0.0,0.0,0.0,1.0,1.0
-3003493.0,0.0,1.2691360712051392,0.0,2.4100000858306885,0.024164581671357155,0.0,0.9778449144008057,0.0,0.0,0.0,46.23809523809524,0.9788306451612904,1940.44384765625,212504400.0,42.0,0.0,0.0,0.0,1.0,1.0
-3208563.25,0.0,1.2691360712051392,0.0,2.9600000381469727,0.023071294650435448,0.0,0.9742943548387096,0.0,0.0,0.0,41.12765957446808,0.9762626262626263,2025.5634765625,236493808.0,47.0,0.0,0.0,0.0,1.0,1.0
-3173202.25,0.0,1.2691360712051392,0.0,2.890000104904175,0.028874237090349197,0.0,0.9794073329984933,0.0,0.0,0.0,50.0,0.9803921568627451,2149.51611328125,204632080.0,39.0,0.0,0.0,0.0,1.0,1.0
-3195387.5,0.0,1.2691360712051392,0.0,3.359999895095825,0.027249012142419815,0.0,0.9747983870967742,0.0,0.0,0.0,40.291666666666664,0.9757820383451059,1916.7003173828125,255631112.0,48.0,0.0,0.0,0.0,1.0,1.0
-2528160.75,0.0,1.2691360712051392,0.0,3.1600000858306885,0.023309582844376564,0.0,0.9723618090452262,0.0,0.0,0.0,43.0,0.9772727272727273,1895.4105224609375,126443912.0,45.0,0.0,0.0,0.0,1.0,1.0
-1935735.625,0.0,1.2691360712051392,0.0,3.1600000858306885,0.022566232830286026,0.0,0.9768378650553877,0.0,0.0,0.0,45.116279069767444,0.978315683308119,1806.19921875,25801565.0,43.0,0.0,0.0,0.0,1.0,1.0
-2557182.0,0.0,1.2691360712051392,0.0,2.140000104904175,0.024070564657449722,0.0,0.9701718907987866,0.0,0.0,0.0,32.52542372881356,0.9701718907987866,1508.2593994140625,209676656.0,59.0,0.0,0.0,0.0,1.0,1.0
-2878008.0,0.0,1.2691360712051392,0.0,3.5899999141693115,0.028451334685087204,0.0,0.9748364368394564,0.0,0.0,0.0,43.044444444444444,0.9772956609485368,1883.093017578125,198877080.0,45.0,0.0,0.0,0.0,1.0,1.0
-3219495.0,0.0,1.2691360712051392,0.0,2.6700000762939453,0.023509200662374496,0.0,0.9823943661971831,0.0,0.0,0.0,63.0,0.984375,1875.35791015625,268723312.0,31.0,0.0,0.0,0.0,1.0,1.0
-2619969.25,0.0,1.2691360712051392,0.0,2.9200000762939453,0.023942716419696808,0.0,0.9743331655762456,0.0,0.0,0.0,38.72,0.9748237663645518,1985.696044921875,126747920.0,50.0,0.0,0.0,0.0,1.0,1.0
-990931.0625,0.0,1.2691360712051392,0.0,3.5999999046325684,0.0238210279494524,0.0,0.9758064516129032,0.0,0.0,0.0,41.191489361702125,0.9762985375693394,2129.30517578125,-227781200.0,47.0,0.0,0.0,0.0,1.0,1.0
-3571330.5,0.0,1.2691360712051392,0.0,3.0999999046325684,0.02462233230471611,0.0,0.9692849949647533,0.0,0.0,0.0,32.6271186440678,0.9702620967741935,1832.5911865234375,347639968.0,59.0,0.0,0.0,0.0,1.0,1.0
-2984693.75,0.0,1.2691360712051392,0.0,3.75,0.02465488761663437,0.0,0.9687814702920443,0.0,0.0,0.0,32.610169491525426,0.9702471003530005,2010.3905029296875,194752856.0,59.0,0.0,0.0,0.0,1.0,1.0
-3444093.0,0.0,1.2691360712051392,0.0,3.3299999237060547,0.025862380862236023,0.0,0.9733802109492717,0.0,0.0,0.0,40.375,0.9758308157099698,1966.0179443359375,295508640.0,48.0,0.0,0.0,0.0,1.0,1.0
-3548747.5,0.0,1.2691360712051392,0.0,2.75,0.027184078469872475,0.0,0.9803625377643505,0.0,0.0,0.0,49.92307692307692,0.9803625377643505,2082.992431640625,293045888.0,39.0,0.0,0.0,0.0,1.0,1.0
-2719787.0,0.0,1.2691360712051392,0.0,2.490000009536743,0.02532638981938362,0.0,0.9783484390735147,0.0,0.0,0.0,47.390243902439025,0.9793346774193549,1824.1517333984375,179021520.0,41.0,0.0,0.0,0.0,1.0,1.0
-3089411.75,0.0,1.2691360712051392,0.0,3.440000057220459,0.022646652534604073,0.0,0.96579476861167,0.0,0.0,0.0,28.65671641791045,0.9662808253648717,2160.230224609375,185727432.0,67.0,0.0,0.0,0.0,1.0,1.0
-3321954.0,0.0,1.2691360712051392,0.0,2.5199999809265137,0.02678496018052101,0.0,0.9829231541938724,0.0,0.0,0.0,61.15625,0.983911513323278,1794.337158203125,305419104.0,32.0,0.0,0.0,0.0,1.0,1.0
-1039192.375,0.0,1.2691360712051392,0.0,3.2200000286102295,0.026590969413518906,0.0,0.9707808564231738,0.0,0.0,0.0,36.35849056603774,0.9732323232323232,1902.27783203125,-172724192.0,53.0,0.0,0.0,0.0,1.0,1.0
-3534254.0,0.0,1.2691360712051392,0.0,2.0199999809265137,0.025357702746987343,0.0,0.984398590840463,0.0,0.0,0.0,63.096774193548384,0.984398590840463,2089.23193359375,288900368.0,31.0,0.0,0.0,0.0,1.0,1.0
-3597127.25,0.0,1.2691360712051392,0.0,2.7100000381469727,0.02686760202050209,0.0,0.9702471003530005,0.0,0.0,0.0,36.301886792452834,0.9731917046029337,2028.5543212890625,313607568.0,53.0,0.0,0.0,0.0,1.0,1.0
-3304456.25,0.0,1.2691360712051392,0.0,2.3399999141693115,0.02527509070932865,0.0,0.9794279979929754,0.0,0.0,0.0,50.05128205128205,0.9804118533400301,2117.798828125,237226424.0,39.0,0.0,0.0,0.0,1.0,1.0
-3274130.25,0.0,1.2691360712051392,0.0,3.759999990463257,0.02592792548239231,0.0,0.9764056224899599,0.0,0.0,0.0,45.23255813953488,0.9783702213279678,2010.2955322265625,252661224.0,43.0,0.0,0.0,0.0,1.0,1.0
-3070492.75,0.0,1.2691360712051392,0.0,2.380000114440918,0.02679116651415825,0.0,0.9798488664987406,0.0,0.0,0.0,48.625,0.9798488664987406,2102.82177734375,193428584.0,40.0,0.0,0.0,0.0,1.0,1.0
-2502297.5,0.0,1.2691360712051392,0.0,3.5,0.022446727380156517,0.0,0.9722642460917801,0.0,0.0,0.0,35.7037037037037,0.9727547931382442,1868.0849609375,126735244.0,54.0,0.0,0.0,0.0,1.0,1.0
-2758354.5,0.0,1.2691360712051392,0.0,2.0799999237060547,0.02353513427078724,0.0,0.986404833836858,0.0,0.0,0.0,72.55555555555556,0.986404833836858,1847.0941162109375,182148568.0,27.0,0.0,0.0,0.0,1.0,1.0
-3033816.75,0.0,1.2691360712051392,0.0,3.6600000858306885,0.02145584300160408,0.0,0.9682299546142209,0.0,0.0,0.0,30.476190476190474,0.9682299546142209,1887.73681640625,229107360.0,63.0,0.0,0.0,0.0,1.0,1.0
-3432118.75,0.0,1.2691360712051392,0.0,2.680000066757202,0.029482457786798477,0.0,0.9743073047858942,0.0,0.0,0.0,39.46938775510204,0.9752899646999496,2113.429931640625,263631144.0,49.0,0.0,0.0,0.0,1.0,1.0
-2281156.75,0.0,1.2691360712051392,0.0,3.7699999809265137,0.02898106537759304,0.0,0.971356783919598,0.0,0.0,0.0,36.471698113207545,0.973313192346425,1720.9942626953125,111925392.0,53.0,0.0,0.0,0.0,1.0,1.0
-2009128.5,0.0,1.2691360712051392,0.0,2.950000047683716,0.026499072089791298,0.0,0.973816717019134,0.0,0.0,0.0,43.95454545454545,0.9777553083923155,1979.108642578125,5898179.0,44.0,0.0,0.0,0.0,1.0,1.0
-2902771.5,0.0,1.2691360712051392,0.0,2.950000047683716,0.0192865002900362,0.0,0.9824649298597194,0.0,0.0,0.0,61.28125,0.9839438033115906,1978.9521484375,184659664.0,32.0,0.0,0.0,0.0,1.0,1.0
-2353208.75,0.0,1.2691360712051392,0.0,3.740000009536743,0.024324920028448105,0.0,0.9693313222724987,0.0,0.0,0.0,32.13333333333333,0.9698189134808853,1925.90966796875,85351552.0,60.0,0.0,0.0,0.0,1.0,1.0
-3796262.5,0.0,1.2691360712051392,0.0,2.630000114440918,0.025834381580352783,0.0,0.9763700351935646,0.0,0.0,0.0,41.319148936170215,0.9763700351935646,2171.026123046875,324941008.0,47.0,0.0,0.0,0.0,1.0,1.0
-982906.1875,0.0,1.2691360712051392,0.0,3.0,0.029668619856238365,0.0,0.973313192346425,0.0,0.0,0.0,37.90196078431372,0.9742943548387096,1631.422119140625,-129810088.0,51.0,0.0,0.0,0.0,1.0,1.0
-1734723.25,0.0,1.2691360712051392,0.0,3.640000104904175,0.02539273537695408,0.0,0.9662468513853905,0.0,0.0,0.0,33.64912280701754,0.9711392405063292,1575.7601318359375,31684495.0,57.0,0.0,0.0,0.0,1.0,1.0
-3431544.0,0.0,1.2691360712051392,0.0,2.950000047683716,0.02330411784350872,0.0,0.9778894472361809,0.0,0.0,0.0,47.46341463414634,0.9793658782083543,1977.6182861328125,290679744.0,41.0,0.0,0.0,0.0,1.0,1.0
-3496119.25,0.0,1.2691360712051392,0.0,2.559999942779541,0.024243652820587158,0.0,0.9788519637462235,0.0,0.0,0.0,47.41463414634146,0.979345088161209,1963.290771484375,306460336.0,41.0,0.0,0.0,0.0,1.0,1.0
-3453758.75,0.0,1.2691360712051392,0.0,2.819999933242798,0.025856947526335716,0.0,0.9773982923154194,0.0,0.0,0.0,47.46341463414634,0.9793658782083543,2011.288330078125,288388464.0,41.0,0.0,0.0,0.0,1.0,1.0
-2659483.0,0.0,1.2691360712051392,0.0,2.9600000381469727,0.023497799411416054,0.0,0.9803921568627451,0.0,0.0,0.0,51.31578947368421,0.9808853118712274,1854.6331787109375,160864792.0,38.0,0.0,0.0,0.0,1.0,1.0
-2415325.0,0.0,1.2691360712051392,0.0,3.1600000858306885,0.02821514569222927,0.0,0.9758915118031141,0.0,0.0,0.0,43.17777777777778,0.977364185110664,1958.185791015625,91321952.0,45.0,0.0,0.0,0.0,1.0,1.0
-3296267.5,0.0,1.2691360712051392,0.0,2.4000000953674316,0.021969590336084366,0.0,0.9829059829059829,0.0,0.0,0.0,57.5,0.9829059829059829,2045.2200927734375,250104912.0,34.0,0.0,0.0,0.0,1.0,1.0
-2386852.25,0.0,1.2691360712051392,0.0,2.700000047683716,0.02296620048582554,0.0,0.9748237663645518,0.0,0.0,0.0,40.333333333333336,0.9758064516129032,1881.004638671875,101063064.0,48.0,0.0,0.0,0.0,1.0,1.0
-1543585.5,0.0,1.2691360712051392,0.0,2.619999885559082,0.02046770602464676,0.0,0.980431510286001,0.0,0.0,0.0,59.21212121212121,0.9833920483140413,1437.7354736328125,21065504.0,33.0,0.0,0.0,0.0,1.0,1.0
-2348537.0,0.0,1.2691360712051392,0.0,3.319999933242798,0.03119519352912903,0.0,0.9697428139183056,0.0,0.0,0.0,33.1551724137931,0.9707218576476527,1981.81689453125,73236080.0,58.0,0.0,0.0,0.0,1.0,1.0
-3452957.5,0.0,1.2691360712051392,0.0,2.5299999713897705,0.023016633465886116,0.0,0.9752650176678446,0.0,0.0,0.0,44.93023255813954,0.9782278481012658,1828.9901123046875,324687776.0,43.0,0.0,0.0,0.0,1.0,1.0
-2814628.25,0.0,1.2691360712051392,0.0,2.259999990463257,0.02485152706503868,0.0,0.9712846347607053,0.0,0.0,0.0,37.07692307692308,0.9737373737373738,1942.4864501953125,174321320.0,52.0,0.0,0.0,0.0,1.0,1.0
-3178939.0,0.0,1.2691360712051392,0.0,2.6700000762939453,0.03024696186184883,0.0,0.9813976872800402,0.0,0.0,0.0,59.15151515151515,0.9833753148614609,1936.0113525390625,248481152.0,33.0,0.0,0.0,0.0,1.0,1.0
-2437253.75,0.0,1.2691360712051392,0.0,2.0799999237060547,0.02900625206530094,0.0,0.9813883299798792,0.0,0.0,0.0,52.729729729729726,0.9813883299798792,1924.07861328125,102530088.0,37.0,0.0,0.0,0.0,1.0,1.0
-3617532.25,0.0,1.2691360712051392,0.0,2.3299999237060547,0.02830890379846096,0.0,0.9829659318637275,0.0,0.0,0.0,59.45454545454545,0.9834586466165414,2199.334716796875,283535264.0,33.0,0.0,0.0,0.0,1.0,1.0
-3546582.0,0.0,1.2691360712051392,0.0,2.2300000190734863,0.024719996377825737,0.0,0.9794073329984933,0.0,0.0,0.0,48.75,0.9798994974874372,1904.885498046875,328234048.0,40.0,0.0,0.0,0.0,1.0,1.0
-2331869.0,0.0,1.2691360712051392,0.0,2.0,0.026367664337158203,0.0,0.9804118533400301,0.0,0.0,0.0,50.05128205128205,0.9804118533400301,1668.000732421875,132668488.0,39.0,0.0,0.0,0.0,1.0,1.0
-3372860.75,0.0,1.2691360712051392,0.0,2.380000114440918,0.02820749022066593,0.0,0.9769192172604114,0.0,0.0,0.0,44.25,0.9779005524861878,1974.0562744140625,279655072.0,44.0,0.0,0.0,0.0,1.0,1.0
-3367669.75,0.0,1.2691360712051392,0.0,2.2300000190734863,0.028348665684461594,0.0,0.978315683308119,0.0,0.0,0.0,48.5,0.9797979797979798,2167.95654296875,239837528.0,40.0,0.0,0.0,0.0,1.0,1.0
-2407401.0,0.0,1.2691360712051392,0.0,3.180000066757202,0.0244192723184824,0.0,0.9769076305220884,0.0,0.0,0.0,43.24444444444445,0.9773982923154194,2008.011474609375,79771800.0,45.0,0.0,0.0,0.0,1.0,1.0
-3822888.0,0.0,1.2691360712051392,0.0,2.5999999046325684,0.0258420892059803,0.0,0.9768728004022121,0.0,0.0,0.0,45.18604651162791,0.9783484390735147,2173.073974609375,329857216.0,43.0,0.0,0.0,0.0,1.0,1.0
-2691612.75,0.0,1.2691360712051392,0.0,3.059999942779541,0.024225039407610893,0.0,0.974320241691843,0.0,0.0,0.0,41.170212765957444,0.9762865792129163,1831.372802734375,171941792.0,47.0,0.0,0.0,0.0,1.0,1.0
-2888784.0,0.0,1.2691360712051392,0.0,3.799999952316284,0.022380515933036804,0.0,0.9702920443101712,0.0,0.0,0.0,33.224137931034484,0.9707808564231738,1987.410400390625,180166488.0,58.0,0.0,0.0,0.0,1.0,1.0
-2996810.0,0.0,1.2691360712051392,0.0,2.7899999618530273,0.023730270564556122,0.0,0.9798893916540975,0.0,0.0,0.0,49.97435897435897,0.9803822937625755,1738.0489501953125,251647112.0,39.0,0.0,0.0,0.0,1.0,1.0
-2915231.25,0.0,1.2691360712051392,0.0,3.1700000762939453,0.025899041444063187,0.0,0.9794073329984933,0.0,0.0,0.0,48.75,0.9798994974874372,2055.08642578125,171923696.0,40.0,0.0,0.0,0.0,1.0,1.0
-3081138.0,0.0,1.2691360712051392,0.0,3.309999942779541,0.0229889377951622,0.0,0.9779116465863453,0.0,0.0,0.0,44.27272727272727,0.9779116465863453,2021.1527099609375,211891208.0,44.0,0.0,0.0,0.0,1.0,1.0
-2916719.0,0.0,1.2691360712051392,0.0,3.75,0.022527657449245453,0.0,0.9697428139183056,0.0,0.0,0.0,35.611111111111114,0.9726858877086495,1727.08251953125,237820064.0,54.0,0.0,0.0,0.0,1.0,1.0
-2693035.0,0.0,1.2691360712051392,0.0,3.75,0.027054166421294212,0.0,0.978894472361809,0.0,0.0,0.0,49.94871794871795,0.980372420734776,2163.952880859375,105711224.0,39.0,0.0,0.0,0.0,1.0,1.0
-2791228.25,0.0,1.2691360712051392,0.0,3.7300000190734863,0.02725191041827202,0.0,0.9774096385542169,0.0,0.0,0.0,46.357142857142854,0.9788838612368024,1953.9169921875,167356416.0,42.0,0.0,0.0,0.0,1.0,1.0
-3215671.75,0.0,1.2691360712051392,0.0,2.9200000762939453,0.022245820611715317,0.0,0.9763700351935646,0.0,0.0,0.0,41.319148936170215,0.9763700351935646,1914.9967041015625,260028640.0,47.0,0.0,0.0,0.0,1.0,1.0
-1623111.5,0.0,1.2691360712051392,0.0,2.869999885559082,0.02577190101146698,0.0,0.9798691494715652,0.0,0.0,0.0,51.23684210526316,0.9808564231738035,2047.9364013671875,-85069928.0,38.0,0.0,0.0,0.0,1.0,1.0
-3401795.5,0.0,1.2691360712051392,0.0,2.700000047683716,0.02769128605723381,0.0,0.9784244856999498,0.0,0.0,0.0,47.5609756097561,0.9794073329984933,1992.6341552734375,281726672.0,41.0,0.0,0.0,0.0,1.0,1.0
-2940604.75,0.0,1.2691360712051392,0.0,2.9700000286102295,0.023733515292406082,0.0,0.980431510286001,0.0,0.0,0.0,52.810810810810814,0.9814163736815671,1893.781982421875,209259784.0,37.0,0.0,0.0,0.0,1.0,1.0
-727996.5,0.0,1.2691360712051392,0.0,3.940000057220459,0.021825576201081276,0.0,0.9728779507785033,0.0,0.0,0.0,42.108695652173914,0.9768028240040343,1964.7724609375,-247461576.0,46.0,0.0,0.0,0.0,1.0,1.0
-2509611.5,0.0,1.2691360712051392,0.0,2.9600000381469727,0.025162076577544212,0.0,0.9778449144008057,0.0,0.0,0.0,47.36585365853659,0.9793242561775088,1990.86962890625,103642848.0,41.0,0.0,0.0,0.0,1.0,1.0
-2638681.0,0.0,1.2691360712051392,0.0,3.359999895095825,0.03107411228120327,0.0,0.9793969849246231,0.0,0.0,0.0,49.97435897435897,0.9803822937625755,2015.0032958984375,124630420.0,39.0,0.0,0.0,0.0,1.0,1.0
-3279843.75,0.0,1.2691360712051392,0.0,2.9200000762939453,0.026661574840545654,0.0,0.9748110831234257,0.0,0.0,0.0,41.170212765957444,0.9762865792129163,2014.1094970703125,253040560.0,47.0,0.0,0.0,0.0,1.0,1.0
-3154565.0,0.0,1.2691360712051392,0.0,4.389999866485596,0.024970853701233864,0.0,0.9668008048289738,0.0,0.0,0.0,34.945454545454545,0.9721800708143652,1863.779296875,258049472.0,55.0,0.0,0.0,0.0,1.0,1.0
-2930281.25,0.0,1.2691360712051392,0.0,3.4800000190734863,0.02029239572584629,0.0,0.9707661290322581,0.0,0.0,0.0,37.03846153846154,0.9737108190091001,1926.9805908203125,200553080.0,52.0,0.0,0.0,0.0,1.0,1.0
-2538081.0,0.0,1.2691360712051392,0.0,2.9600000381469727,0.024991115555167198,0.0,0.9819367787255394,0.0,0.0,0.0,63.12903225806452,0.9844064386317908,1716.237548828125,164264600.0,31.0,0.0,0.0,0.0,1.0,1.0
-1725304.0,0.0,1.2691360712051392,0.0,3.7200000286102295,0.030644068494439125,0.0,0.9793866264454499,0.0,0.0,0.0,51.26315789473684,0.9808660624370594,1631.4107666015625,18673674.0,38.0,0.0,0.0,0.0,1.0,1.0
-1059789.75,0.0,1.2691360712051392,0.0,3.119999885559082,0.029081378132104874,0.0,0.9606656580937972,0.0,0.0,0.0,28.863636363636363,0.9665144596651446,2044.4276123046875,-197036608.0,66.0,0.0,0.0,0.0,1.0,1.0
-3400496.0,0.0,1.2691360712051392,0.0,2.0999999046325684,0.024043988436460495,0.0,0.9747602221100454,0.0,0.0,0.0,39.40816326530612,0.9752525252525253,1715.3258056640625,336927376.0,49.0,0.0,0.0,0.0,1.0,1.0
-3036077.75,0.0,1.2691360712051392,0.0,3.2200000286102295,0.022622840479016304,0.0,0.973816717019134,0.0,0.0,0.0,39.46938775510204,0.9752899646999496,1739.32421875,259244072.0,49.0,0.0,0.0,0.0,1.0,1.0
-2256951.75,0.0,1.2691360712051392,0.0,2.8399999141693115,0.025461796671152115,0.0,0.9793554884189325,0.0,0.0,0.0,51.18421052631579,0.9808371154815936,1930.8350830078125,65118372.0,38.0,0.0,0.0,0.0,1.0,1.0
-1560909.5,0.0,1.2691360712051392,0.0,2.9600000381469727,0.023831894621253014,0.0,0.9666834931852599,0.0,0.0,0.0,30.887096774193548,0.9686393525543753,2033.83349609375,-94693432.0,62.0,0.0,0.0,0.0,1.0,1.0
-2919090.25,0.0,1.2691360712051392,0.0,2.9800000190734863,0.027889762073755264,0.0,0.9763581488933601,0.0,0.0,0.0,43.13333333333333,0.9773413897280967,1844.231201171875,214865768.0,45.0,0.0,0.0,0.0,1.0,1.0
-2867549.5,0.0,1.2691360712051392,0.0,2.2200000286102295,0.024511588737368584,0.0,0.9788732394366197,0.0,0.0,0.0,51.21052631578947,0.9808467741935484,1908.9449462890625,191615904.0,38.0,0.0,0.0,0.0,1.0,1.0
-3609029.75,0.0,1.2691360712051392,0.0,3.369999885559082,0.024242399260401726,0.0,0.962569549822964,0.0,0.0,0.0,27.985294117647058,0.9654997463216641,1923.6751708984375,336960272.0,68.0,0.0,0.0,0.0,1.0,1.0
-961022.875,0.0,1.2691360712051392,0.0,2.7799999713897705,0.026982828974723816,0.0,0.9732997481108312,0.0,0.0,0.0,40.25,0.9757575757575757,1986.5751953125,-205216736.0,48.0,0.0,0.0,0.0,1.0,1.0
-948315.1875,0.0,1.2691360712051392,0.0,3.140000104904175,0.022997666150331497,0.0,0.9768378650553877,0.0,0.0,0.0,46.19047619047619,0.9788092835519677,1853.3056640625,-181103776.0,42.0,0.0,0.0,0.0,1.0,1.0
-3067598.75,0.0,1.2691360712051392,0.0,2.5899999141693115,0.02430531196296215,0.0,0.977364185110664,0.0,0.0,0.0,44.15909090909091,0.9778560644187216,1926.472412109375,228119096.0,44.0,0.0,0.0,0.0,1.0,1.0
-3950122.5,0.0,1.2691360712051392,0.0,2.2799999713897705,0.022530609741806984,0.0,0.9768960321446509,0.0,0.0,0.0,45.23255813953488,0.9783702213279678,2105.296875,368859408.0,43.0,0.0,0.0,0.0,1.0,1.0
-2397229.5,0.0,1.2691360712051392,0.0,3.9200000762939453,0.022957410663366318,0.0,0.9645748987854251,0.0,0.0,0.0,29.78125,0.9675126903553299,2000.9361572265625,79150064.0,64.0,0.0,0.0,0.0,1.0,1.0
-3087646.0,0.0,1.2691360712051392,0.0,2.2100000381469727,0.02337474562227726,0.0,0.9804413239719157,0.0,0.0,0.0,52.83783783783784,0.981425702811245,1796.8673095703125,258050776.0,37.0,0.0,0.0,0.0,1.0,1.0
-2468301.5,0.0,1.2691360712051392,0.0,3.430000066757202,0.02654404006898403,0.0,0.9759036144578314,0.0,0.0,0.0,47.41463414634146,0.979345088161209,1994.728271484375,94609220.0,41.0,0.0,0.0,0.0,1.0,1.0
-3327817.0,0.0,1.2691360712051392,0.0,2.6600000858306885,0.02485666610300541,0.0,0.9789368104312939,0.0,0.0,0.0,47.609756097560975,0.9794279979929754,1807.4429931640625,303969360.0,41.0,0.0,0.0,0.0,1.0,1.0
-1854156.125,0.0,1.2691360712051392,0.0,3.509999990463257,0.025247866287827492,0.0,0.9737771053958648,0.0,0.0,0.0,43.88636363636363,0.9777215189873417,1750.484130859375,20628632.0,44.0,0.0,0.0,0.0,1.0,1.0
-2858655.25,0.0,1.2691360712051392,0.0,3.930000066757202,0.02247760444879532,0.0,0.9692540322580645,0.0,0.0,0.0,33.73684210526316,0.9712121212121212,1882.732421875,195076752.0,57.0,0.0,0.0,0.0,1.0,1.0
-2914418.25,0.0,1.2691360712051392,0.0,2.5899999141693115,0.02452363818883896,0.0,0.9794073329984933,0.0,0.0,0.0,50.0,0.9803921568627451,1872.4051513671875,208297488.0,39.0,0.0,0.0,0.0,1.0,1.0
-3624488.25,0.0,1.2691360712051392,0.0,2.3499999046325684,0.026389073580503464,0.0,0.9814163736815671,0.0,0.0,0.0,54.27777777777778,0.9819095477386934,1833.843994140625,358024192.0,36.0,0.0,0.0,0.0,1.0,1.0
-3525167.25,0.0,1.2691360712051392,0.0,2.3299999237060547,0.022122645750641823,0.0,0.9803129732458354,0.0,0.0,0.0,49.794871794871796,0.9803129732458354,1937.05126953125,317517824.0,39.0,0.0,0.0,0.0,1.0,1.0
-2472566.0,0.0,1.2691360712051392,0.0,2.5299999713897705,0.02381589263677597,0.0,0.9743975903614458,0.0,0.0,0.0,39.61224489795919,0.9753768844221106,1935.0684814453125,107392896.0,49.0,0.0,0.0,0.0,1.0,1.0
-2712736.75,0.0,1.2691360712051392,0.0,3.0199999809265137,0.023096635937690735,0.0,0.979345088161209,0.0,0.0,0.0,48.6,0.9798387096774194,1939.9783935546875,154446264.0,40.0,0.0,0.0,0.0,1.0,1.0
-565052.25,0.0,1.2691360712051392,0.0,3.0799999237060547,0.024159777909517288,0.0,0.9658119658119658,0.0,0.0,0.0,34.92727272727273,0.972165991902834,1598.0579833984375,-206708952.0,55.0,0.0,0.0,0.0,1.0,1.0
212968.71875,0.0,1.2691360712051392,0.0,2.359999895095825,0.02395210787653923,0.0,0.9798488664987406,0.0,0.0,0.0,57.205882352941174,0.9828196058615463,1462.5816650390625,-335214592.0,34.0,0.0,0.0,0.0,1.0,1.0
-2963598.0,0.0,1.2691360712051392,0.0,2.890000104904175,0.0246534813195467,0.0,0.9823766364551864,0.0,0.0,0.0,57.38235294117647,0.9828715365239294,2001.3531494140625,192344568.0,34.0,0.0,0.0,0.0,1.0,1.0
-1115199.875,0.0,1.2691360712051392,0.0,2.930000066757202,0.030843406915664673,0.0,0.9743460764587525,0.0,0.0,0.0,41.212765957446805,0.9763104838709677,1880.014892578125,-153069320.0,47.0,0.0,0.0,0.0,1.0,1.0
-2374566.0,0.0,1.2691360712051392,0.0,3.569999933242798,0.027434879913926125,0.0,0.9697885196374623,0.0,0.0,0.0,33.206896551724135,0.9707661290322581,1839.462646484375,106912736.0,58.0,0.0,0.0,0.0,1.0,1.0
-2600055.75,0.0,1.2691360712051392,0.0,2.5,0.025381729006767273,0.0,0.9798893916540975,0.0,0.0,0.0,51.28947368421053,0.980875691997987,1855.369873046875,148832080.0,38.0,0.0,0.0,0.0,1.0,1.0
-3147967.25,0.0,1.2691360712051392,0.0,2.25,0.02129673957824707,0.0,0.9748237663645518,0.0,0.0,0.0,42.08695652173913,0.9767911200807265,1816.4102783203125,266204936.0,46.0,0.0,0.0,0.0,1.0,1.0
-2652096.25,0.0,1.2691360712051392,0.0,3.549999952316284,0.02266692742705345,0.0,0.9743589743589743,0.0,0.0,0.0,41.234042553191486,0.9763224181360202,1954.44482421875,139423424.0,47.0,0.0,0.0,0.0,1.0,1.0
-2613324.75,0.0,1.2691360712051392,0.0,3.380000114440918,0.025556351989507675,0.0,0.9749247743229689,0.0,0.0,0.0,48.6,0.9798387096774194,1789.274658203125,164704800.0,40.0,0.0,0.0,0.0,1.0,1.0
-3765774.75,0.0,1.2691360712051392,0.0,2.8499999046325684,0.031690970063209534,0.0,0.9701718907987866,0.0,0.0,0.0,33.666666666666664,0.9711538461538461,1894.1483154296875,374217424.0,57.0,0.0,0.0,0.0,1.0,1.0
-2517826.25,0.0,1.2691360712051392,0.0,3.299999952316284,0.024294422939419746,0.0,0.9753397081026673,0.0,0.0,0.0,43.06666666666667,0.9773071104387292,1899.731689453125,123513044.0,45.0,0.0,0.0,0.0,1.0,1.0
-2914153.25,0.0,1.2691360712051392,0.0,2.819999933242798,0.02944275178015232,0.0,0.9738298943130347,0.0,0.0,0.0,43.0,0.9772727272727273,1908.795166015625,200965608.0,45.0,0.0,0.0,0.0,1.0,1.0
-3232436.75,0.0,1.2691360712051392,0.0,2.359999895095825,0.0225637536495924,0.0,0.9692849949647533,0.0,0.0,0.0,31.557377049180328,0.9692849949647533,2110.88525390625,224202280.0,61.0,0.0,0.0,0.0,1.0,1.0
-3340424.25,0.0,1.2691360712051392,0.0,2.700000047683716,0.02395620010793209,0.0,0.9773413897280967,0.0,0.0,0.0,44.11363636363637,0.9778337531486146,1900.9403076171875,287790960.0,44.0,0.0,0.0,0.0,1.0,1.0
-3189864.0,0.0,1.2691360712051392,0.0,2.2300000190734863,0.02869030274450779,0.0,0.9828715365239294,0.0,0.0,0.0,59.121212121212125,0.983366935483871,2058.744873046875,226119408.0,33.0,0.0,0.0,0.0,1.0,1.0
-2997415.75,0.0,1.2691360712051392,0.0,3.740000009536743,0.02435995824635029,0.0,0.9646999495713565,0.0,0.0,0.0,28.55223880597015,0.9661616161616161,1630.428466796875,273288352.0,67.0,0.0,0.0,0.0,1.0,1.0
-3083353.0,0.0,1.2691360712051392,0.0,2.8299999237060547,0.025571536272764206,0.0,0.9667506297229219,0.0,0.0,0.0,35.53703703703704,0.9726305119107957,1842.45263671875,248072696.0,54.0,0.0,0.0,0.0,1.0,1.0
-2239992.0,0.0,1.2691360712051392,0.0,2.630000114440918,0.02707560732960701,0.0,0.9869739478957916,0.0,0.0,0.0,75.76923076923077,0.9869739478957916,1920.143310546875,63866284.0,26.0,0.0,0.0,0.0,1.0,1.0
1006125.25,0.0,1.2691360712051392,0.0,2.8299999237060547,0.02299455553293228,0.0,0.9753148614609571,0.0,0.0,0.0,42.08695652173913,0.9767911200807265,1743.19091796875,-549969504.0,46.0,0.0,0.0,0.0,1.0,1.0
-1570940.0,0.0,1.2691360712051392,0.0,2.890000104904175,0.027758251875638962,0.0,0.9753521126760564,0.0,0.0,0.0,41.255319148936174,0.9763343403826787,1898.1925048828125,-65557100.0,47.0,0.0,0.0,0.0,1.0,1.0
-3446825.5,0.0,1.2691360712051392,0.0,3.5799999237060547,0.027426689863204956,0.0,0.9768261964735516,0.0,0.0,0.0,42.15217391304348,0.9768261964735516,1849.14306640625,319430256.0,46.0,0.0,0.0,0.0,1.0,1.0
-1407217.75,0.0,1.2691360712051392,0.0,5.400000095367432,0.030554255470633507,0.0,0.9638009049773756,0.0,0.0,0.0,27.0,0.9642857142857143,1982.3271484375,-115131700.0,71.0,0.0,0.0,0.0,1.0,1.0
-2391773.0,0.0,1.2691360712051392,0.0,2.869999885559082,0.027048002928495407,0.0,0.9671551288529561,0.0,0.0,0.0,30.870967741935484,0.9686234817813765,2048.279541015625,68590496.0,62.0,0.0,0.0,0.0,1.0,1.0
-3804606.0,0.0,1.2691360712051392,0.0,2.2699999809265137,0.020442403852939606,0.0,0.9757698132256436,0.0,0.0,0.0,41.12765957446808,0.9762626262626263,2140.883056640625,332638352.0,47.0,0.0,0.0,0.0,1.0,1.0
-1981458.25,0.0,1.2691360712051392,0.0,2.490000009536743,0.0260933730751276,0.0,0.9814070351758793,0.0,0.0,0.0,57.44117647058823,0.9828887770508304,1611.13720703125,73959772.0,34.0,0.0,0.0,0.0,1.0,1.0
-2197886.0,0.0,1.2691360712051392,0.0,2.430000066757202,0.028722230345010757,0.0,0.983911513323278,0.0,0.0,0.0,65.23333333333333,0.9849018621036739,1930.55712890625,53361864.0,30.0,0.0,0.0,0.0,1.0,1.0
-3600803.75,0.0,1.2691360712051392,0.0,2.049999952316284,0.02830467000603676,0.0,0.9829231541938724,0.0,0.0,0.0,61.15625,0.983911513323278,1890.73828125,341908880.0,32.0,0.0,0.0,0.0,1.0,1.0
-3008400.75,0.0,1.2691360712051392,0.0,3.1500000953674316,0.026970982551574707,0.0,0.9687814702920443,0.0,0.0,0.0,32.06666666666667,0.969758064516129,2020.5751953125,197456872.0,60.0,0.0,0.0,0.0,1.0,1.0
-1868141.625,0.0,1.2691360712051392,0.0,3.0299999713897705,0.023889783769845963,0.0,0.980431510286001,0.0,0.0,0.0,52.810810810810814,0.9814163736815671,1558.9854736328125,61726444.0,37.0,0.0,0.0,0.0,1.0,1.0
-2775552.25,0.0,1.2691360712051392,0.0,3.450000047683716,0.0211306344717741,0.0,0.9742943548387096,0.0,0.0,0.0,37.90196078431372,0.9742943548387096,1947.48095703125,165507264.0,51.0,0.0,0.0,0.0,1.0,1.0
-3472627.75,0.0,1.2691360712051392,0.0,3.430000066757202,0.020939165726304054,0.0,0.9717741935483871,0.0,0.0,0.0,35.054545454545455,0.9722642460917801,2002.37646484375,293942784.0,55.0,0.0,0.0,0.0,1.0,1.0
-2863243.75,0.0,1.2691360712051392,0.0,3.390000104904175,0.02190297096967697,0.0,0.9723479135243841,0.0,0.0,0.0,36.490566037735846,0.9733266230498239,1942.9378662109375,183954088.0,53.0,0.0,0.0,0.0,1.0,1.0
-939127.0625,0.0,1.2691360712051392,0.0,3.2799999713897705,0.026590436697006226,0.0,0.9804511278195489,0.0,0.0,0.0,52.86486486486486,0.9814350225790266,1804.2119140625,-173121824.0,37.0,0.0,0.0,0.0,1.0,1.0
-3133634.25,0.0,1.2691360712051392,0.0,2.5899999141693115,0.02836000546813011,0.0,0.983433734939759,0.0,0.0,0.0,63.193548387096776,0.9844221105527639,2035.781005859375,219466544.0,31.0,0.0,0.0,0.0,1.0,1.0
-3017953.25,0.0,1.2691360712051392,0.0,3.2899999618530273,0.026819834485650063,0.0,0.9688128772635815,0.0,0.0,0.0,39.30612244897959,0.9751898734177216,1870.23779296875,229436680.0,49.0,0.0,0.0,0.0,1.0,1.0
-3448624.0,0.0,1.2691360712051392,0.0,2.390000104904175,0.02019728161394596,0.0,0.9711830131445905,0.0,0.0,0.0,36.94230769230769,0.9736441966548404,1930.8870849609375,303440512.0,52.0,0.0,0.0,0.0,1.0,1.0
-3313917.75,0.0,1.2691360712051392,0.0,3.130000114440918,0.027444472536444664,0.0,0.9643036701860231,0.0,0.0,0.0,29.96875,0.9677093844601413,1892.578369140625,284159152.0,64.0,0.0,0.0,0.0,1.0,1.0
-2587227.5,0.0,1.2691360712051392,0.0,2.819999933242798,0.022972915321588516,0.0,0.9763819095477387,0.0,0.0,0.0,42.23913043478261,0.9768728004022121,1962.4783935546875,124843716.0,46.0,0.0,0.0,0.0,1.0,1.0
-3049380.5,0.0,1.2691360712051392,0.0,3.869999885559082,0.025112491101026535,0.0,0.9763462506290891,0.0,0.0,0.0,42.17391304347826,0.9768378650553877,1961.0030517578125,217569448.0,46.0,0.0,0.0,0.0,1.0,1.0
-2971119.75,0.0,1.2691360712051392,0.0,3.380000114440918,0.026040872558951378,0.0,0.971327967806841,0.0,0.0,0.0,36.43396226415094,0.9732862903225806,2029.0465087890625,188307480.0,53.0,0.0,0.0,0.0,1.0,1.0
-3033291.5,0.0,1.2691360712051392,0.0,3.190000057220459,0.022705430164933205,0.0,0.9748364368394564,0.0,0.0,0.0,46.11904761904762,0.9787771601819101,1798.420166015625,246868608.0,42.0,0.0,0.0,0.0,1.0,1.0
-3591374.75,0.0,1.2691360712051392,0.0,2.640000104904175,0.026273038238286972,0.0,0.9702320887991928,0.0,0.0,0.0,36.98076923076923,0.9736708860759493,2007.2734375,316713248.0,52.0,0.0,0.0,0.0,1.0,1.0
-3998755.0,0.0,1.2691360712051392,0.0,2.880000114440918,0.02783096395432949,0.0,0.982940291018565,0.0,0.0,0.0,63.193548387096776,0.9844221105527639,2067.4306640625,386160720.0,31.0,0.0,0.0,0.0,1.0,1.0
-2516123.0,0.0,1.2691360712051392,0.0,2.75,0.024472631514072418,0.0,0.9702920443101712,0.0,0.0,0.0,33.80701754385965,0.9712701612903226,1681.7933349609375,166758160.0,57.0,0.0,0.0,0.0,1.0,1.0
-2807613.75,0.0,1.2691360712051392,0.0,2.930000066757202,0.022886835038661957,0.0,0.9804216867469879,0.0,0.0,0.0,50.07692307692308,0.9804216867469879,1779.0185546875,205613840.0,39.0,0.0,0.0,0.0,1.0,1.0
-3333927.75,0.0,1.2691360712051392,0.0,2.240000009536743,0.027074942365288734,0.0,0.9808853118712274,0.0,0.0,0.0,57.35294117647059,0.9828629032258065,1921.873779296875,282306432.0,34.0,0.0,0.0,0.0,1.0,1.0
-1957548.0,0.0,1.2691360712051392,0.0,2.609999895095825,0.02115931175649166,0.0,0.9779116465863453,0.0,0.0,0.0,47.51219512195122,0.9793866264454499,2027.8121337890625,-14158254.0,41.0,0.0,0.0,0.0,1.0,1.0
-2213865.5,0.0,1.2691360712051392,0.0,3.5399999618530273,0.03085891529917717,0.0,0.9651866801210898,0.0,0.0,0.0,30.85483870967742,0.9686075949367089,1977.411376953125,47182126.0,62.0,0.0,0.0,0.0,1.0,1.0
-2063133.0,0.0,1.2691360712051392,0.0,3.0299999713897705,0.02469290792942047,0.0,0.9763462506290891,0.0,0.0,0.0,42.17391304347826,0.9768378650553877,1761.877685546875,60144980.0,46.0,0.0,0.0,0.0,1.0,1.0
-3986693.75,0.0,1.2691360712051392,0.0,2.4000000953674316,0.022203516215085983,0.0,0.9722921914357683,0.0,0.0,0.0,37.84313725490196,0.9742554265522464,2367.6943359375,323693248.0,51.0,0.0,0.0,0.0,1.0,1.0
-2696639.0,0.0,1.2691360712051392,0.0,2.75,0.025763869285583496,0.0,0.9798081776880363,0.0,0.0,0.0,52.45945945945946,0.9812942366026289,1821.9534912109375,174832232.0,37.0,0.0,0.0,0.0,1.0,1.0
1031001.375,0.0,1.2691360712051392,0.0,2.9100000858306885,0.019904199987649918,0.0,0.9799398194583752,0.0,0.0,0.0,50.1025641025641,0.980431510286001,1611.38818359375,-528583088.0,39.0,0.0,0.0,0.0,1.0,1.0
-3020226.25,0.0,1.2691360712051392,0.0,2.2699999809265137,0.02323823794722557,0.0,0.9808177688036346,0.0,0.0,0.0,52.513513513513516,0.9813131313131314,1990.0045166015625,205939488.0,37.0,0.0,0.0,0.0,1.0,1.0
-3486915.5,0.0,1.2691360712051392,0.0,2.4600000381469727,0.004492665641009808,0.0,0.9646286003031834,0.0,0.0,0.0,27.666666666666668,0.9651162790697675,1806.610595703125,335951424.0,69.0,0.0,0.0,0.0,1.0,1.0
-2996374.0,0.0,1.2691360712051392,0.0,3.4600000381469727,0.0,0.0,0.9768495218922999,0.0,0.0,0.0,45.13953488372093,0.9783266129032258,1898.7640380859375,219416336.0,43.0,0.0,0.0,0.0,1.0,1.0
-1526436.0,0.0,0.4729131758213043,0.0,3.25,0.0,0.0,0.9799196787148594,0.0,0.0,0.0,50.05128205128205,0.9804118533400301,1606.545654296875,-16127050.0,39.0,0.0,0.0,0.0,1.0,1.0
-1863923.625,0.0,0.4729131758213043,0.0,3.7799999713897705,0.0,0.0,0.9712411705348133,0.0,0.0,0.0,33.771929824561404,0.9712411705348133,1768.6910400390625,18939036.0,57.0,0.0,0.0,0.0,1.0,1.0
-2143493.75,0.0,0.4729131758213043,0.0,3.4200000762939453,0.0,0.0,0.9626639757820383,0.0,0.0,0.0,28.058823529411764,0.9655870445344129,1943.1455078125,39960180.0,68.0,0.0,0.0,0.0,1.0,1.0
-1697839.625,0.0,1.6233941316604614,0.0,4.21999979019165,0.0,0.0,0.958502024291498,0.0,0.0,0.0,24.28205128205128,0.960446247464503,2074.70947265625,-75484840.0,78.0,0.0,0.0,0.0,1.0,1.0
-3165123.5,0.0,1.6233941316604614,0.0,3.009999990463257,0.0,0.0,0.9773755656108597,0.0,0.0,0.0,44.18181818181818,0.9778672032193159,1825.7489013671875,267769104.0,44.0,0.0,0.0,0.0,1.0,1.0
-1957897.0,0.0,3.125276803970337,0.0,3.130000114440918,0.0,0.0,0.9708396178984414,0.0,0.0,0.0,35.75925925925926,0.9727959697732997,1933.958984375,4680244.5,54.0,0.0,0.0,0.0,1.0,1.0
-3345723.0,0.0,3.125276803970337,0.0,2.630000114440918,0.0,0.0,0.9753148614609571,0.0,0.0,0.0,43.022222222222226,0.9772841998990409,1905.814208984375,287875696.0,45.0,0.0,0.0,0.0,1.0,1.0
-453547.875,0.0,3.125276803970337,0.0,3.3499999046325684,0.0,0.0,0.9747729566094854,0.0,0.0,0.0,39.42857142857143,0.9752650176678446,1866.46044921875,-282689056.0,49.0,0.0,0.0,0.0,1.0,1.0
-3056131.5,0.0,2.938812255859375,0.0,3.690000057220459,0.0,0.0,0.9682939104177152,0.0,0.0,0.0,31.540983606557376,0.9692695214105793,1855.5955810546875,239998904.0,61.0,0.0,0.0,0.0,1.0,1.0
-1640247.5,0.0,2.938812255859375,0.0,4.699999809265137,0.0,0.0,0.9646286003031834,0.0,0.0,0.0,28.492537313432837,0.9660931174089069,1692.6927490234375,-10598113.0,67.0,0.0,0.0,0.0,1.0,1.0
-2772604.75,0.0,1.6576488018035889,0.0,3.0,0.0,0.0,0.9783810960281548,0.0,0.0,0.0,47.46341463414634,0.9793658782083543,1799.38037109375,194539304.0,41.0,0.0,0.0,0.0,1.0,1.0
-3205966.0,0.0,1.6576488018035889,0.0,2.9600000381469727,0.0,0.0,0.9789473684210527,0.0,0.0,0.0,55.8,0.9823943661971831,2048.72314453125,231344032.0,35.0,0.0,0.0,0.0,1.0,1.0
-2123944.25,0.0,1.6576488018035889,0.0,3.4100000858306885,0.0,0.0,0.9788732394366197,0.0,0.0,0.0,48.65,0.9798590130916415,1565.2469482421875,111633884.0,40.0,0.0,0.0,0.0,1.0,1.0
-2164904.25,0.0,2.3869035243988037,0.0,3.450000047683716,0.0,0.0,0.9738298943130347,0.0,0.0,0.0,47.19512195121951,0.979251012145749,2120.9912109375,8677086.0,41.0,0.0,0.0,0.0,1.0,1.0
-1515068.0,0.0,2.3869035243988037,0.0,2.9600000381469727,0.0,0.0,0.9728506787330317,0.0,0.0,0.0,37.21153846153846,0.9738298943130347,1677.01171875,-32496309.0,52.0,0.0,0.0,0.0,1.0,1.0
-3120426.25,0.0,2.3869035243988037,0.0,2.4100000858306885,0.0,0.0,0.9768261964735516,0.0,0.0,0.0,48.475,0.9797877716018191,1905.1827392578125,242943432.0,40.0,0.0,0.0,0.0,1.0,1.0
-3073628.5,0.0,1.1877241134643555,0.0,2.7699999809265137,0.0,0.0,0.9763462506290891,0.0,0.0,0.0,45.116279069767444,0.978315683308119,2122.482177734375,190123592.0,43.0,0.0,0.0,0.0,1.0,1.0
-3321571.75,0.0,1.1877241134643555,0.0,2.2799999713897705,0.0,0.0,0.9747729566094854,0.0,0.0,0.0,38.64,0.9747729566094854,1851.62548828125,293882576.0,50.0,0.0,0.0,0.0,1.0,1.0
-3340101.0,0.0,3.4243710041046143,0.0,2.4600000381469727,0.0,0.0,0.974320241691843,0.0,0.0,0.0,37.94117647058823,0.974320241691843,1919.7418212890625,283965136.0,51.0,0.0,0.0,0.0,1.0,1.0
-2778434.25,0.0,3.4243710041046143,0.0,3.2100000381469727,0.0,0.0,0.9747983870967742,0.0,0.0,0.0,42.04347826086956,0.9767676767676767,1813.80615234375,192819544.0,46.0,0.0,0.0,0.0,1.0,1.0
-2571600.25,0.0,3.4243710041046143,0.0,2.75,0.0,0.0,0.9773869346733668,0.0,0.0,0.0,44.20454545454545,0.9778783308195073,1793.9696044921875,155420224.0,44.0,0.0,0.0,0.0,1.0,1.0
-3497341.75,0.0,1.8200374841690063,0.0,3.5799999237060547,0.0,0.0,0.979345088161209,0.0,0.0,0.0,49.84615384615385,0.9803328290468987,1984.739013671875,302415456.0,39.0,0.0,0.0,0.0,1.0,1.0
-2451854.0,0.0,1.8200374841690063,0.0,2.4200000762939453,0.0,0.0,0.9738562091503268,0.0,0.0,0.0,42.108695652173914,0.9768028240040343,1711.7655029296875,147911504.0,46.0,0.0,0.0,0.0,1.0,1.0
-3524413.5,0.0,0.5613565444946289,0.0,3.430000066757202,0.0,0.0,0.9763700351935646,0.0,0.0,0.0,44.13636363636363,0.9778449144008057,2208.53466796875,263069824.0,44.0,0.0,0.0,0.0,1.0,1.0
-1452747.875,0.0,0.5613565444946289,0.0,3.640000104904175,0.0,0.0,0.9666498231430015,0.0,0.0,0.0,29.43076923076923,0.9671385237613751,2248.71337890625,-159302120.0,65.0,0.0,0.0,0.0,1.0,1.0
12296.7998046875,0.0,0.5613565444946289,0.0,4.340000152587891,0.0,0.0,0.9691763516927742,0.0,0.0,0.0,33.06896551724138,0.9706477732793523,1721.183349609375,-346803840.0,58.0,0.0,0.0,0.0,1.0,1.0
-1230860.5,0.0,8.912818908691406,0.0,2.619999885559082,0.0,0.0,0.9722222222222222,0.0,0.0,0.0,37.745098039215684,0.9741902834008097,1945.485107421875,-143031672.0,51.0,0.0,0.0,0.0,1.0,1.0
-2793680.75,0.0,8.912818908691406,0.0,2.9800000190734863,0.0,0.0,0.9768261964735516,0.0,0.0,0.0,42.15217391304348,0.9768261964735516,2013.4658203125,155936856.0,46.0,0.0,0.0,0.0,1.0,1.0
-1330321.5,0.0,1.3680466413497925,0.0,4.449999809265137,0.0,0.0,0.9667003027245207,0.0,0.0,0.0,29.9375,0.9676767676767677,1946.3865966796875,-123321580.0,64.0,0.0,0.0,0.0,1.0,1.0
-2596507.25,0.0,1.3680466413497925,0.0,3.359999895095825,0.0,0.0,0.9682459677419355,0.0,0.0,0.0,36.94230769230769,0.9736441966548404,1890.4691162109375,141100680.0,52.0,0.0,0.0,0.0,1.0,1.0
-3338788.5,0.0,1.3680466413497925,0.0,2.5899999141693115,0.0,0.0,0.9763581488933601,0.0,0.0,0.0,42.19565217391305,0.9768495218922999,1953.490478515625,276953664.0,46.0,0.0,0.0,0.0,1.0,1.0
-2533428.75,0.0,0.8753409385681152,0.0,2.6700000762939453,0.0,0.0,0.9753397081026673,0.0,0.0,0.0,46.142857142857146,0.9787878787878788,1926.2105712890625,121337964.0,42.0,0.0,0.0,0.0,1.0,1.0
-3289156.5,0.0,0.8753409385681152,0.0,3.9100000858306885,0.0,0.0,0.9783375314861461,0.0,0.0,0.0,47.36585365853659,0.9793242561775088,2090.85986328125,239553472.0,41.0,0.0,0.0,0.0,1.0,1.0
-2604997.5,0.0,0.8753409385681152,0.0,2.740000009536743,0.0,0.0,0.974721941354904,0.0,0.0,0.0,39.3469387755102,0.9752149721800708,1891.115478515625,142669888.0,49.0,0.0,0.0,0.0,1.0,1.0
-1732330.5,0.0,0.5253739356994629,0.0,3.809999942779541,0.0,0.0,0.96875,0.0,0.0,0.0,33.719298245614034,0.9711975745325923,1977.743896484375,-49191292.0,57.0,0.0,0.0,0.0,1.0,1.0
-1930022.5,0.0,0.5253739356994629,0.0,2.950000047683716,0.0,0.0,0.9697885196374623,0.0,0.0,0.0,32.644067796610166,0.9702770780856423,2093.967529296875,-32896810.0,59.0,0.0,0.0,0.0,1.0,1.0
-3454516.5,0.0,0.9586989283561707,0.0,2.7799999713897705,0.010350423865020275,0.0,0.9727134916624558,0.0,0.0,0.0,37.01923076923077,0.973697521497218,2118.552734375,267085648.0,52.0,0.0,0.0,0.0,1.0,1.0
-2591556.75,0.0,0.9586989283561707,0.0,2.5,0.02599063515663147,0.0,0.965989847715736,0.0,0.0,0.0,29.276923076923076,0.9669715447154471,1675.898193359375,183023016.0,65.0,0.0,0.0,0.0,1.0,1.0
-3342352.75,0.0,0.9586989283561707,0.0,2.880000114440918,0.025801846757531166,0.0,0.9833836858006042,0.0,0.0,0.0,63.0,0.984375,2154.20849609375,237524760.0,31.0,0.0,0.0,0.0,1.0,1.0
-2777356.25,0.0,0.9586989283561707,0.0,3.940000057220459,0.028904259204864502,0.0,0.9631870902672718,0.0,0.0,0.0,28.939393939393938,0.9665991902834008,1673.9061279296875,220580904.0,66.0,0.0,0.0,0.0,1.0,1.0
-3750850.0,0.0,0.9586989283561707,0.0,2.890000104904175,0.024836380034685135,0.0,0.9758064516129032,0.0,0.0,0.0,41.191489361702125,0.9762985375693394,2301.99169921875,289665200.0,47.0,0.0,0.0,0.0,1.0,1.0
-3291252.25,0.0,0.9586989283561707,0.0,3.180000066757202,0.024576768279075623,0.0,0.9799196787148594,0.0,0.0,0.0,61.0,0.9838709677419355,1971.45458984375,263855168.0,32.0,0.0,0.0,0.0,1.0,1.0
-2781901.0,0.0,0.9586989283561707,0.0,4.079999923706055,0.02391984686255455,0.0,0.9728233517866129,0.0,0.0,0.0,39.44897959183673,0.9752774974772956,1797.8851318359375,196696144.0,49.0,0.0,0.0,0.0,1.0,1.0
-3267749.75,0.0,0.9586989283561707,0.0,3.0999999046325684,0.02972169779241085,0.0,0.973313192346425,0.0,0.0,0.0,38.66,0.9747856782652546,2185.394775390625,216364112.0,50.0,0.0,0.0,0.0,1.0,1.0
-4144611.75,0.0,0.9586989283561707,0.0,2.240000009536743,0.027178624644875526,0.0,0.9742684157416751,0.0,0.0,0.0,37.86274509803921,0.9742684157416751,2160.00732421875,396813920.0,51.0,0.0,0.0,0.0,1.0,1.0
-2950511.0,0.0,0.9586989283561707,0.0,3.7699999809265137,0.026085788384079933,0.0,0.9727959697732997,0.0,0.0,0.0,44.906976744186046,0.9782168186423505,2090.343017578125,171927920.0,43.0,0.0,0.0,0.0,1.0,1.0
-1823504.75,0.0,0.9586989283561707,0.0,3.880000114440918,0.024679135531187057,0.0,0.9733534439416792,0.0,0.0,0.0,40.333333333333336,0.9758064516129032,1832.6263427734375,-1930770.0,48.0,0.0,0.0,0.0,1.0,1.0
-2123534.75,0.0,0.9586989283561707,0.0,2.950000047683716,0.027549346908926964,0.0,0.9686234817813765,0.0,0.0,0.0,34.17857142857143,0.9715736040609138,1908.24853515625,42949800.0,56.0,0.0,0.0,0.0,1.0,1.0
-2805999.75,0.0,0.9586989283561707,0.0,3.2799999713897705,0.02452288195490837,0.0,0.9684052156469408,0.0,0.0,0.0,32.18333333333333,0.9698643897538926,1881.782958984375,184735000.0,60.0,0.0,0.0,0.0,1.0,1.0
-3803024.25,0.0,0.9586989283561707,0.0,3.069999933242798,0.02402004599571228,0.0,0.9799297541394882,0.0,0.0,0.0,52.78378378378378,0.9814070351758793,2145.371826171875,331425504.0,37.0,0.0,0.0,0.0,1.0,1.0
-2918989.5,0.0,0.9586989283561707,0.0,2.930000066757202,0.0254887156188488,0.0,0.9717599596570852,0.0,0.0,0.0,35.68518518518518,0.9727410398788491,2169.705078125,149749464.0,54.0,0.0,0.0,0.0,1.0,1.0
-2743639.0,0.0,0.9586989283561707,0.0,3.4600000381469727,0.025526564568281174,0.0,0.9742943548387096,0.0,0.0,0.0,38.66,0.9747856782652546,2257.461669921875,97128456.0,50.0,0.0,0.0,0.0,1.0,1.0
-2409136.75,0.0,0.9586989283561707,0.0,3.0399999618530273,0.025373101234436035,0.0,0.9793866264454499,0.0,0.0,0.0,47.51219512195122,0.9793866264454499,1971.6656494140625,87388620.0,41.0,0.0,0.0,0.0,1.0,1.0
-2652976.0,0.0,0.9586989283561707,0.0,3.2100000381469727,0.026982152834534645,0.0,0.979345088161209,0.0,0.0,0.0,48.6,0.9798387096774194,2107.767333984375,108936232.0,40.0,0.0,0.0,0.0,1.0,1.0
-2221094.5,0.0,0.9586989283561707,0.0,2.4700000286102295,0.0253104530274868,0.0,0.9732728189611699,0.0,0.0,0.0,40.208333333333336,0.9757330637007078,1991.8736572265625,45737702.0,48.0,0.0,0.0,0.0,1.0,1.0
-2830334.0,0.0,0.9586989283561707,0.0,3.700000047683716,0.029828602448105812,0.0,0.9759036144578314,0.0,0.0,0.0,44.18181818181818,0.9778672032193159,2142.93212890625,137374616.0,44.0,0.0,0.0,0.0,1.0,1.0
-1968023.0,0.0,0.9586989283561707,0.0,3.3399999141693115,0.02307659015059471,0.0,0.9737771053958648,0.0,0.0,0.0,38.62,0.9747602221100454,1995.6634521484375,-5634930.25,50.0,0.0,0.0,0.0,1.0,1.0
-3505848.0,0.0,0.9586989283561707,0.0,2.1700000762939453,0.02484341524541378,0.0,0.9727134916624558,0.0,0.0,0.0,37.01923076923077,0.973697521497218,2072.304443359375,286601552.0,52.0,0.0,0.0,0.0,1.0,1.0
-2413250.5,0.0,0.9586989283561707,0.0,2.740000009536743,0.024022256955504417,0.0,0.973816717019134,0.0,0.0,0.0,39.46938775510204,0.9752899646999496,2010.2108154296875,80501620.0,49.0,0.0,0.0,0.0,1.0,1.0
-2009073.25,0.0,0.9586989283561707,0.0,3.2699999809265137,0.0260032769292593,0.0,0.9641595153962645,0.0,0.0,0.0,32.3728813559322,0.9700355510411376,1785.7581787109375,44554582.0,59.0,0.0,0.0,0.0,1.0,1.0
-3197709.5,0.0,0.9586989283561707,0.0,3.4000000953674316,0.022934213280677795,0.0,0.9758915118031141,0.0,0.0,0.0,45.18604651162791,0.9783484390735147,2222.78271484375,194879600.0,43.0,0.0,0.0,0.0,1.0,1.0
-3807315.25,0.0,0.9586989283561707,0.0,1.8600000143051147,0.027190616354346275,0.0,0.9828973843058351,0.0,0.0,0.0,59.21212121212121,0.9833920483140413,2189.887939453125,323381136.0,33.0,0.0,0.0,0.0,1.0,1.0
-2840611.75,0.0,0.9586989283561707,0.0,2.619999885559082,0.023131966590881348,0.0,0.9763343403826787,0.0,0.0,0.0,45.093023255813954,0.9783047426841575,1977.9361572265625,172429256.0,43.0,0.0,0.0,0.0,1.0,1.0
-2199234.0,0.0,0.9586989283561707,0.0,3.5899999141693115,0.02423754706978798,0.0,0.9707661290322581,0.0,0.0,0.0,35.666666666666664,0.9727272727272728,1998.4617919921875,40046540.0,54.0,0.0,0.0,0.0,1.0,1.0
-2557230.5,0.0,0.9586989283561707,0.0,2.869999885559082,0.02262536808848381,0.0,0.9681657402728651,0.0,0.0,0.0,35.48148148148148,0.9725888324873097,2171.51806640625,77035332.0,54.0,0.0,0.0,0.0,1.0,1.0
-2361661.5,0.0,0.9586989283561707,0.0,3.809999942779541,0.02478954568505287,0.0,0.9754385964912281,0.0,0.0,0.0,47.46341463414634,0.9793658782083543,1925.9744873046875,87031912.0,41.0,0.0,0.0,0.0,1.0,1.0
-2864606.75,0.0,0.9586989283561707,0.0,2.8299999237060547,0.023792725056409836,0.0,0.9732997481108312,0.0,0.0,0.0,37.15384615384615,0.9737903225806451,1837.145263671875,205385280.0,52.0,0.0,0.0,0.0,1.0,1.0
-3118205.75,0.0,0.9586989283561707,0.0,2.6600000858306885,0.023129239678382874,0.0,0.9834170854271357,0.0,0.0,0.0,61.15625,0.983911513323278,1838.0120849609375,255934504.0,32.0,0.0,0.0,0.0,1.0,1.0
-3080760.25,0.0,0.9586989283561707,0.0,3.0299999713897705,0.02886103466153145,0.0,0.9712121212121212,0.0,0.0,0.0,34.96363636363636,0.9721941354903944,2027.3055419921875,210583584.0,55.0,0.0,0.0,0.0,1.0,1.0
-3920636.25,0.0,0.9586989283561707,0.0,2.190000057220459,0.027359554544091225,0.0,0.980372420734776,0.0,0.0,0.0,54.111111111111114,0.9818548387096774,2090.07177734375,366008080.0,36.0,0.0,0.0,0.0,1.0,1.0
-3244665.5,0.0,0.9586989283561707,0.0,2.6700000762939453,0.025322377681732178,0.0,0.9726720647773279,0.0,0.0,0.0,38.44,0.9746450304259635,2129.035888671875,223019128.0,50.0,0.0,0.0,0.0,1.0,1.0
-2401606.0,0.0,0.9586989283561707,0.0,3.240000009536743,0.025004323571920395,0.0,0.9707661290322581,0.0,0.0,0.0,35.666666666666664,0.9727272727272728,1902.4498291015625,99723912.0,54.0,0.0,0.0,0.0,1.0,1.0
-3688996.5,0.0,0.9586989283561707,0.0,3.2699999809265137,0.022906843572854996,0.0,0.968149646107179,0.0,0.0,0.0,33.01724137931034,0.9706031424227065,2175.638916015625,302563616.0,58.0,0.0,0.0,0.0,1.0,1.0
-3474809.0,0.0,0.9586989283561707,0.0,3.059999942779541,0.024884764105081558,0.0,0.9722782258064516,0.0,0.0,0.0,37.8235294117647,0.9742424242424242,1728.915771484375,349071616.0,51.0,0.0,0.0,0.0,1.0,1.0
-2009665.25,0.0,0.9586989283561707,0.0,2.859999895095825,0.026140620931982994,0.0,0.9743331655762456,0.0,0.0,0.0,39.51020408163265,0.9753148614609571,1988.402587890625,4145510.0,49.0,0.0,0.0,0.0,1.0,1.0
-440886.8125,0.0,0.9586989283561707,0.0,2.369999885559082,0.023401152342557907,0.0,0.9788838612368024,0.0,0.0,0.0,47.48780487804878,0.9793762575452716,1854.2052001953125,-282769056.0,41.0,0.0,0.0,0.0,1.0,1.0
-1895163.625,0.0,0.9586989283561707,0.0,3.2100000381469727,0.026900291442871094,0.0,0.9803625377643505,0.0,0.0,0.0,52.62162162162162,0.9813508064516129,2049.139404296875,-30900171.0,37.0,0.0,0.0,0.0,1.0,1.0
-2644156.75,0.0,0.9586989283561707,0.0,3.180000066757202,0.027717988938093185,0.0,0.9783266129032258,0.0,0.0,0.0,46.214285714285715,0.9788199697428139,2143.953857421875,99934976.0,42.0,0.0,0.0,0.0,1.0,1.0
-3585389.0,0.0,0.9586989283561707,0.0,2.6600000858306885,0.0231698676943779,0.0,0.9773185483870968,0.0,0.0,0.0,46.166666666666664,0.9787985865724381,2044.12158203125,308147904.0,42.0,0.0,0.0,0.0,1.0,1.0
-1739687.875,0.0,0.9586989283561707,0.0,3.630000114440918,0.023812923580408096,0.0,0.9738562091503268,0.0,0.0,0.0,42.108695652173914,0.9768028240040343,1908.1573486328125,-33800252.0,46.0,0.0,0.0,0.0,1.0,1.0
-3725611.0,0.0,0.9586989283561707,0.0,2.8499999046325684,0.028022563084959984,0.0,0.9793969849246231,0.0,0.0,0.0,59.06060606060606,0.9833501513622603,2150.112060546875,314995440.0,33.0,0.0,0.0,0.0,1.0,1.0
-3202779.5,0.0,0.9586989283561707,0.0,2.740000009536743,0.02786887250840664,0.0,0.9707808564231738,0.0,0.0,0.0,35.03636363636364,0.9722502522704339,1967.7264404296875,246903160.0,55.0,0.0,0.0,0.0,1.0,1.0
-2053179.625,0.0,0.9586989283561707,0.0,2.75,0.029011765494942665,0.0,0.9778672032193159,0.0,0.0,0.0,45.2093023255814,0.9783593356819326,2162.206787109375,-21911175.0,43.0,0.0,0.0,0.0,1.0,1.0
-3608219.5,0.0,0.9586989283561707,0.0,2.950000047683716,0.021882159635424614,0.0,0.9677744209466264,0.0,0.0,0.0,32.03333333333333,0.9697275479313825,2117.811279296875,297972656.0,60.0,0.0,0.0,0.0,1.0,1.0
-3218123.75,0.0,0.9586989283561707,0.0,3.559999942779541,0.024855071678757668,0.0,0.9718168092601912,0.0,0.0,0.0,36.43396226415094,0.9732862903225806,2340.1044921875,175496232.0,53.0,0.0,0.0,0.0,1.0,1.0
-3329240.25,0.0,0.9586989283561707,0.0,2.890000104904175,0.02394236996769905,0.0,0.9747474747474747,0.0,0.0,0.0,38.6,0.9747474747474747,2328.752197265625,199990880.0,50.0,0.0,0.0,0.0,1.0,1.0
-2524327.75,0.0,0.9586989283561707,0.0,2.859999895095825,0.028899937868118286,0.0,0.980875691997987,0.0,0.0,0.0,55.68571428571428,0.9823588709677419,1873.117919921875,130137304.0,35.0,0.0,0.0,0.0,1.0,1.0
-2937859.25,0.0,0.9586989283561707,0.0,3.009999990463257,0.02304394729435444,0.0,0.9753645047762695,0.0,0.0,0.0,44.09090909090909,0.9778225806451613,2069.4150390625,173583064.0,44.0,0.0,0.0,0.0,1.0,1.0
-2400536.0,0.0,0.9586989283561707,0.0,3.4100000858306885,0.024239638820290565,0.0,0.9727272727272728,0.0,0.0,0.0,37.03846153846154,0.9737108190091001,1937.5604248046875,92487772.0,52.0,0.0,0.0,0.0,1.0,1.0
-3606537.5,0.0,0.9586989283561707,0.0,2.309999942779541,0.02656661905348301,0.0,0.9707070707070707,0.0,0.0,0.0,33.13793103448276,0.9707070707070707,2069.560791015625,307287136.0,58.0,0.0,0.0,0.0,1.0,1.0
-2318689.75,0.0,0.9586989283561707,0.0,3.2899999618530273,0.028414469212293625,0.0,0.9788838612368024,0.0,0.0,0.0,46.357142857142854,0.9788838612368024,2142.08544921875,35215324.0,42.0,0.0,0.0,0.0,1.0,1.0
-3179619.25,0.0,0.9586989283561707,0.0,2.569999933242798,0.025776078924536705,0.0,0.9706031424227065,0.0,0.0,0.0,34.19642857142857,0.9715880263825469,1957.728515625,244270336.0,56.0,0.0,0.0,0.0,1.0,1.0
-2436107.75,0.0,0.9586989283561707,0.0,2.2699999809265137,0.026164108887314796,0.0,0.9717314487632509,0.0,0.0,0.0,36.320754716981135,0.9732052578361982,1984.467041015625,90220816.0,53.0,0.0,0.0,0.0,1.0,1.0
-3712515.5,0.0,0.9586989283561707,0.0,3.0299999713897705,0.023410649970173836,0.0,0.9762985375693394,0.0,0.0,0.0,45.02325581395349,0.9782718544719555,2000.417724609375,342312976.0,43.0,0.0,0.0,0.0,1.0,1.0
-2502065.75,0.0,0.9586989283561707,0.0,2.8299999237060547,0.024593424052000046,0.0,0.9768028240040343,0.0,0.0,0.0,43.044444444444444,0.9772956609485368,2143.19189453125,71668892.0,45.0,0.0,0.0,0.0,1.0,1.0
-3048331.25,0.0,0.9586989283561707,0.0,2.0999999046325684,0.02193532884120941,0.0,0.9783810960281548,0.0,0.0,0.0,46.333333333333336,0.9788732394366197,1870.344970703125,235490992.0,42.0,0.0,0.0,0.0,1.0,1.0
-2363541.5,0.0,0.9586989283561707,0.0,4.230000019073486,0.027500391006469727,0.0,0.9722782258064516,0.0,0.0,0.0,35.72222222222222,0.972768532526475,1921.3109130859375,88338876.0,54.0,0.0,0.0,0.0,1.0,1.0
-3051611.0,0.0,0.9586989283561707,0.0,2.880000114440918,0.025953346863389015,0.0,0.9823410696266398,0.0,0.0,0.0,57.26470588235294,0.9828369510348309,2099.270263671875,190363680.0,34.0,0.0,0.0,0.0,1.0,1.0
-2596418.0,0.0,0.9586989283561707,0.0,3.180000066757202,0.02484101429581642,0.0,0.9681335356600911,0.0,0.0,0.0,31.9,0.9696048632218845,2048.13671875,109547928.0,60.0,0.0,0.0,0.0,1.0,1.0
-3478721.25,0.0,0.9586989283561707,0.0,2.819999933242798,0.029363861307501793,0.0,0.9707218576476527,0.0,0.0,0.0,33.73684210526316,0.9712121212121212,2136.0390625,268428736.0,57.0,0.0,0.0,0.0,1.0,1.0
-1568522.25,0.0,0.9586989283561707,0.0,3.3299999237060547,0.024143915623426437,0.0,0.9743073047858942,0.0,0.0,0.0,37.92156862745098,0.9743073047858942,1902.92578125,-66987492.0,51.0,0.0,0.0,0.0,1.0,1.0
-2789584.75,0.0,0.9586989283561707,0.0,3.0199999809265137,0.02401602268218994,0.0,0.9788413098236776,0.0,0.0,0.0,53.97222222222222,0.9818089944416372,1994.1728515625,158977392.0,36.0,0.0,0.0,0.0,1.0,1.0
-3516581.75,0.0,0.9586989283561707,0.0,3.049999952316284,0.027044054120779037,0.0,0.9691919191919192,0.0,0.0,0.0,32.52542372881356,0.9701718907987866,2209.218017578125,261364552.0,59.0,0.0,0.0,0.0,1.0,1.0
-3946411.25,0.0,0.9586989283561707,0.0,2.6500000953674316,0.023906530812382698,0.0,0.9839034205231388,0.0,0.0,0.0,65.2,0.9848942598187311,2206.208251953125,347936672.0,30.0,0.0,0.0,0.0,1.0,1.0
-2887243.0,0.0,0.9586989283561707,0.0,4.119999885559082,0.02700871229171753,0.0,0.9718592964824121,0.0,0.0,0.0,35.163636363636364,0.9723479135243841,2161.8046875,144980056.0,55.0,0.0,0.0,0.0,1.0,1.0
-3204297.25,0.0,0.9586989283561707,0.0,3.390000104904175,0.025162234902381897,0.0,0.9743460764587525,0.0,0.0,0.0,38.74,0.9748364368394564,2187.103271484375,203331464.0,50.0,0.0,0.0,0.0,1.0,1.0
-3081299.75,0.0,0.9586989283561707,0.0,4.179999828338623,0.026778623461723328,0.0,0.9758793969849247,0.0,0.0,0.0,42.21739130434783,0.9768611670020121,2149.6005859375,186233672.0,46.0,0.0,0.0,0.0,1.0,1.0
-2935931.0,0.0,0.9586989283561707,0.0,3.7100000381469727,0.026042411103844643,0.0,0.9727410398788491,0.0,0.0,0.0,37.05769230769231,0.9737241030823648,2074.748046875,172129592.0,52.0,0.0,0.0,0.0,1.0,1.0
-2570905.0,0.0,0.9586989283561707,0.0,2.9700000286102295,0.02859223261475563,0.0,0.9758064516129032,0.0,0.0,0.0,41.191489361702125,0.9762985375693394,1838.7373046875,146327168.0,47.0,0.0,0.0,0.0,1.0,1.0
-2705468.75,0.0,0.9586989283561707,0.0,3.740000009536743,0.02750067040324211,0.0,0.9687026754164564,0.0,0.0,0.0,31.983333333333334,0.9696816574027286,1818.258056640625,177334176.0,60.0,0.0,0.0,0.0,1.0,1.0
-2312799.5,0.0,0.9586989283561707,0.0,3.8299999237060547,0.02337447553873062,0.0,0.9686868686868687,0.0,0.0,0.0,35.51851851851852,0.9726166328600405,2233.724365234375,15707890.0,54.0,0.0,0.0,0.0,1.0,1.0
-3588930.25,0.0,0.9586989283561707,0.0,2.3299999237060547,0.021916184574365616,0.0,0.9747474747474747,0.0,0.0,0.0,41.06382978723404,0.9762266059686393,2017.001708984375,314279472.0,47.0,0.0,0.0,0.0,1.0,1.0
-3155718.5,0.0,0.9586989283561707,0.0,3.5399999618530273,0.022410184144973755,0.0,0.9697732997481109,0.0,0.0,0.0,32.6271186440678,0.9702620967741935,2004.111572265625,230213368.0,59.0,0.0,0.0,0.0,1.0,1.0
-3073870.75,0.0,0.9586989283561707,0.0,2.7899999618530273,0.024093102663755417,0.0,0.9716742539200809,0.0,0.0,0.0,34.92727272727273,0.972165991902834,1940.6240234375,226541872.0,55.0,0.0,0.0,0.0,1.0,1.0
-2584667.0,0.0,0.9586989283561707,0.0,3.259999990463257,0.023867232725024223,0.0,0.9778783308195073,0.0,0.0,0.0,44.20454545454545,0.9778783308195073,2025.4049072265625,111746160.0,44.0,0.0,0.0,0.0,1.0,1.0
-2866025.0,0.0,0.9586989283561707,0.0,2.5799999237060547,0.027683665975928307,0.0,0.9747602221100454,0.0,0.0,0.0,44.906976744186046,0.9782168186423505,2159.83203125,141132992.0,43.0,0.0,0.0,0.0,1.0,1.0
-2741536.0,0.0,0.9586989283561707,0.0,2.7200000286102295,0.02646229788661003,0.0,0.9727272727272728,0.0,0.0,0.0,36.339622641509436,0.9732187973724103,1747.09716796875,198780040.0,53.0,0.0,0.0,0.0,1.0,1.0
-1885001.625,0.0,0.9586989283561707,0.0,3.690000057220459,0.021537674590945244,0.0,0.9779227295534371,0.0,0.0,0.0,49.97435897435897,0.9803822937625755,2137.20751953125,-50546512.0,39.0,0.0,0.0,0.0,1.0,1.0
-2737091.5,0.0,0.9586989283561707,0.0,3.5799999237060547,0.029070883989334106,0.0,0.9768960321446509,0.0,0.0,0.0,47.4390243902439,0.9793554884189325,2294.18701171875,88475508.0,41.0,0.0,0.0,0.0,1.0,1.0
-2612623.25,0.0,0.9586989283561707,0.0,2.6500000953674316,0.028179368004202843,0.0,0.9697275479313825,0.0,0.0,0.0,34.32142857142857,0.9716885743174924,2131.443603515625,96128308.0,56.0,0.0,0.0,0.0,1.0,1.0
-2232423.0,0.0,0.9586989283561707,0.0,2.9000000953674316,0.022346993908286095,0.0,0.9727134916624558,0.0,0.0,0.0,37.745098039215684,0.9741902834008097,1886.012451171875,69175308.0,51.0,0.0,0.0,0.0,1.0,1.0
-3370442.25,0.0,0.9586989283561707,0.0,2.7799999713897705,0.02974860742688179,0.0,0.9808853118712274,0.0,0.0,0.0,52.7027027027027,0.9813789632611978,2075.849853515625,258813504.0,37.0,0.0,0.0,0.0,1.0,1.0
-4059899.75,0.0,0.9586989283561707,0.0,2.3399999141693115,0.025671398267149925,0.0,0.9854271356783919,0.0,0.0,0.0,72.62962962962963,0.9864185110663984,2184.04443359375,375067488.0,27.0,0.0,0.0,0.0,1.0,1.0
-2643987.5,0.0,0.9586989283561707,0.0,3.0199999809265137,0.030662018805742264,0.0,0.9758308157099698,0.0,0.0,0.0,40.375,0.9758308157099698,1933.42578125,142005376.0,48.0,0.0,0.0,0.0,1.0,1.0
-3286627.75,0.0,0.9586989283561707,0.0,2.990000009536743,0.027124781161546707,0.0,0.9743073047858942,0.0,0.0,0.0,39.46938775510204,0.9752899646999496,2233.187744140625,210581200.0,49.0,0.0,0.0,0.0,1.0,1.0
-3486686.75,0.0,0.9586989283561707,0.0,2.799999952316284,0.027609964832663536,0.0,0.9662128088754413,0.0,0.0,0.0,30.41269841269841,0.9681657402728651,1981.479736328125,300932224.0,63.0,0.0,0.0,0.0,1.0,1.0
-3177822.0,0.0,0.9586989283561707,0.0,3.259999990463257,0.024555308744311333,0.0,0.9681657402728651,0.0,0.0,0.0,33.6140350877193,0.9711099847947289,1848.2291259765625,265810720.0,57.0,0.0,0.0,0.0,1.0,1.0
-2274266.75,0.0,0.9586989283561707,0.0,3.890000104904175,0.028345216065645218,0.0,0.9650986342943855,0.0,0.0,0.0,30.285714285714285,0.9680365296803652,2144.546142578125,25835408.0,63.0,0.0,0.0,0.0,1.0,1.0
-3419852.75,0.0,0.9586989283561707,0.0,2.9800000190734863,0.02352072484791279,0.0,0.9748490945674044,0.0,0.0,0.0,43.06666666666667,0.9773071104387292,1789.3978271484375,325984960.0,45.0,0.0,0.0,0.0,1.0,1.0
-3109777.5,0.0,0.9586989283561707,0.0,2.9800000190734863,0.022616984322667122,0.0,0.9727410398788491,0.0,0.0,0.0,36.35849056603774,0.9732323232323232,2046.2781982421875,212592256.0,53.0,0.0,0.0,0.0,1.0,1.0
-2905596.25,0.0,0.9586989283561707,0.0,2.950000047683716,0.02610037848353386,0.0,0.9798590130916415,0.0,0.0,0.0,52.5945945945946,0.9813414019162885,2562.572021484375,68499976.0,37.0,0.0,0.0,0.0,1.0,1.0
-1465039.625,0.0,0.9586989283561707,0.0,2.490000009536743,0.023579774424433708,0.0,0.9808564231738035,0.0,0.0,0.0,55.628571428571426,0.9823410696266398,2204.119140625,-147920552.0,35.0,0.0,0.0,0.0,1.0,1.0
-3636878.5,0.0,0.9586989283561707,0.0,2.75,0.024637902155518532,0.0,0.9691919191919192,0.0,0.0,0.0,33.666666666666664,0.9711538461538461,2164.9990234375,294268016.0,57.0,0.0,0.0,0.0,1.0,1.0
-2203253.75,0.0,0.9586989283561707,0.0,3.9700000286102295,0.026194129139184952,0.0,0.9653092006033183,0.0,0.0,0.0,30.967741935483872,0.9687184661957619,1889.867919921875,62568840.0,62.0,0.0,0.0,0.0,1.0,1.0
-2855693.5,0.0,0.9586989283561707,0.0,3.009999990463257,0.030727053061127663,0.0,0.9722222222222222,0.0,0.0,0.0,36.320754716981135,0.9732052578361982,2006.0965576171875,169811824.0,53.0,0.0,0.0,0.0,1.0,1.0
-2231786.5,0.0,0.9586989283561707,0.0,3.609999895095825,0.0255010686814785,0.0,0.9732728189611699,0.0,0.0,0.0,40.208333333333336,0.9757330637007078,1984.356689453125,49379476.0,48.0,0.0,0.0,0.0,1.0,1.0
-3349866.0,0.0,0.9586989283561707,0.0,2.759999990463257,0.027115847915410995,0.0,0.9753148614609571,0.0,0.0,0.0,40.333333333333336,0.9758064516129032,1838.343994140625,302197936.0,48.0,0.0,0.0,0.0,1.0,1.0
-3078371.25,0.0,0.9586989283561707,0.0,3.049999952316284,0.02596360817551613,0.0,0.9768028240040343,0.0,0.0,0.0,43.044444444444444,0.9772956609485368,2039.6844482421875,207631376.0,45.0,0.0,0.0,0.0,1.0,1.0
-2716909.75,0.0,0.9586989283561707,0.0,3.4100000858306885,0.026765191927552223,0.0,0.9717884130982368,0.0,0.0,0.0,40.1875,0.9757207890743551,1978.5892333984375,147557416.0,48.0,0.0,0.0,0.0,1.0,1.0
-2143682.5,0.0,0.9586989283561707,0.0,3.940000057220459,0.023399196565151215,0.0,0.9697428139183056,0.0,0.0,0.0,35.611111111111114,0.9726858877086495,1944.388427734375,39751400.0,54.0,0.0,0.0,0.0,1.0,1.0
-2067998.125,0.0,0.9586989283561707,0.0,3.5399999618530273,0.02965635061264038,0.0,0.9762626262626263,0.0,0.0,0.0,41.12765957446808,0.9762626262626263,1944.7962646484375,24533797.0,47.0,0.0,0.0,0.0,1.0,1.0
-2827002.25,0.0,0.9586989283561707,0.0,3.450000047683716,0.02609410509467125,0.0,0.9788838612368024,0.0,0.0,0.0,46.357142857142854,0.9788838612368024,2091.695068359375,146955688.0,42.0,0.0,0.0,0.0,1.0,1.0
-3137102.5,0.0,0.9586989283561707,0.0,2.619999885559082,0.023760953918099403,0.0,0.974721941354904,0.0,0.0,0.0,39.3469387755102,0.9752149721800708,1904.3525390625,246443472.0,49.0,0.0,0.0,0.0,1.0,1.0
-973470.8125,0.0,0.9586989283561707,0.0,3.450000047683716,0.023001549765467644,0.0,0.9738955823293173,0.0,0.0,0.0,42.17391304347826,0.9768378650553877,1700.53173828125,-145518336.0,46.0,0.0,0.0,0.0,1.0,1.0
-2976911.25,0.0,0.9586989283561707,0.0,3.009999990463257,0.022498968988656998,0.0,0.9773869346733668,0.0,0.0,0.0,49.87179487179487,0.9803427419354839,1962.425048828125,202792128.0,39.0,0.0,0.0,0.0,1.0,1.0
-2925829.0,0.0,0.9586989283561707,0.0,3.430000066757202,0.02559312805533409,0.0,0.9718026183282981,0.0,0.0,0.0,39.38775510204081,0.9752400202122284,2151.330322265625,154792976.0,49.0,0.0,0.0,0.0,1.0,1.0
-2747270.75,0.0,0.9586989283561707,0.0,3.380000114440918,0.03096633031964302,0.0,0.9763104838709677,0.0,0.0,0.0,44.02272727272727,0.97778899545684,2041.951416015625,140958224.0,44.0,0.0,0.0,0.0,1.0,1.0
-3770003.0,0.0,0.9586989283561707,0.0,2.9800000190734863,0.027009448036551476,0.0,0.9762985375693394,0.0,0.0,0.0,47.21951219512195,0.9792615073343449,2296.062744140625,294682768.0,41.0,0.0,0.0,0.0,1.0,1.0
-3472175.75,0.0,0.9586989283561707,0.0,2.8399999141693115,0.024647096171975136,0.0,0.9764056224899599,0.0,0.0,0.0,42.28260869565217,0.9768960321446509,2077.9794921875,278733024.0,46.0,0.0,0.0,0.0,1.0,1.0
-3263833.0,0.0,0.9586989283561707,0.0,3.619999885559082,0.02365228161215782,0.0,0.9671052631578947,0.0,0.0,0.0,29.4,0.9671052631578947,1925.1187744140625,267634000.0,65.0,0.0,0.0,0.0,1.0,1.0
-3016813.0,0.0,0.9586989283561707,0.0,3.2300000190734863,0.0247221477329731,0.0,0.9743331655762456,0.0,0.0,0.0,39.51020408163265,0.9753148614609571,2046.7445068359375,193907104.0,49.0,0.0,0.0,0.0,1.0,1.0
-2015005.125,0.0,0.9586989283561707,0.0,3.0799999237060547,0.024839140474796295,0.0,0.9717599596570852,0.0,0.0,0.0,35.03636363636364,0.9722502522704339,1937.4508056640625,15403533.0,55.0,0.0,0.0,0.0,1.0,1.0
-4247942.5,0.0,0.9586989283561707,0.0,3.140000104904175,0.022155264392495155,0.0,0.9753148614609571,0.0,0.0,0.0,40.333333333333336,0.9758064516129032,2413.917236328125,366698464.0,48.0,0.0,0.0,0.0,1.0,1.0
-3088272.75,0.0,0.9586989283561707,0.0,2.9700000286102295,0.026884842664003372,0.0,0.9783593356819326,0.0,0.0,0.0,45.2093023255814,0.9783593356819326,2235.74560546875,170399520.0,43.0,0.0,0.0,0.0,1.0,1.0
-1555217.0,0.0,0.9586989283561707,0.0,3.509999990463257,0.025902409106492996,0.0,0.9683257918552036,0.0,0.0,0.0,32.1,0.9697885196374623,2218.271240234375,-132719264.0,60.0,0.0,0.0,0.0,1.0,1.0
4318485.0,0.0,0.9586989283561707,0.0,4.019999980926514,0.027931969612836838,0.0,0.9758551307847082,0.0,0.0,0.0,46.19047619047619,0.9788092835519677,1831.2547607421875,-1230053632.0,42.0,0.0,0.0,0.0,1.0,1.0
-3054434.25,0.0,0.9586989283561707,0.0,2.4200000762939453,0.0266411155462265,0.0,0.9778560644187216,0.0,0.0,0.0,49.82051282051282,0.9803229061553986,2183.900390625,174001488.0,39.0,0.0,0.0,0.0,1.0,1.0
-3385523.5,0.0,0.9586989283561707,0.0,3.069999933242798,0.02644643746316433,0.0,0.9676930843008581,0.0,0.0,0.0,34.232142857142854,0.9716168271667511,2317.654541015625,213466360.0,56.0,0.0,0.0,0.0,1.0,1.0
-2842317.0,0.0,0.9586989283561707,0.0,3.5199999809265137,0.022293424233794212,0.0,0.9687657430730479,0.0,0.0,0.0,33.1551724137931,0.9707218576476527,2000.1082763671875,168333848.0,58.0,0.0,0.0,0.0,1.0,1.0
-2235504.5,0.0,0.9586989283561707,0.0,3.9200000762939453,0.025964487344026566,0.0,0.9753397081026673,0.0,0.0,0.0,40.375,0.9758308157099698,1984.6246337890625,50069638.0,48.0,0.0,0.0,0.0,1.0,1.0
-2773324.5,0.0,0.9586989283561707,0.0,3.1600000858306885,0.02567259594798088,0.0,0.971327967806841,0.0,0.0,0.0,35.10909090909091,0.972306143001007,2234.951904296875,107566032.0,55.0,0.0,0.0,0.0,1.0,1.0
-2622889.75,0.0,0.9586989283561707,0.0,3.6700000762939453,0.025245124474167824,0.0,0.9738298943130347,0.0,0.0,0.0,37.21153846153846,0.9738298943130347,1731.3067626953125,178209704.0,52.0,0.0,0.0,0.0,1.0,1.0
-2200700.5,0.0,0.9586989283561707,0.0,3.5399999618530273,0.022890286520123482,0.0,0.9813976872800402,0.0,0.0,0.0,55.77142857142857,0.9823855057876195,2060.609619140625,27913583.0,35.0,0.0,0.0,0.0,1.0,1.0
-2784041.25,0.0,0.9586989283561707,0.0,2.1500000953674316,0.028278833255171776,0.0,0.9809332664325138,0.0,0.0,0.0,54.30555555555556,0.9819186338523355,2380.5224609375,80599100.0,36.0,0.0,0.0,0.0,1.0,1.0
-3185704.0,0.0,0.9586989283561707,0.0,3.069999933242798,0.02655014954507351,0.0,0.9813789632611978,0.0,0.0,0.0,54.166666666666664,0.9818731117824774,2008.4580078125,235344464.0,36.0,0.0,0.0,0.0,1.0,1.0
-3456748.5,0.0,0.9586989283561707,0.0,2.880000114440918,0.024554749950766563,0.0,0.9738562091503268,0.0,0.0,0.0,39.53061224489796,0.9753272910372608,2157.287109375,259785368.0,49.0,0.0,0.0,0.0,1.0,1.0
-2881897.25,0.0,0.9586989283561707,0.0,2.8499999046325684,0.02494790591299534,0.0,0.9752899646999496,0.0,0.0,0.0,42.977777777777774,0.9772612430520465,1923.527587890625,191567912.0,45.0,0.0,0.0,0.0,1.0,1.0
-2775031.25,0.0,0.9586989283561707,0.0,3.1500000953674316,0.02617519721388817,0.0,0.9733400402414487,0.0,0.0,0.0,40.3125,0.9757942511346445,1818.9471435546875,191110048.0,48.0,0.0,0.0,0.0,1.0,1.0
-2929334.0,0.0,0.9586989283561707,0.0,3.5799999237060547,0.02913893759250641,0.0,0.9717884130982368,0.0,0.0,0.0,40.1875,0.9757207890743551,2136.04833984375,158550600.0,48.0,0.0,0.0,0.0,1.0,1.0
-3512084.5,0.0,0.9586989283561707,0.0,2.940000057220459,0.028762515634298325,0.0,0.9712121212121212,0.0,0.0,0.0,34.96363636363636,0.9721941354903944,2060.73583984375,290162304.0,55.0,0.0,0.0,0.0,1.0,1.0
-2947736.75,0.0,0.9586989283561707,0.0,3.1700000762939453,0.027367819100618362,0.0,0.9701869631126832,0.0,0.0,0.0,33.68421052631579,0.9711684370257967,2114.095947265625,166620448.0,57.0,0.0,0.0,0.0,1.0,1.0
-3366150.75,0.0,0.9586989283561707,0.0,3.140000104904175,0.027391791343688965,0.0,0.9666160849772383,0.0,0.0,0.0,29.4,0.9671052631578947,2164.119140625,240297040.0,65.0,0.0,0.0,0.0,1.0,1.0
-3457196.75,0.0,0.9586989283561707,0.0,2.809999942779541,0.03038286790251732,0.0,0.9767794043412418,0.0,0.0,0.0,45.0,0.9782608695652174,2088.418701171875,273649856.0,43.0,0.0,0.0,0.0,1.0,1.0
-2926212.75,0.0,0.9586989283561707,0.0,3.140000104904175,0.022389942780137062,0.0,0.9799196787148594,0.0,0.0,0.0,51.36842105263158,0.9809045226130654,1890.625244140625,207012224.0,38.0,0.0,0.0,0.0,1.0,1.0
-2614677.75,0.0,0.9586989283561707,0.0,3.950000047683716,0.026783272624015808,0.0,0.9698795180722891,0.0,0.0,0.0,32.74576271186441,0.9703666499246609,1830.1788330078125,156791808.0,59.0,0.0,0.0,0.0,1.0,1.0
-3237606.5,0.0,0.9586989283561707,0.0,3.2100000381469727,0.028723353520035744,0.0,0.9724172517552658,0.0,0.0,0.0,37.28846153846154,0.9738824711200402,2029.557861328125,241502664.0,52.0,0.0,0.0,0.0,1.0,1.0
-3482796.75,0.0,0.9586989283561707,0.0,3.259999990463257,0.02731003798544407,0.0,0.9662638469284995,0.0,0.0,0.0,33.666666666666664,0.9711538461538461,1911.1591796875,314219888.0,57.0,0.0,0.0,0.0,1.0,1.0
-2311122.0,0.0,0.9586989283561707,0.0,4.480000019073486,0.022704046219587326,0.0,0.9591939546599496,0.0,0.0,0.0,24.727272727272727,0.9611307420494699,1809.8348388671875,100146184.0,77.0,0.0,0.0,0.0,1.0,1.0
-3292026.5,0.0,0.9586989283561707,0.0,2.990000009536743,0.02572653815150261,0.0,0.976755937342092,0.0,0.0,0.0,43.93181818181818,0.9777440566514921,1814.3353271484375,295432448.0,44.0,0.0,0.0,0.0,1.0,1.0
-2037771.5,0.0,0.9586989283561707,0.0,2.630000114440918,0.02480177953839302,0.0,0.9819277108433735,0.0,0.0,0.0,57.529411764705884,0.9829145728643216,2160.523193359375,-24654916.0,34.0,0.0,0.0,0.0,1.0,1.0
-3213088.75,0.0,0.9586989283561707,0.0,2.680000066757202,0.022539352998137474,0.0,0.9722222222222222,0.0,0.0,0.0,37.745098039215684,0.9741902834008097,1834.8179931640625,275547328.0,51.0,0.0,0.0,0.0,1.0,1.0
-3097598.0,0.0,0.9586989283561707,0.0,3.7799999713897705,0.02511153556406498,0.0,0.9671551288529561,0.0,0.0,0.0,31.37704918032787,0.9691139240506329,1910.36572265625,237338104.0,61.0,0.0,0.0,0.0,1.0,1.0
-3509558.5,0.0,0.9586989283561707,0.0,2.7300000190734863,0.024375542998313904,0.0,0.9839195979899498,0.0,0.0,0.0,65.26666666666667,0.9849094567404426,1978.285888671875,306150480.0,30.0,0.0,0.0,0.0,1.0,1.0
-2418446.5,0.0,0.9586989283561707,0.0,2.9000000953674316,0.025805655866861343,0.0,0.9722642460917801,0.0,0.0,0.0,37.80392156862745,0.9742294087923193,1817.5302734375,120076092.0,51.0,0.0,0.0,0.0,1.0,1.0
-2482706.5,0.0,0.9586989283561707,0.0,3.119999885559082,0.025674844160676003,0.0,0.9783702213279678,0.0,0.0,0.0,46.30952380952381,0.9788626069451435,2034.638671875,89507980.0,42.0,0.0,0.0,0.0,1.0,1.0
-3714108.75,0.0,0.9586989283561707,0.0,3.0,0.024128522723913193,0.0,0.973816717019134,0.0,0.0,0.0,39.46938775510204,0.9752899646999496,2011.5167236328125,340411440.0,49.0,0.0,0.0,0.0,1.0,1.0
-3613204.75,0.0,0.9586989283561707,0.0,2.7799999713897705,0.023386985063552856,0.0,0.9813789632611978,0.0,0.0,0.0,59.09090909090909,0.983358547655068,2043.6400146484375,313808656.0,33.0,0.0,0.0,0.0,1.0,1.0
-2784259.5,0.0,0.9586989283561707,0.0,2.8399999141693115,0.024701466783881187,0.0,0.9753148614609571,0.0,0.0,0.0,40.333333333333336,0.9758064516129032,2219.37890625,112869752.0,48.0,0.0,0.0,0.0,1.0,1.0
-2962390.75,0.0,0.9586989283561707,0.0,3.0299999713897705,0.023618023842573166,0.0,0.964735516372796,0.0,0.0,0.0,29.921875,0.9676604345629105,2172.33935546875,157900480.0,64.0,0.0,0.0,0.0,1.0,1.0
-2865056.0,0.0,0.9586989283561707,0.0,3.1700000762939453,0.028133859857916832,0.0,0.9788626069451435,0.0,0.0,0.0,49.87179487179487,0.9803427419354839,1759.165283203125,221073080.0,39.0,0.0,0.0,0.0,1.0,1.0
-2579040.75,0.0,0.9586989283561707,0.0,3.059999942779541,0.024269741028547287,0.0,0.9728370221327968,0.0,0.0,0.0,42.04347826086956,0.9767676767676767,1956.1966552734375,124462648.0,46.0,0.0,0.0,0.0,1.0,1.0
-3396768.0,0.0,0.9586989283561707,0.0,2.4800000190734863,0.025019604712724686,0.0,0.9793762575452716,0.0,0.0,0.0,51.23684210526316,0.9808564231738035,2038.981689453125,271452272.0,38.0,0.0,0.0,0.0,1.0,1.0
-2280070.25,0.0,0.9586989283561707,0.0,2.9700000286102295,0.02601691707968712,0.0,0.9773527931555108,0.0,0.0,0.0,45.16279069767442,0.9783375314861461,1929.55712890625,69996904.0,43.0,0.0,0.0,0.0,1.0,1.0
-1931525.0,0.0,0.9586989283561707,0.0,3.4100000858306885,0.03200605511665344,0.0,0.9656218402426694,0.0,0.0,0.0,29.384615384615383,0.9670886075949368,2040.2713623046875,-21857909.0,65.0,0.0,0.0,0.0,1.0,1.0
-3229225.0,0.0,0.9586989283561707,0.0,3.1700000762939453,0.02394084446132183,0.0,0.9738035264483628,0.0,0.0,0.0,39.44897959183673,0.9752774974772956,1980.3250732421875,249673288.0,49.0,0.0,0.0,0.0,1.0,1.0
-2901893.0,0.0,0.9586989283561707,0.0,3.240000009536743,0.024347316473722458,0.0,0.9789156626506024,0.0,0.0,0.0,51.31578947368421,0.9808853118712274,2222.673828125,135738784.0,38.0,0.0,0.0,0.0,1.0,1.0
-2343261.0,0.0,0.9586989283561707,0.0,3.059999942779541,0.025769546627998352,0.0,0.9768611670020121,0.0,0.0,0.0,49.794871794871796,0.9803129732458354,1848.23046875,98900932.0,39.0,0.0,0.0,0.0,1.0,1.0
-3064985.25,0.0,0.9586989283561707,0.0,2.7899999618530273,0.023633774369955063,0.0,0.9793346774193549,0.0,0.0,0.0,48.575,0.9798285426122038,2055.0107421875,201889400.0,40.0,0.0,0.0,0.0,1.0,1.0
-2927786.5,0.0,0.9586989283561707,0.0,3.0,0.022698383778333664,0.0,0.9788838612368024,0.0,0.0,0.0,55.628571428571426,0.9823410696266398,1908.2174072265625,203809056.0,35.0,0.0,0.0,0.0,1.0,1.0
-2730239.0,0.0,0.9586989283561707,0.0,3.25,0.02114378660917282,0.0,0.9711099847947289,0.0,0.0,0.0,34.836363636363636,0.9720953830542871,1980.17724609375,149904960.0,55.0,0.0,0.0,0.0,1.0,1.0
-3008773.0,0.0,0.9586989283561707,0.0,2.9100000858306885,0.02297024056315422,0.0,0.9758429793658782,0.0,0.0,0.0,47.292682926829265,0.9792929292929293,1961.2315673828125,209402736.0,41.0,0.0,0.0,0.0,1.0,1.0
-3421979.75,0.0,0.9586989283561707,0.0,3.25,0.02785230241715908,0.0,0.9718734304369664,0.0,0.0,0.0,43.0,0.9772727272727273,2092.067626953125,265876424.0,45.0,0.0,0.0,0.0,1.0,1.0
-3038268.25,0.0,0.9586989283561707,0.0,3.640000104904175,0.023565327748656273,0.0,0.9732458354366481,0.0,0.0,0.0,37.07692307692308,0.9737373737373738,2068.756103515625,193795152.0,52.0,0.0,0.0,0.0,1.0,1.0
-1848066.375,0.0,0.9586989283561707,0.0,3.5,0.023409079760313034,0.0,0.9754016064257028,0.0,0.0,0.0,46.26190476190476,0.9788413098236776,1812.556884765625,6996234.0,42.0,0.0,0.0,0.0,1.0,1.0
-3540175.0,0.0,0.9586989283561707,0.0,2.5199999809265137,0.02309006080031395,0.0,0.9773413897280967,0.0,0.0,0.0,52.45945945945946,0.9812942366026289,2085.411865234375,290847760.0,37.0,0.0,0.0,0.0,1.0,1.0
-849116.5625,0.0,0.9586989283561707,0.0,3.380000114440918,0.027342718094587326,0.0,0.9844455594581034,0.0,0.0,0.0,65.4,0.9849397590361446,1974.56689453125,-225194040.0,30.0,0.0,0.0,0.0,1.0,1.0
-2502879.25,0.0,0.9586989283561707,0.0,3.240000009536743,0.020220976322889328,0.0,0.9783810960281548,0.0,0.0,0.0,48.65,0.9798590130916415,2025.9312744140625,95284308.0,40.0,0.0,0.0,0.0,1.0,1.0
-3043594.0,0.0,0.9586989283561707,0.0,3.440000057220459,0.023674335330724716,0.0,0.966024340770791,0.0,0.0,0.0,28.863636363636363,0.9665144596651446,2000.30224609375,208549448.0,66.0,0.0,0.0,0.0,1.0,1.0
-2715968.25,0.0,0.9586989283561707,0.0,3.259999990463257,0.02480747178196907,0.0,0.9793554884189325,0.0,0.0,0.0,57.205882352941174,0.9828196058615463,1942.7918701171875,154530768.0,34.0,0.0,0.0,0.0,1.0,1.0
-2828833.5,0.0,0.9586989283561707,0.0,2.759999990463257,0.028088953346014023,0.0,0.9748237663645518,0.0,0.0,0.0,44.0,0.9777777777777777,1829.139404296875,199832968.0,44.0,0.0,0.0,0.0,1.0,1.0
-2317690.0,0.0,0.9586989283561707,0.0,2.930000066757202,0.02692820504307747,0.0,0.9708396178984414,0.0,0.0,0.0,33.87719298245614,0.971327967806841,2113.513671875,40727350.0,57.0,0.0,0.0,0.0,1.0,1.0
-2830155.0,0.0,0.9586989283561707,0.0,2.630000114440918,0.024536309763789177,0.0,0.968052738336714,0.0,0.0,0.0,30.79032258064516,0.9685438863521055,1831.56201171875,199610160.0,62.0,0.0,0.0,0.0,1.0,1.0
-3928042.5,0.0,0.9586989283561707,0.0,3.319999933242798,0.02309234067797661,0.0,0.9773299748110831,0.0,0.0,0.0,46.19047619047619,0.9788092835519677,2103.87255859375,364728352.0,42.0,0.0,0.0,0.0,1.0,1.0
-2764718.75,0.0,0.9586989283561707,0.0,2.9700000286102295,0.02708815410733223,0.0,0.982420894023104,0.0,0.0,0.0,57.529411764705884,0.9829145728643216,2018.85009765625,149069264.0,34.0,0.0,0.0,0.0,1.0,1.0
-2033036.75,0.0,0.9586989283561707,0.0,3.7300000190734863,0.027090484276413918,0.0,0.9773869346733668,0.0,0.0,0.0,48.625,0.9798488664987406,1999.860107421875,6530136.0,40.0,0.0,0.0,0.0,1.0,1.0
-2418175.75,0.0,0.9586989283561707,0.0,3.0399999618530273,0.026416605338454247,0.0,0.9743975903614458,0.0,0.0,0.0,42.19565217391305,0.9768495218922999,1861.716064453125,111185752.0,46.0,0.0,0.0,0.0,1.0,1.0
-3202336.75,0.0,0.9586989283561707,0.0,2.799999952316284,0.025997593998908997,0.0,0.9728643216080402,0.0,0.0,0.0,35.851851851851855,0.9728643216080402,2001.229248046875,240113656.0,54.0,0.0,0.0,0.0,1.0,1.0
-2993364.25,0.0,0.9586989283561707,0.0,4.110000133514404,0.02583364211022854,0.0,0.9681978798586572,0.0,0.0,0.0,34.25,0.9716312056737588,2059.888916015625,186587560.0,56.0,0.0,0.0,0.0,1.0,1.0
-2666123.0,0.0,0.9586989283561707,0.0,3.490000009536743,0.028322312980890274,0.0,0.9677093844601413,0.0,0.0,0.0,35.51851851851852,0.9726166328600405,1797.668701171875,173583432.0,54.0,0.0,0.0,0.0,1.0,1.0
-2262720.25,0.0,0.9586989283561707,0.0,3.6600000858306885,0.02608884871006012,0.0,0.9753521126760564,0.0,0.0,0.0,40.395833333333336,0.9758429793658782,2126.0107421875,27235264.0,48.0,0.0,0.0,0.0,1.0,1.0
-2305000.0,0.0,0.9586989283561707,0.0,3.630000114440918,0.028536930680274963,0.0,0.9733668341708542,0.0,0.0,0.0,39.53061224489796,0.9753272910372608,1906.3372802734375,79625644.0,49.0,0.0,0.0,0.0,1.0,1.0
-3443575.0,0.0,0.9586989283561707,0.0,3.3499999046325684,0.02320418879389763,0.0,0.9722222222222222,0.0,0.0,0.0,37.01923076923077,0.973697521497218,2236.66259765625,241275664.0,52.0,0.0,0.0,0.0,1.0,1.0
-2802916.25,0.0,0.9586989283561707,0.0,2.7100000381469727,0.025033563375473022,0.0,0.9742424242424242,0.0,0.0,0.0,41.04255319148936,0.9762145748987854,2034.95703125,153484992.0,47.0,0.0,0.0,0.0,1.0,1.0
-2662539.5,0.0,0.9586989283561707,0.0,3.6500000953674316,0.02726309560239315,0.0,0.9747856782652546,0.0,0.0,0.0,39.44897959183673,0.9752774974772956,2143.3193359375,103737428.0,49.0,0.0,0.0,0.0,1.0,1.0
-3309947.75,0.0,0.9586989283561707,0.0,2.7100000381469727,0.025024915114045143,0.0,0.9778225806451613,0.0,0.0,0.0,46.19047619047619,0.9788092835519677,2199.484130859375,221987080.0,42.0,0.0,0.0,0.0,1.0,1.0
-3275652.25,0.0,0.9586989283561707,0.0,3.640000104904175,0.027086108922958374,0.0,0.9753892516323456,0.0,0.0,0.0,40.458333333333336,0.9758793969849247,1988.302001953125,257363472.0,48.0,0.0,0.0,0.0,1.0,1.0
-3569416.75,0.0,0.9586989283561707,0.0,2.490000009536743,0.02739017643034458,0.0,0.9752899646999496,0.0,0.0,0.0,42.977777777777774,0.9772612430520465,2021.446533203125,309488000.0,45.0,0.0,0.0,0.0,1.0,1.0
-3313122.0,0.0,0.9586989283561707,0.0,2.640000104904175,0.024839967489242554,0.0,0.980352644836272,0.0,0.0,0.0,55.6,0.9823321554770318,1945.635986328125,273392576.0,35.0,0.0,0.0,0.0,1.0,1.0
-3649023.0,0.0,0.9586989283561707,0.0,2.759999990463257,0.029268737882375717,0.0,0.9788519637462235,0.0,0.0,0.0,46.285714285714285,0.9788519637462235,2107.153564453125,308268384.0,42.0,0.0,0.0,0.0,1.0,1.0
-2261511.75,0.0,0.9586989283561707,0.0,3.109999895095825,0.027470704168081284,0.0,0.9743073047858942,0.0,0.0,0.0,38.68,0.9747983870967742,1932.970458984375,65601466.0,50.0,0.0,0.0,0.0,1.0,1.0
-3692070.75,0.0,0.9586989283561707,0.0,3.299999952316284,0.023300398141145706,0.0,0.9728233517866129,0.0,0.0,0.0,38.66,0.9747856782652546,2065.682861328125,325170736.0,50.0,0.0,0.0,0.0,1.0,1.0
-3150676.75,0.0,0.9586989283561707,0.0,2.75,0.021643975749611855,0.0,0.9839438033115906,0.0,0.0,0.0,63.25806451612903,0.9844377510040161,2207.134033203125,188604264.0,31.0,0.0,0.0,0.0,1.0,1.0
-3442528.25,0.0,0.9586989283561707,0.0,2.559999942779541,0.02989056706428528,0.0,0.980372420734776,0.0,0.0,0.0,52.648648648648646,0.981360201511335,1846.2864990234375,319143360.0,37.0,0.0,0.0,0.0,1.0,1.0
-3606137.0,0.0,0.9586989283561707,0.0,3.3499999046325684,0.0327116921544075,0.0,0.9717599596570852,0.0,0.0,0.0,35.68518518518518,0.9727410398788491,2175.158935546875,286088336.0,54.0,0.0,0.0,0.0,1.0,1.0
-2239529.5,0.0,0.9586989283561707,0.0,4.579999923706055,0.028905797749757767,0.0,0.9693313222724987,0.0,0.0,0.0,33.824561403508774,0.9712846347607053,2018.80419921875,44036988.0,57.0,0.0,0.0,0.0,1.0,1.0
-2716892.25,0.0,0.9586989283561707,0.0,3.0999999046325684,0.027394700795412064,0.0,0.9763224181360202,0.0,0.0,0.0,45.06976744186046,0.9782937910146391,2243.3076171875,94611264.0,43.0,0.0,0.0,0.0,1.0,1.0
-3355435.5,0.0,0.9586989283561707,0.0,3.140000104904175,0.02781246043741703,0.0,0.9697122665320546,0.0,0.0,0.0,32.016666666666666,0.9697122665320546,1859.7843017578125,299022080.0,60.0,0.0,0.0,0.0,1.0,1.0
-2902052.25,0.0,0.9586989283561707,0.0,2.7300000190734863,0.02452916093170643,0.0,0.9783702213279678,0.0,0.0,0.0,48.625,0.9798488664987406,1943.798828125,191545512.0,40.0,0.0,0.0,0.0,1.0,1.0
-2599889.0,0.0,0.9586989283561707,0.0,3.3499999046325684,0.024327311664819717,0.0,0.9803822937625755,0.0,0.0,0.0,51.28947368421053,0.980875691997987,2229.42529296875,73987564.0,38.0,0.0,0.0,0.0,1.0,1.0
-2590189.25,0.0,0.9586989283561707,0.0,4.239999771118164,0.025130461901426315,0.0,0.9692849949647533,0.0,0.0,0.0,35.648148148148145,0.9727134916624558,1954.497314453125,127031208.0,54.0,0.0,0.0,0.0,1.0,1.0
-3565600.0,0.0,0.9586989283561707,0.0,3.0199999809265137,0.026851549744606018,0.0,0.9712121212121212,0.0,0.0,0.0,34.339285714285715,0.9717028802425467,2022.007080078125,308611088.0,56.0,0.0,0.0,0.0,1.0,1.0
-3507335.75,0.0,0.9586989283561707,0.0,2.740000009536743,0.0224410779774189,0.0,0.9753645047762695,0.0,0.0,0.0,42.17391304347826,0.9768378650553877,2160.709716796875,269218976.0,46.0,0.0,0.0,0.0,1.0,1.0
-1536843.875,0.0,0.9586989283561707,0.0,3.359999895095825,0.02661938965320587,0.0,0.9727272727272728,0.0,0.0,0.0,36.339622641509436,0.9732187973724103,1834.6346435546875,-59666102.0,53.0,0.0,0.0,0.0,1.0,1.0
-999226.75,0.0,0.9586989283561707,0.0,3.8399999141693115,0.02334008738398552,0.0,0.967741935483871,0.0,0.0,0.0,32.0,0.9696969696969697,2008.0616455078125,-201875056.0,60.0,0.0,0.0,0.0,1.0,1.0
-1999022.25,0.0,0.9586989283561707,0.0,3.569999933242798,0.025968488305807114,0.0,0.9814163736815671,0.0,0.0,0.0,57.470588235294116,0.9828973843058351,1928.57958984375,13983955.0,34.0,0.0,0.0,0.0,1.0,1.0
-2050598.125,0.0,0.9586989283561707,0.0,3.2899999618530273,0.028284326195716858,0.0,0.9809045226130654,0.0,0.0,0.0,55.77142857142857,0.9823855057876195,2053.0498046875,-594950.0,35.0,0.0,0.0,0.0,1.0,1.0
-3081390.75,0.0,0.9586989283561707,0.0,2.9000000953674316,0.025018736720085144,0.0,0.967644084934277,0.0,0.0,0.0,30.38095238095238,0.9681335356600911,1960.698486328125,224029720.0,63.0,0.0,0.0,0.0,1.0,1.0
-2620563.5,0.0,0.9586989283561707,0.0,3.1600000858306885,0.025648001581430435,0.0,0.9702170620898536,0.0,0.0,0.0,33.719298245614034,0.9711975745325923,1969.5179443359375,130101512.0,57.0,0.0,0.0,0.0,1.0,1.0
-3548381.75,0.0,0.9586989283561707,0.0,2.6700000762939453,0.0322323814034462,0.0,0.9681978798586572,0.0,0.0,0.0,34.25,0.9716312056737588,2338.426025390625,241882600.0,56.0,0.0,0.0,0.0,1.0,1.0
-3398796.5,0.0,0.9586989283561707,0.0,3.0,0.025739068165421486,0.0,0.9753272910372608,0.0,0.0,0.0,39.53061224489796,0.9753272910372608,1917.201171875,296212672.0,49.0,0.0,0.0,0.0,1.0,1.0
-2936924.5,0.0,0.9586989283561707,0.0,2.950000047683716,0.030319010838866234,0.0,0.9692849949647533,0.0,0.0,0.0,35.0,0.9722222222222222,2080.796142578125,171117088.0,55.0,0.0,0.0,0.0,1.0,1.0
-3259413.0,0.0,0.9586989283561707,0.0,3.7300000190734863,0.026480114087462425,0.0,0.9691919191919192,0.0,0.0,0.0,31.983333333333334,0.9696816574027286,2064.405517578125,238893256.0,60.0,0.0,0.0,0.0,1.0,1.0
-2392424.5,0.0,0.9586989283561707,0.0,3.490000009536743,0.02387230470776558,0.0,0.9702920443101712,0.0,0.0,0.0,34.410714285714285,0.9717599596570852,1805.4593505859375,117284988.0,56.0,0.0,0.0,0.0,1.0,1.0
-2522355.25,0.0,0.9586989283561707,0.0,3.2300000190734863,0.02373260259628296,0.0,0.9778560644187216,0.0,0.0,0.0,48.575,0.9798285426122038,2085.04736328125,87356256.0,40.0,0.0,0.0,0.0,1.0,1.0
-3591539.0,0.0,0.9586989283561707,0.0,2.7200000286102295,0.02985500730574131,0.0,0.9687184661957619,0.0,0.0,0.0,39.183673469387756,0.9751142712036567,2098.3955078125,298520848.0,49.0,0.0,0.0,0.0,1.0,1.0
-2613542.0,0.0,0.9586989283561707,0.0,2.880000114440918,0.02362849935889244,0.0,0.9844455594581034,0.0,0.0,0.0,63.29032258064516,0.9844455594581034,1916.5101318359375,139302040.0,31.0,0.0,0.0,0.0,1.0,1.0
-2556913.0,0.0,0.9586989283561707,0.0,3.5,0.018637454137206078,0.0,0.968149646107179,0.0,0.0,0.0,31.916666666666668,0.9696202531645569,2038.5648193359375,103561556.0,60.0,0.0,0.0,0.0,1.0,1.0
-3358727.0,0.0,0.9586989283561707,0.0,3.0199999809265137,0.02537604607641697,0.0,0.9757698132256436,0.0,0.0,0.0,43.93181818181818,0.9777440566514921,2199.353759765625,231768440.0,44.0,0.0,0.0,0.0,1.0,1.0
-3510018.5,0.0,0.9586989283561707,0.0,2.630000114440918,0.024437446147203445,0.0,0.97165991902834,0.0,0.0,0.0,36.22641509433962,0.973137354282818,2091.30029296875,283636240.0,53.0,0.0,0.0,0.0,1.0,1.0
-3804902.5,0.0,0.9586989283561707,0.0,3.4600000381469727,0.022975165396928787,0.0,0.9652042360060514,0.0,0.0,0.0,28.567164179104477,0.9661786976274609,2080.63232421875,344744240.0,67.0,0.0,0.0,0.0,1.0,1.0
-3724046.5,0.0,0.9586989283561707,0.0,2.390000104904175,0.02291538007557392,0.0,0.9681174089068826,0.0,0.0,0.0,32.98275862068966,0.9705733130390665,2124.147216796875,319871312.0,58.0,0.0,0.0,0.0,1.0,1.0
-3735762.25,0.0,0.9586989283561707,0.0,2.740000009536743,0.024486541748046875,0.0,0.9738035264483628,0.0,0.0,0.0,39.44897959183673,0.9752774974772956,2040.126708984375,339020672.0,49.0,0.0,0.0,0.0,1.0,1.0
-2593485.0,0.0,0.9586989283561707,0.0,2.940000057220459,0.026693293824791908,0.0,0.9748490945674044,0.0,0.0,0.0,40.375,0.9758308157099698,1965.9349365234375,125403640.0,48.0,0.0,0.0,0.0,1.0,1.0
-2699875.75,0.0,0.9586989283561707,0.0,3.0199999809265137,0.022372892126441002,0.0,0.9748869914615771,0.0,0.0,0.0,39.61224489795919,0.9753768844221106,1989.8555908203125,141897368.0,49.0,0.0,0.0,0.0,1.0,1.0
-3714347.5,0.0,0.9586989283561707,0.0,2.609999895095825,0.027979141101241112,0.0,0.9768261964735516,0.0,0.0,0.0,47.292682926829265,0.9792929292929293,2108.421875,321079664.0,41.0,0.0,0.0,0.0,1.0,1.0
-4315462.0,0.0,0.9586989283561707,0.0,2.4000000953674316,0.025163957849144936,0.0,0.9742554265522464,0.0,0.0,0.0,38.6,0.9747474747474747,2244.88818359375,414008128.0,50.0,0.0,0.0,0.0,1.0,1.0
-3250771.5,0.0,0.9586989283561707,0.0,3.390000104904175,0.025392737239599228,0.0,0.9671219018715225,0.0,0.0,0.0,30.349206349206348,0.9681012658227848,2015.8636474609375,246872640.0,63.0,0.0,0.0,0.0,1.0,1.0
-2351685.5,0.0,0.9586989283561707,0.0,3.190000057220459,0.02977168932557106,0.0,0.9738693467336683,0.0,0.0,0.0,41.234042553191486,0.9763224181360202,2089.364013671875,52358004.0,47.0,0.0,0.0,0.0,1.0,1.0
-3097535.0,0.0,0.9586989283561707,0.0,3.0199999809265137,0.027698257938027382,0.0,0.973816717019134,0.0,0.0,0.0,37.19230769230769,0.973816717019134,1944.8173828125,230436312.0,52.0,0.0,0.0,0.0,1.0,1.0
-2857680.0,0.0,0.9586989283561707,0.0,4.190000057220459,0.0258326418697834,0.0,0.9748617395676219,0.0,0.0,0.0,39.57142857142857,0.9753521126760564,1948.3052978515625,181768208.0,49.0,0.0,0.0,0.0,1.0,1.0
-3544380.75,0.0,0.9586989283561707,0.0,2.4600000381469727,0.030119866132736206,0.0,0.9696048632218845,0.0,0.0,0.0,34.8,0.9720670391061452,2113.0537109375,286158080.0,55.0,0.0,0.0,0.0,1.0,1.0
-4409723.0,0.0,0.9586989283561707,0.0,2.740000009536743,0.027545999735593796,0.0,0.9722642460917801,0.0,0.0,0.0,36.37735849056604,0.9732458354366481,2316.249267578125,418587680.0,53.0,0.0,0.0,0.0,1.0,1.0
-2888835.0,0.0,0.9586989283561707,0.0,3.9800000190734863,0.02477872744202614,0.0,0.9646999495713565,0.0,0.0,0.0,28.984848484848484,0.9666498231430015,2031.5208740234375,171353568.0,66.0,0.0,0.0,0.0,1.0,1.0
-2686723.0,0.0,0.9586989283561707,0.0,3.309999942779541,0.02811461314558983,0.0,0.9819095477386934,0.0,0.0,0.0,55.82857142857143,0.9824032176973353,2055.12060546875,126215496.0,35.0,0.0,0.0,0.0,1.0,1.0
-2863480.0,0.0,0.9586989283561707,0.0,3.0,0.034414928406476974,0.0,0.9723200805234021,0.0,0.0,0.0,35.77777777777778,0.972809667673716,2105.68701171875,151451152.0,54.0,0.0,0.0,0.0,1.0,1.0
-2797723.75,0.0,0.9586989283561707,0.0,3.609999895095825,0.026853304356336594,0.0,0.9753768844221106,0.0,0.0,0.0,45.13953488372093,0.9783266129032258,2112.46630859375,136945256.0,43.0,0.0,0.0,0.0,1.0,1.0
-2974358.75,0.0,0.9586989283561707,0.0,3.1500000953674316,0.02400079369544983,0.0,0.978894472361809,0.0,0.0,0.0,46.38095238095238,0.978894472361809,1923.053955078125,210155488.0,42.0,0.0,0.0,0.0,1.0,1.0
-2665177.75,0.0,0.9586989283561707,0.0,3.3399999141693115,0.027766238898038864,0.0,0.9757942511346445,0.0,0.0,0.0,42.06521739130435,0.9767794043412418,1972.78173828125,138372960.0,46.0,0.0,0.0,0.0,1.0,1.0
-3259331.0,0.0,0.9586989283561707,0.0,2.319999933242798,0.027959635481238365,0.0,0.9763462506290891,0.0,0.0,0.0,42.17391304347826,0.9768378650553877,2378.568603515625,176045960.0,46.0,0.0,0.0,0.0,1.0,1.0
-3199691.25,0.0,0.9586989283561707,0.0,3.0399999618530273,0.02310437336564064,0.0,0.9753024193548387,0.0,0.0,0.0,40.3125,0.9757942511346445,2194.662353515625,200899432.0,48.0,0.0,0.0,0.0,1.0,1.0
-2839486.0,0.0,0.9586989283561707,0.0,3.1700000762939453,0.02715710923075676,0.0,0.9732997481108312,0.0,0.0,0.0,39.42857142857143,0.9752650176678446,2065.69677734375,154651008.0,49.0,0.0,0.0,0.0,1.0,1.0
-3722262.5,0.0,0.9586989283561707,0.0,2.25,0.022757327184081078,0.0,0.9844611528822055,0.0,0.0,0.0,65.46666666666667,0.9849548645937813,2031.70166015625,338008112.0,30.0,0.0,0.0,0.0,1.0,1.0
-2507801.75,0.0,0.9586989283561707,0.0,3.859999895095825,0.0262043084949255,0.0,0.9702170620898536,0.0,0.0,0.0,35.592592592592595,0.9726720647773279,2230.11865234375,55428992.0,54.0,0.0,0.0,0.0,1.0,1.0
-3252535.25,0.0,0.9586989283561707,0.0,3.7100000381469727,0.02176089957356453,0.0,0.9733266230498239,0.0,0.0,0.0,37.19230769230769,0.973816717019134,1937.32470703125,262934720.0,52.0,0.0,0.0,0.0,1.0,1.0
-2931181.75,0.0,0.9586989283561707,0.0,4.050000190734863,0.02287028357386589,0.0,0.9668008048289738,0.0,0.0,0.0,29.56923076923077,0.9672873678912934,2028.5062255859375,180426376.0,65.0,0.0,0.0,0.0,1.0,1.0
-2140231.5,0.0,0.9586989283561707,0.0,3.359999895095825,0.026505300775170326,0.0,0.9722782258064516,0.0,0.0,0.0,36.39622641509434,0.9732593340060545,1841.654052734375,59608510.0,53.0,0.0,0.0,0.0,1.0,1.0
-2203505.0,0.0,0.9586989283561707,0.0,4.800000190734863,0.023712489753961563,0.0,0.9615967660434563,0.0,0.0,0.0,26.802816901408452,0.96403242147923,1853.2249755859375,69946032.0,71.0,0.0,0.0,0.0,1.0,1.0
-2462272.25,0.0,0.9586989283561707,0.0,3.259999990463257,0.02722444199025631,0.0,0.9737241030823648,0.0,0.0,0.0,38.54,0.9747091552857865,2022.1712646484375,87913536.0,50.0,0.0,0.0,0.0,1.0,1.0
-3093057.5,0.0,0.9586989283561707,0.0,2.509999990463257,0.025628581643104553,0.0,0.9757085020242915,0.0,0.0,0.0,40.166666666666664,0.9757085020242915,2190.925537109375,180319872.0,48.0,0.0,0.0,0.0,1.0,1.0
-3591950.5,0.0,0.9586989283561707,0.0,2.7200000286102295,0.022669877856969833,0.0,0.9723200805234021,0.0,0.0,0.0,37.15384615384615,0.9737903225806451,2100.498046875,298183408.0,52.0,0.0,0.0,0.0,1.0,1.0
-3085138.0,0.0,0.9586989283561707,0.0,3.490000009536743,0.026902731508016586,0.0,0.9813695871097684,0.0,0.0,0.0,52.67567567567568,0.9813695871097684,1946.1441650390625,227693800.0,37.0,0.0,0.0,0.0,1.0,1.0
-2836948.5,0.0,0.9586989283561707,0.0,2.7100000381469727,0.026715978980064392,0.0,0.9793658782083543,0.0,0.0,0.0,52.5945945945946,0.9813414019162885,2116.598876953125,143964960.0,37.0,0.0,0.0,0.0,1.0,1.0
-2879965.75,0.0,0.9586989283561707,0.0,3.369999885559082,0.013085277751088142,0.0,0.9670218163368848,0.0,0.0,0.0,29.78125,0.9675126903553299,2276.674072265625,120549120.0,64.0,0.0,0.0,0.0,1.0,1.0
-2387321.0,0.0,0.9586989283561707,0.0,3.25,0.0,0.0,0.9748110831234257,0.0,0.0,0.0,43.97727272727273,0.977766548762001,1680.6217041015625,141233904.0,44.0,0.0,0.0,0.0,1.0,1.0
-2668279.75,0.0,0.9586989283561707,0.0,3.0,0.0,0.0,0.9691919191919192,0.0,0.0,0.0,33.08620689655172,0.9706626201315124,1870.952392578125,159357680.0,58.0,0.0,0.0,0.0,1.0,1.0
-2041045.125,0.0,0.49955126643180847,0.0,3.9000000953674316,0.0,0.0,0.9773413897280967,0.0,0.0,0.0,45.13953488372093,0.9783266129032258,2143.28857421875,-20554367.0,43.0,0.0,0.0,0.0,1.0,1.0
-1180263.375,0.0,0.49955126643180847,0.0,3.7100000381469727,0.0,0.0,0.9748869914615771,0.0,0.0,0.0,42.19565217391305,0.9768495218922999,2415.287109375,-247111136.0,46.0,0.0,0.0,0.0,1.0,1.0
-1893367.625,0.0,5.908103942871094,0.0,3.2799999713897705,0.0,0.0,0.9650455927051672,0.0,0.0,0.0,29.307692307692307,0.9670050761421319,2356.806640625,-92797176.0,65.0,0.0,0.0,0.0,1.0,1.0
-2661419.5,0.0,5.908103942871094,0.0,3.0,0.0,0.0,0.9717599596570852,0.0,0.0,0.0,35.68518518518518,0.9727410398788491,2056.93408203125,120789904.0,54.0,0.0,0.0,0.0,1.0,1.0
-673340.25,0.0,5.908103942871094,0.0,4.03000020980835,0.0,0.0,0.971356783919598,0.0,0.0,0.0,34.517857142857146,0.9718451483157365,1835.591064453125,-232558112.0,56.0,0.0,0.0,0.0,1.0,1.0
-2922019.5,0.0,1.7249807119369507,0.0,2.7799999713897705,0.0,0.0,0.9737241030823648,0.0,0.0,0.0,38.54,0.9747091552857865,2124.2998046875,159437160.0,50.0,0.0,0.0,0.0,1.0,1.0
-2579204.25,0.0,1.7249807119369507,0.0,3.109999895095825,0.0,0.0,0.9768378650553877,0.0,0.0,0.0,43.111111111111114,0.9773299748110831,2240.234375,67688044.0,45.0,0.0,0.0,0.0,1.0,1.0
-1976340.625,0.0,0.6859456896781921,0.0,3.2300000190734863,0.0,0.0,0.9768145161290323,0.0,0.0,0.0,46.142857142857146,0.9787878787878788,2041.5140380859375,-13140272.0,42.0,0.0,0.0,0.0,1.0,1.0
-2352072.75,0.0,0.6859456896781921,0.0,3.2699999809265137,0.0,0.0,0.9732187973724103,0.0,0.0,0.0,36.339622641509436,0.9732187973724103,1968.4864501953125,76610004.0,53.0,0.0,0.0,0.0,1.0,1.0
-2878770.5,0.0,0.6859456896781921,0.0,3.069999933242798,0.0,0.0,0.9712701612903226,0.0,0.0,0.0,36.35849056603774,0.9732323232323232,2047.56494140625,166134136.0,53.0,0.0,0.0,0.0,1.0,1.0
-2438447.25,0.0,1.8186146020889282,0.0,3.2100000381469727,0.0,0.0,0.9773071104387292,0.0,0.0,0.0,44.04545454545455,0.9778002018163471,1976.5809326171875,92267476.0,44.0,0.0,0.0,0.0,1.0,1.0
-2923180.75,0.0,1.8186146020889282,0.0,3.869999885559082,0.0,0.0,0.9600202429149798,0.0,0.0,0.0,24.0126582278481,0.9600202429149798,1883.1446533203125,207896272.0,79.0,0.0,0.0,0.0,1.0,1.0
-3563598.75,0.0,0.5033259987831116,0.0,2.0899999141693115,0.0,0.0,0.983911513323278,0.0,0.0,0.0,61.15625,0.983911513323278,1977.921875,317031104.0,32.0,0.0,0.0,0.0,1.0,1.0
-3887553.0,0.0,0.5033259987831116,0.0,2.640000104904175,0.0,0.0,0.9813976872800402,0.0,0.0,0.0,55.77142857142857,0.9823855057876195,2082.867431640625,360832432.0,35.0,0.0,0.0,0.0,1.0,1.0
-4447629.0,0.0,0.5033259987831116,0.0,2.2200000286102295,0.0,0.0,0.9798893916540975,0.0,0.0,0.0,51.28947368421053,0.980875691997987,2233.14111328125,442792240.0,38.0,0.0,0.0,0.0,1.0,1.0
-3698088.25,0.0,0.26271137595176697,0.0,3.059999942779541,0.0,0.0,0.9666160849772383,0.0,0.0,0.0,31.327868852459016,0.9690669371196755,2157.589599609375,307991200.0,61.0,0.0,0.0,0.0,1.0,1.0
-3426742.5,0.0,0.26271137595176697,0.0,2.890000104904175,0.0,0.0,0.9788413098236776,0.0,0.0,0.0,48.575,0.9798285426122038,2093.03271484375,266636664.0,40.0,0.0,0.0,0.0,1.0,1.0
-3289913.0,0.0,0.6093430519104004,0.0,3.0999999046325684,0.0,0.0,0.9778002018163471,0.0,0.0,0.0,45.06976744186046,0.9782937910146391,2209.519287109375,215972960.0,43.0,0.0,0.0,0.0,1.0,1.0
-2104005.75,0.0,0.6093430519104004,0.0,3.5799999237060547,0.0,0.0,0.968149646107179,0.0,0.0,0.0,33.59649122807018,0.9710953346855984,2055.480712890625,9597343.0,57.0,0.0,0.0,0.0,1.0,1.0
-1925264.375,0.0,0.6093430519104004,0.0,3.559999942779541,0.0,0.0,0.9708689100954294,0.0,0.0,0.0,37.90196078431372,0.9742943548387096,2314.28857421875,-77911908.0,51.0,0.0,0.0,0.0,1.0,1.0
-2911931.5,0.0,8.088297843933105,0.0,3.0199999809265137,0.0,0.0,0.9727959697732997,0.0,0.0,0.0,35.75925925925926,0.9727959697732997,2276.6708984375,126944496.0,54.0,0.0,0.0,0.0,1.0,1.0
-2695010.5,0.0,8.088297843933105,0.0,3.0899999141693115,0.0,0.0,0.9732997481108312,0.0,0.0,0.0,37.88235294117647,0.9742813918305597,2122.9189453125,114311524.0,51.0,0.0,0.0,0.0,1.0,1.0
-2187340.75,0.0,8.088297843933105,0.0,3.7200000286102295,0.0,0.0,0.9713135379969804,0.0,0.0,0.0,36.41509433962264,0.9732728189611699,2205.30029296875,-3698923.0,53.0,0.0,0.0,0.0,1.0,1.0
-2234110.75,0.0,0.833846926689148,0.0,3.5199999809265137,0.0,0.0,0.9763581488933601,0.0,0.0,0.0,42.19565217391305,0.9768495218922999,2048.814453125,36952932.0,46.0,0.0,0.0,0.0,1.0,1.0
-1799759.0,0.0,0.833846926689148,0.0,3.1600000858306885,0.0,0.0,0.9717028802425467,0.0,0.0,0.0,36.98076923076923,0.9736708860759493,2120.17333984375,-64190010.0,52.0,0.0,0.0,0.0,1.0,1.0
-2230648.25,0.0,1.6793164014816284,0.0,3.6700000762939453,0.0,0.0,0.9686868686868687,0.0,0.0,0.0,31.966666666666665,0.9696663296258847,2023.422119140625,41337192.0,60.0,0.0,0.0,0.0,1.0,1.0
-1175951.875,0.0,1.6793164014816284,0.0,3.5399999618530273,0.0,0.0,0.972165991902834,0.0,0.0,0.0,37.666666666666664,0.9741379310344828,1926.6328125,-150243144.0,51.0,0.0,0.0,0.0,1.0,1.0
-2160817.25,0.0,1.6793164014816284,0.0,3.890000104904175,0.0,0.0,0.9732593340060545,0.0,0.0,0.0,41.04255319148936,0.9762145748987854,2038.13916015625,24429393.0,47.0,0.0,0.0,0.0,1.0,1.0
-2247892.75,0.0,1.6186299324035645,0.0,2.569999933242798,0.0,0.0,0.9676277187658068,0.0,0.0,0.0,31.360655737704917,0.9690982776089159,2019.005859375,45669212.0,61.0,0.0,0.0,0.0,1.0,1.0
-1802880.75,0.0,1.6186299324035645,0.0,3.130000114440918,0.0,0.0,0.9665484034465281,0.0,0.0,0.0,31.783333333333335,0.9694966954753431,1971.7618408203125,-33884412.0,60.0,0.0,0.0,0.0,1.0,1.0
-1788531.375,0.0,1.030828833580017,0.0,3.4700000286102295,0.0,0.0,0.9681335356600911,0.0,0.0,0.0,32.440677966101696,0.9700963000506843,2198.097412109375,-82021140.0,59.0,0.0,0.0,0.0,1.0,1.0
-3814237.75,0.0,1.030828833580017,0.0,2.240000009536743,0.0,0.0,0.9742943548387096,0.0,0.0,0.0,38.66,0.9747856782652546,2321.89306640625,298362400.0,50.0,0.0,0.0,0.0,1.0,1.0
-1953697.25,0.0,1.030828833580017,0.0,3.690000057220459,0.0,0.0,0.9672544080604534,0.0,0.0,0.0,32.0,0.9696969696969697,1816.046630859375,27421987.0,60.0,0.0,0.0,0.0,1.0,1.0
-3528377.5,0.0,2.3592209815979004,0.0,3.0,0.0,0.0,0.9593908629441624,0.0,0.0,0.0,25.2,0.9618320610687023,2145.06396484375,276552640.0,75.0,0.0,0.0,0.0,1.0,1.0
-3524707.25,0.0,2.3592209815979004,0.0,2.3399999141693115,0.0,0.0,0.9753024193548387,0.0,0.0,0.0,41.170212765957444,0.9762865792129163,1944.373779296875,315960304.0,47.0,0.0,0.0,0.0,1.0,1.0
-3077559.25,0.0,0.43616583943367004,0.0,2.9100000858306885,0.0065049356780946255,0.0,0.9746963562753036,0.0,0.0,0.0,41.869565217391305,0.9766734279918864,2070.4296875,201319824.0,46.0,0.0,0.0,0.0,1.0,1.0
-2282888.75,0.0,0.43616583943367004,0.0,3.4700000286102295,0.027173856273293495,0.0,0.9743073047858942,0.0,0.0,0.0,40.291666666666664,0.9757820383451059,1863.8919677734375,83692932.0,48.0,0.0,0.0,0.0,1.0,1.0
-2879835.0,0.0,0.43616583943367004,0.0,3.380000114440918,0.025505969300866127,0.0,0.9717884130982368,0.0,0.0,0.0,37.8235294117647,0.9742424242424242,1895.258056640625,196808432.0,51.0,0.0,0.0,0.0,1.0,1.0
-3124347.5,0.0,0.43616583943367004,0.0,3.0799999237060547,0.02361537702381611,0.0,0.9733266230498239,0.0,0.0,0.0,36.490566037735846,0.9733266230498239,1827.0975341796875,259342784.0,53.0,0.0,0.0,0.0,1.0,1.0
-3311020.5,0.0,0.43616583943367004,0.0,2.9200000762939453,0.024198777973651886,0.0,0.9834503510531595,0.0,0.0,0.0,65.36666666666666,0.9849321948769463,1904.68310546875,281163296.0,30.0,0.0,0.0,0.0,1.0,1.0
-2822419.5,0.0,0.43616583943367004,0.0,2.809999942779541,0.026195000857114792,0.0,0.9752899646999496,0.0,0.0,0.0,41.148936170212764,0.9762746087834427,1993.70068359375,165637208.0,47.0,0.0,0.0,0.0,1.0,1.0
-2319525.0,0.0,0.43616583943367004,0.0,4.559999942779541,0.028308114036917686,0.0,0.9753272910372608,0.0,0.0,0.0,44.02272727272727,0.97778899545684,1952.2415771484375,73350936.0,44.0,0.0,0.0,0.0,1.0,1.0
-3408487.25,0.0,0.43616583943367004,0.0,2.990000009536743,0.029497206211090088,0.0,0.9773869346733668,0.0,0.0,0.0,46.30952380952381,0.9788626069451435,2067.68408203125,268053840.0,42.0,0.0,0.0,0.0,1.0,1.0
-3242963.25,0.0,0.43616583943367004,0.0,3.2699999809265137,0.029429543763399124,0.0,0.9733400402414487,0.0,0.0,0.0,38.7,0.9748110831234257,2096.989990234375,229087360.0,50.0,0.0,0.0,0.0,1.0,1.0
-3114715.0,0.0,0.43616583943367004,0.0,2.7300000190734863,0.02796093560755253,0.0,0.9668174962292609,0.0,0.0,0.0,29.136363636363637,0.9668174962292609,1847.766845703125,253280240.0,66.0,0.0,0.0,0.0,1.0,1.0
-2906116.5,0.0,0.43616583943367004,0.0,2.680000066757202,0.023527640849351883,0.0,0.9687184661957619,0.0,0.0,0.0,32.54237288135593,0.9701869631126832,1896.0130615234375,201912512.0,59.0,0.0,0.0,0.0,1.0,1.0
-3404065.5,0.0,0.43616583943367004,0.0,2.5199999809265137,0.02267296239733696,0.0,0.9702471003530005,0.0,0.0,0.0,34.981818181818184,0.9722081859525012,1889.311279296875,302842352.0,55.0,0.0,0.0,0.0,1.0,1.0
-3902157.75,0.0,0.43616583943367004,0.0,2.569999933242798,0.02545253559947014,0.0,0.9813789632611978,0.0,0.0,0.0,55.714285714285715,0.982367758186398,2084.2900390625,363468768.0,35.0,0.0,0.0,0.0,1.0,1.0
-182209.359375,0.0,0.43616583943367004,0.0,2.9200000762939453,0.027478855103254318,0.0,0.9824473420260782,0.0,0.0,0.0,57.61764705882353,0.982940291018565,1863.427734375,-336348272.0,34.0,0.0,0.0,0.0,1.0,1.0
-796556.8125,0.0,0.43616583943367004,0.0,3.059999942779541,0.023871973156929016,0.0,0.9768611670020121,0.0,0.0,0.0,46.23809523809524,0.9788306451612904,2023.178466796875,-245429912.0,42.0,0.0,0.0,0.0,1.0,1.0
-2840690.25,0.0,0.43616583943367004,0.0,3.2899999618530273,0.028398122638463974,0.0,0.9707070707070707,0.0,0.0,0.0,36.264150943396224,0.9731645569620253,1809.0631103515625,206218264.0,53.0,0.0,0.0,0.0,1.0,1.0
-3346672.25,0.0,0.43616583943367004,0.0,2.8299999237060547,0.027776965871453285,0.0,0.9824120603015075,0.0,0.0,0.0,59.24242424242424,0.9834004024144869,1939.4117431640625,281347712.0,33.0,0.0,0.0,0.0,1.0,1.0
-1756652.125,0.0,0.43616583943367004,0.0,4.059999942779541,0.029236305505037308,0.0,0.9606458123107972,0.0,0.0,0.0,26.08219178082192,0.9630753667172484,1811.6361083984375,-11106818.0,73.0,0.0,0.0,0.0,1.0,1.0
-2147976.75,0.0,0.43616583943367004,0.0,3.700000047683716,0.027960550040006638,0.0,0.9630753667172484,0.0,0.0,0.0,29.29230769230769,0.9669883189436262,1642.5931396484375,100967468.0,65.0,0.0,0.0,0.0,1.0,1.0
-3355349.0,0.0,0.43616583943367004,0.0,2.6700000762939453,0.025151293724775314,0.0,0.9793866264454499,0.0,0.0,0.0,51.26315789473684,0.9808660624370594,2123.5556640625,246253608.0,38.0,0.0,0.0,0.0,1.0,1.0
-2473355.75,0.0,0.43616583943367004,0.0,3.75,0.02503640577197075,0.0,0.9752899646999496,0.0,0.0,0.0,40.291666666666664,0.9757820383451059,1853.568359375,123851112.0,48.0,0.0,0.0,0.0,1.0,1.0
-3560957.0,0.0,0.43616583943367004,0.0,2.430000066757202,0.024514269083738327,0.0,0.9702020202020202,0.0,0.0,0.0,33.70175438596491,0.9711830131445905,2129.69189453125,286145408.0,57.0,0.0,0.0,0.0,1.0,1.0
-2828224.0,0.0,0.43616583943367004,0.0,3.859999895095825,0.026561850681900978,0.0,0.9615384615384616,0.0,0.0,0.0,25.675675675675677,0.9625126646403243,2071.2451171875,151285744.0,74.0,0.0,0.0,0.0,1.0,1.0
-2863693.0,0.0,0.43616583943367004,0.0,2.5199999809265137,0.02589704468846321,0.0,0.97165991902834,0.0,0.0,0.0,34.285714285714285,0.97165991902834,2019.999755859375,168631168.0,56.0,0.0,0.0,0.0,1.0,1.0
-3393125.5,0.0,0.43616583943367004,0.0,2.430000066757202,0.02647244557738304,0.0,0.9798488664987406,0.0,0.0,0.0,51.18421052631579,0.9808371154815936,1862.2147216796875,306077264.0,38.0,0.0,0.0,0.0,1.0,1.0
-3391558.75,0.0,0.43616583943367004,0.0,2.9700000286102295,0.023520592600107193,0.0,0.9742943548387096,0.0,0.0,0.0,39.44897959183673,0.9752774974772956,2025.819091796875,273041280.0,49.0,0.0,0.0,0.0,1.0,1.0
-3157494.5,0.0,0.43616583943367004,0.0,2.5199999809265137,0.02856629528105259,0.0,0.979345088161209,0.0,0.0,0.0,51.1578947368421,0.9808274470232089,1997.46875,231900200.0,38.0,0.0,0.0,0.0,1.0,1.0
-2980516.25,0.0,0.43616583943367004,0.0,3.7200000286102295,0.029515210539102554,0.0,0.9686868686868687,0.0,0.0,0.0,34.872727272727275,0.9721236695387735,1998.21826171875,196352192.0,55.0,0.0,0.0,0.0,1.0,1.0
-2917309.75,0.0,0.43616583943367004,0.0,3.6700000762939453,0.02569172903895378,0.0,0.9676930843008581,0.0,0.0,0.0,30.428571428571427,0.9681818181818181,1976.9964599609375,187954176.0,63.0,0.0,0.0,0.0,1.0,1.0
-3034830.75,0.0,0.43616583943367004,0.0,3.2300000190734863,0.02285687066614628,0.0,0.9783702213279678,0.0,0.0,0.0,49.87179487179487,0.9803427419354839,1975.6348876953125,211734016.0,39.0,0.0,0.0,0.0,1.0,1.0
-3201838.0,0.0,0.43616583943367004,0.0,2.7200000286102295,0.02423604018986225,0.0,0.9674631418403661,0.0,0.0,0.0,31.19672131147541,0.9689409368635438,1821.338623046875,275991696.0,61.0,0.0,0.0,0.0,1.0,1.0
-3485820.5,0.0,0.43616583943367004,0.0,2.75,0.02392471767961979,0.0,0.983911513323278,0.0,0.0,0.0,61.15625,0.983911513323278,2192.6923828125,258521488.0,32.0,0.0,0.0,0.0,1.0,1.0
-4497462.0,0.0,0.43616583943367004,0.0,2.450000047683716,0.022556820884346962,0.0,0.9793969849246231,0.0,0.0,0.0,49.97435897435897,0.9803822937625755,2247.19384765625,449948000.0,39.0,0.0,0.0,0.0,1.0,1.0
-2432671.0,0.0,0.43616583943367004,0.0,3.4800000190734863,0.024882975965738297,0.0,0.9682459677419355,0.0,0.0,0.0,33.12068965517241,0.9706922688226377,2119.927490234375,62440688.0,58.0,0.0,0.0,0.0,1.0,1.0
-2631574.75,0.0,0.43616583943367004,0.0,3.0299999713897705,0.026903148740530014,0.0,0.973313192346425,0.0,0.0,0.0,38.66,0.9747856782652546,1893.25341796875,147557544.0,50.0,0.0,0.0,0.0,1.0,1.0
-2809240.0,0.0,0.43616583943367004,0.0,3.2799999713897705,0.02878023125231266,0.0,0.9593702386998476,0.0,0.0,0.0,24.855263157894736,0.961323155216285,1987.8804931640625,164161192.0,76.0,0.0,0.0,0.0,1.0,1.0
-3945443.25,0.0,0.43616583943367004,0.0,2.369999885559082,0.03079606033861637,0.0,0.9778337531486146,0.0,0.0,0.0,47.34146341463415,0.979313824419778,2006.760986328125,387630768.0,41.0,0.0,0.0,0.0,1.0,1.0
-3233581.75,0.0,0.43616583943367004,0.0,2.9100000858306885,0.024264436215162277,0.0,0.9753768844221106,0.0,0.0,0.0,43.13333333333333,0.9773413897280967,1849.5499267578125,276700384.0,45.0,0.0,0.0,0.0,1.0,1.0
-1324973.0,0.0,0.43616583943367004,0.0,3.549999952316284,0.024686355143785477,0.0,0.9661274014155713,0.0,0.0,0.0,28.954545454545453,0.9666160849772383,1818.003173828125,-98715296.0,66.0,0.0,0.0,0.0,1.0,1.0
-3796971.25,0.0,0.43616583943367004,0.0,2.859999895095825,0.027744177728891373,0.0,0.9757453259221829,0.0,0.0,0.0,41.97826086956522,0.9767324228629236,1887.0067138671875,381886768.0,46.0,0.0,0.0,0.0,1.0,1.0
-3830738.5,0.0,0.43616583943367004,0.0,3.440000057220459,0.022040855139493942,0.0,0.9727822580645161,0.0,0.0,0.0,37.84313725490196,0.9742554265522464,2054.05078125,355230720.0,51.0,0.0,0.0,0.0,1.0,1.0
-3760278.5,0.0,0.43616583943367004,0.0,3.049999952316284,0.02278129942715168,0.0,0.9693004529441369,0.0,0.0,0.0,32.644067796610166,0.9702770780856423,2145.617431640625,322823904.0,59.0,0.0,0.0,0.0,1.0,1.0
-4132131.75,0.0,0.43616583943367004,0.0,3.0399999618530273,0.03168176859617233,0.0,0.9743073047858942,0.0,0.0,0.0,43.95454545454545,0.9777553083923155,2100.620361328125,406196528.0,44.0,0.0,0.0,0.0,1.0,1.0
-2804178.0,0.0,0.43616583943367004,0.0,3.4000000953674316,0.02459377981722355,0.0,0.9712701612903226,0.0,0.0,0.0,37.78431372549019,0.9742163801820021,2121.638671875,136401064.0,51.0,0.0,0.0,0.0,1.0,1.0
-4021852.25,0.0,0.43616583943367004,0.0,2.9800000190734863,0.022045185789465904,0.0,0.9667003027245207,0.0,0.0,0.0,29.476923076923075,0.9671882887430591,2116.62841796875,380935488.0,65.0,0.0,0.0,0.0,1.0,1.0
-3191162.5,0.0,0.43616583943367004,0.0,3.259999990463257,0.026741037145256996,0.0,0.974320241691843,0.0,0.0,0.0,41.170212765957444,0.9762865792129163,1944.14404296875,249297504.0,47.0,0.0,0.0,0.0,1.0,1.0
-3404387.5,0.0,0.43616583943367004,0.0,3.2699999809265137,0.024636289104819298,0.0,0.9590495449949444,0.0,0.0,0.0,24.0126582278481,0.9600202429149798,1955.98681640625,289569056.0,79.0,0.0,0.0,0.0,1.0,1.0
-3209143.25,0.0,0.43616583943367004,0.0,3.0299999713897705,0.02902466617524624,0.0,0.973313192346425,0.0,0.0,0.0,37.17307692307692,0.9738035264483628,2032.5634765625,235208768.0,52.0,0.0,0.0,0.0,1.0,1.0
-2829554.5,0.0,0.43616583943367004,0.0,2.2200000286102295,0.027709919959306717,0.0,0.9767911200807265,0.0,0.0,0.0,45.02325581395349,0.9782718544719555,1778.8707275390625,210030576.0,43.0,0.0,0.0,0.0,1.0,1.0
-3510396.5,0.0,0.43616583943367004,0.0,2.8399999141693115,0.024814479053020477,0.0,0.9646821392532795,0.0,0.0,0.0,28.11764705882353,0.9656565656565657,1875.579833984375,326853488.0,68.0,0.0,0.0,0.0,1.0,1.0
-3211122.0,0.0,0.43616583943367004,0.0,2.190000057220459,0.023849699646234512,0.0,0.9823855057876195,0.0,0.0,0.0,55.77142857142857,0.9823855057876195,2043.7203369140625,233375672.0,35.0,0.0,0.0,0.0,1.0,1.0
-3236374.75,0.0,0.43616583943367004,0.0,3.5799999237060547,0.028308171778917313,0.0,0.9773071104387292,0.0,0.0,0.0,43.06666666666667,0.9773071104387292,2079.093017578125,231350464.0,45.0,0.0,0.0,0.0,1.0,1.0
-3686533.75,0.0,0.43616583943367004,0.0,3.25,0.02683691680431366,0.0,0.9753272910372608,0.0,0.0,0.0,45.04651162790697,0.9782828282828283,2008.47412109375,335506272.0,43.0,0.0,0.0,0.0,1.0,1.0
-3905404.25,0.0,0.43616583943367004,0.0,2.7799999713897705,0.019278356805443764,0.0,0.9773185483870968,0.0,0.0,0.0,43.08888888888889,0.9773185483870968,2240.888427734375,332797104.0,45.0,0.0,0.0,0.0,1.0,1.0
-3768665.25,0.0,0.43616583943367004,0.0,2.2899999618530273,0.026715105399489403,0.0,0.9783810960281548,0.0,0.0,0.0,49.8974358974359,0.980352644836272,2001.0689697265625,353414208.0,39.0,0.0,0.0,0.0,1.0,1.0
-3372056.25,0.0,0.43616583943367004,0.0,2.5799999237060547,0.026384472846984863,0.0,0.9721800708143652,0.0,0.0,0.0,35.592592592592595,0.9726720647773279,2134.292724609375,247445536.0,54.0,0.0,0.0,0.0,1.0,1.0
-694471.6875,0.0,0.43616583943367004,0.0,3.5399999618530273,0.02289305441081524,0.0,0.9703219315895373,0.0,0.0,0.0,33.258620689655174,0.9708102667337695,1744.613525390625,-210135992.0,58.0,0.0,0.0,0.0,1.0,1.0
-3503669.0,0.0,0.43616583943367004,0.0,2.4200000762939453,0.027958398684859276,0.0,0.9828629032258065,0.0,0.0,0.0,59.09090909090909,0.983358547655068,1875.0025634765625,325628960.0,33.0,0.0,0.0,0.0,1.0,1.0
-2854591.25,0.0,0.43616583943367004,0.0,3.2699999809265137,0.024414217099547386,0.0,0.9783810960281548,0.0,0.0,0.0,52.5945945945946,0.9813414019162885,2219.83837890625,126845624.0,37.0,0.0,0.0,0.0,1.0,1.0
-3012850.5,0.0,0.43616583943367004,0.0,3.4100000858306885,0.027066629379987717,0.0,0.9788092835519677,0.0,0.0,0.0,46.19047619047619,0.9788092835519677,2017.0968017578125,199045064.0,42.0,0.0,0.0,0.0,1.0,1.0
-3437327.0,0.0,0.43616583943367004,0.0,2.5399999618530273,0.02433541789650917,0.0,0.9716885743174924,0.0,0.0,0.0,36.264150943396224,0.9731645569620253,1902.5517578125,306847376.0,53.0,0.0,0.0,0.0,1.0,1.0
-2277906.5,0.0,0.43616583943367004,0.0,2.7699999809265137,0.024372363463044167,0.0,0.9686393525543753,0.0,0.0,0.0,30.887096774193548,0.9686393525543753,1839.660888671875,87540728.0,62.0,0.0,0.0,0.0,1.0,1.0
-3112740.5,0.0,0.43616583943367004,0.0,2.7100000381469727,0.024085622280836105,0.0,0.9804118533400301,0.0,0.0,0.0,57.411764705882355,0.9828801611278952,2140.9140625,194260960.0,34.0,0.0,0.0,0.0,1.0,1.0
-2645302.5,0.0,0.43616583943367004,0.0,2.7100000381469727,0.02700888179242611,0.0,0.9763104838709677,0.0,0.0,0.0,45.04651162790697,0.9782828282828283,1920.6873779296875,144817368.0,43.0,0.0,0.0,0.0,1.0,1.0
-2060570.5,0.0,0.43616583943367004,0.0,3.3299999237060547,0.022016648203134537,0.0,0.973816717019134,0.0,0.0,0.0,38.68,0.9747983870967742,2030.085205078125,5990431.0,50.0,0.0,0.0,0.0,1.0,1.0
-2740788.75,0.0,0.43616583943367004,0.0,3.740000009536743,0.024382296949625015,0.0,0.9636913767019667,0.0,0.0,0.0,27.695652173913043,0.9651515151515152,1809.0924072265625,186229296.0,69.0,0.0,0.0,0.0,1.0,1.0
-2384526.0,0.0,0.43616583943367004,0.0,3.2300000190734863,0.026521051302552223,0.0,0.9783810960281548,0.0,0.0,0.0,46.333333333333336,0.9788732394366197,2022.46533203125,72306556.0,42.0,0.0,0.0,0.0,1.0,1.0
-3662832.25,0.0,0.43616583943367004,0.0,3.1700000762939453,0.027002042159438133,0.0,0.9738562091503268,0.0,0.0,0.0,40.354166666666664,0.9758186397984887,1997.9853515625,332862192.0,48.0,0.0,0.0,0.0,1.0,1.0
-1932375.0,0.0,0.43616583943367004,0.0,3.6500000953674316,0.023656373843550682,0.0,0.9667003027245207,0.0,0.0,0.0,32.47457627118644,0.970126582278481,2048.720703125,-23377204.0,59.0,0.0,0.0,0.0,1.0,1.0
-3491034.5,0.0,0.43616583943367004,0.0,2.7300000190734863,0.024723876267671585,0.0,0.9708102667337695,0.0,0.0,0.0,39.36734693877551,0.9752275025278059,2074.80224609375,283139776.0,49.0,0.0,0.0,0.0,1.0,1.0
-3315102.75,0.0,0.43616583943367004,0.0,2.2200000286102295,0.025920003652572632,0.0,0.9768028240040343,0.0,0.0,0.0,42.108695652173914,0.9768028240040343,2032.444580078125,256425512.0,46.0,0.0,0.0,0.0,1.0,1.0
-3800782.0,0.0,0.43616583943367004,0.0,2.5199999809265137,0.02412068471312523,0.0,0.9748869914615771,0.0,0.0,0.0,41.297872340425535,0.9763581488933601,2032.3717041015625,353575728.0,47.0,0.0,0.0,0.0,1.0,1.0
-3056519.75,0.0,0.43616583943367004,0.0,2.8399999141693115,0.02502204105257988,0.0,0.9788413098236776,0.0,0.0,0.0,49.82051282051282,0.9803229061553986,2057.244384765625,199749936.0,39.0,0.0,0.0,0.0,1.0,1.0
-269608.15625,0.0,0.43616583943367004,0.0,3.7699999809265137,0.028095519170165062,0.0,0.9711830131445905,0.0,0.0,0.0,35.574074074074076,0.9726582278481013,2046.724365234375,-355530352.0,54.0,0.0,0.0,0.0,1.0,1.0
-4591050.0,0.0,0.43616583943367004,0.0,2.3399999141693115,0.023059554398059845,0.0,0.9813883299798792,0.0,0.0,0.0,54.19444444444444,0.9818822345244087,2180.67724609375,481969856.0,36.0,0.0,0.0,0.0,1.0,1.0
-2601639.75,0.0,0.43616583943367004,0.0,2.450000047683716,0.022464308887720108,0.0,0.9768145161290323,0.0,0.0,0.0,42.130434782608695,0.9768145161290323,1723.9508056640625,175431632.0,46.0,0.0,0.0,0.0,1.0,1.0
-2640789.0,0.0,0.43616583943367004,0.0,3.140000104904175,0.023500582203269005,0.0,0.9697428139183056,0.0,0.0,0.0,32.59322033898305,0.9702320887991928,1758.7855224609375,176292680.0,59.0,0.0,0.0,0.0,1.0,1.0
-2115625.75,0.0,0.43616583943367004,0.0,3.2300000190734863,0.02342495508491993,0.0,0.9608938547486033,0.0,0.0,0.0,25.226666666666667,0.961870869344179,1666.6717529296875,89680320.0,75.0,0.0,0.0,0.0,1.0,1.0
-2371179.5,0.0,0.43616583943367004,0.0,3.799999952316284,0.028341179713606834,0.0,0.9712121212121212,0.0,0.0,0.0,33.73684210526316,0.9712121212121212,1992.6995849609375,75588468.0,57.0,0.0,0.0,0.0,1.0,1.0
-2876841.0,0.0,0.43616583943367004,0.0,3.5299999713897705,0.02559955045580864,0.0,0.9738035264483628,0.0,0.0,0.0,38.66,0.9747856782652546,1764.99169921875,222263080.0,50.0,0.0,0.0,0.0,1.0,1.0
-1984724.75,0.0,0.43616583943367004,0.0,3.180000066757202,0.026197627186775208,0.0,0.9672048435923309,0.0,0.0,0.0,29.953125,0.9676930843008581,1957.206787109375,5394141.25,64.0,0.0,0.0,0.0,1.0,1.0
-2335660.75,0.0,0.43616583943367004,0.0,3.490000009536743,0.02539912797510624,0.0,0.9737903225806451,0.0,0.0,0.0,37.15384615384615,0.9737903225806451,2110.6982421875,44884936.0,52.0,0.0,0.0,0.0,1.0,1.0
-3234248.0,0.0,0.43616583943367004,0.0,2.7799999713897705,0.02283727191388607,0.0,0.9723340040241448,0.0,0.0,0.0,36.471698113207545,0.973313192346425,1917.00439453125,263341480.0,53.0,0.0,0.0,0.0,1.0,1.0
-2997019.75,0.0,0.43616583943367004,0.0,2.619999885559082,0.024180660024285316,0.0,0.9732862903225806,0.0,0.0,0.0,39.40816326530612,0.9752525252525253,2010.7940673828125,197138712.0,49.0,0.0,0.0,0.0,1.0,1.0
-3281615.25,0.0,0.43616583943367004,0.0,3.109999895095825,0.026151936501264572,0.0,0.9722502522704339,0.0,0.0,0.0,37.78431372549019,0.9742163801820021,1830.5452880859375,290106576.0,51.0,0.0,0.0,0.0,1.0,1.0
-3293876.5,0.0,0.43616583943367004,0.0,3.3299999237060547,0.026207586750388145,0.0,0.9737373737373738,0.0,0.0,0.0,41.02127659574468,0.9762025316455696,1882.920166015625,282085040.0,47.0,0.0,0.0,0.0,1.0,1.0
-3340499.0,0.0,0.43616583943367004,0.0,2.890000104904175,0.025822538882493973,0.0,0.9721800708143652,0.0,0.0,0.0,37.68627450980392,0.9741510390268626,2127.85107421875,242422784.0,51.0,0.0,0.0,0.0,1.0,1.0
-3061478.75,0.0,0.43616583943367004,0.0,2.680000066757202,0.02061750926077366,0.0,0.9732458354366481,0.0,0.0,0.0,37.80392156862745,0.9742294087923193,1872.9364013671875,237601736.0,51.0,0.0,0.0,0.0,1.0,1.0
-2989694.5,0.0,0.43616583943367004,0.0,3.2200000286102295,0.023003535345196724,0.0,0.9742943548387096,0.0,0.0,0.0,44.95348837209303,0.9782388663967612,1914.410400390625,214951120.0,43.0,0.0,0.0,0.0,1.0,1.0
-2632304.0,0.0,0.43616583943367004,0.0,3.009999990463257,0.025951623916625977,0.0,0.9681818181818181,0.0,0.0,0.0,32.49152542372882,0.9701417004048583,1934.53271484375,139445896.0,59.0,0.0,0.0,0.0,1.0,1.0
-1850123.0,0.0,0.43616583943367004,0.0,3.5199999809265137,0.024486541748046875,0.0,0.9722642460917801,0.0,0.0,0.0,36.37735849056604,0.9732458354366481,1994.028564453125,-28888198.0,53.0,0.0,0.0,0.0,1.0,1.0
-3002384.75,0.0,0.43616583943367004,0.0,2.2200000286102295,0.023939115926623344,0.0,0.9804020100502513,0.0,0.0,0.0,54.19444444444444,0.9818822345244087,2007.0679931640625,198958656.0,36.0,0.0,0.0,0.0,1.0,1.0
-3030562.25,0.0,0.43616583943367004,0.0,2.9800000190734863,0.025392645969986916,0.0,0.9585439838220424,0.0,0.0,0.0,23.7,0.9595141700404858,2012.644287109375,203471608.0,80.0,0.0,0.0,0.0,1.0,1.0
-3836147.25,0.0,0.43616583943367004,0.0,2.740000009536743,0.02617904171347618,0.0,0.9686552072800809,0.0,0.0,0.0,32.47457627118644,0.970126582278481,2092.491455078125,348623248.0,59.0,0.0,0.0,0.0,1.0,1.0
-3193511.0,0.0,0.43616583943367004,0.0,3.2200000286102295,0.020533744245767593,0.0,0.9685757729346174,0.0,0.0,0.0,30.822580645161292,0.9685757729346174,1878.984130859375,262796880.0,62.0,0.0,0.0,0.0,1.0,1.0
-3433324.75,0.0,0.43616583943367004,0.0,2.0899999141693115,0.026885349303483963,0.0,0.9767911200807265,0.0,0.0,0.0,46.095238095238095,0.9787664307381193,1950.4241943359375,296474592.0,42.0,0.0,0.0,0.0,1.0,1.0
-4159833.25,0.0,0.43616583943367004,0.0,2.9700000286102295,0.024156542494893074,0.0,0.973816717019134,0.0,0.0,0.0,39.46938775510204,0.9752899646999496,2085.57666015625,414744624.0,49.0,0.0,0.0,0.0,1.0,1.0
-3563108.25,0.0,0.43616583943367004,0.0,2.5299999713897705,0.0244867205619812,0.0,0.9782718544719555,0.0,0.0,0.0,47.21951219512195,0.9792615073343449,1933.692626953125,325777216.0,41.0,0.0,0.0,0.0,1.0,1.0
-3051759.0,0.0,0.43616583943367004,0.0,3.5,0.02548089064657688,0.0,0.9660759493670886,0.0,0.0,0.0,28.90909090909091,0.9665653495440729,2105.54248046875,189134336.0,66.0,0.0,0.0,0.0,1.0,1.0
-2796055.0,0.0,0.43616583943367004,0.0,2.859999895095825,0.024132734164595604,0.0,0.9685916919959473,0.0,0.0,0.0,31.866666666666667,0.9695740365111561,1923.148193359375,174473296.0,60.0,0.0,0.0,0.0,1.0,1.0
-2828281.0,0.0,0.43616583943367004,0.0,3.0399999618530273,0.026701733469963074,0.0,0.9763104838709677,0.0,0.0,0.0,46.11904761904762,0.9787771601819101,1720.376953125,221475312.0,42.0,0.0,0.0,0.0,1.0,1.0
-3364825.5,0.0,0.43616583943367004,0.0,2.759999990463257,0.024838600307703018,0.0,0.972306143001007,0.0,0.0,0.0,37.13461538461539,0.9737771053958648,1957.58642578125,281340752.0,52.0,0.0,0.0,0.0,1.0,1.0
-2515965.75,0.0,0.43616583943367004,0.0,3.4800000190734863,0.030668556690216064,0.0,0.9707661290322581,0.0,0.0,0.0,33.78947368421053,0.9712556732223904,1916.529052734375,119779696.0,57.0,0.0,0.0,0.0,1.0,1.0
-3257274.0,0.0,0.43616583943367004,0.0,2.950000047683716,0.02456248737871647,0.0,0.9696202531645569,0.0,0.0,0.0,33.59649122807018,0.9710953346855984,2005.4903564453125,250248952.0,57.0,0.0,0.0,0.0,1.0,1.0
-2662051.5,0.0,0.43616583943367004,0.0,3.1500000953674316,0.028894254937767982,0.0,0.9706922688226377,0.0,0.0,0.0,34.92727272727273,0.972165991902834,1953.9500732421875,141513064.0,55.0,0.0,0.0,0.0,1.0,1.0
-1255105.25,0.0,0.43616583943367004,0.0,3.3399999141693115,0.025243064388632774,0.0,0.9743718592964824,0.0,0.0,0.0,40.395833333333336,0.9758429793658782,2059.59130859375,-161003608.0,48.0,0.0,0.0,0.0,1.0,1.0
-3417057.0,0.0,0.43616583943367004,0.0,2.359999895095825,0.027693379670381546,0.0,0.9758064516129032,0.0,0.0,0.0,44.0,0.9777777777777777,2025.496826171875,278206128.0,44.0,0.0,0.0,0.0,1.0,1.0
-2555068.75,0.0,0.43616583943367004,0.0,3.190000057220459,0.03117813542485237,0.0,0.9742943548387096,0.0,0.0,0.0,38.66,0.9747856782652546,1844.093505859375,142087648.0,50.0,0.0,0.0,0.0,1.0,1.0
-2226490.5,0.0,0.43616583943367004,0.0,3.75,0.024175262078642845,0.0,0.9691919191919192,0.0,0.0,0.0,34.89090909090909,0.9721377912867275,2028.719482421875,39446754.0,55.0,0.0,0.0,0.0,1.0,1.0
-3616881.25,0.0,0.43616583943367004,0.0,2.9800000190734863,0.027706647291779518,0.0,0.9716455696202532,0.0,0.0,0.0,42.644444444444446,0.9770875763747454,2246.154296875,274039424.0,45.0,0.0,0.0,0.0,1.0,1.0
-3947528.25,0.0,0.43616583943367004,0.0,2.490000009536743,0.022486397996544838,0.0,0.9777777777777777,0.0,0.0,0.0,46.095238095238095,0.9787664307381193,2211.737060546875,347052640.0,42.0,0.0,0.0,0.0,1.0,1.0
-2977941.75,0.0,0.43616583943367004,0.0,3.299999952316284,0.02371128275990486,0.0,0.9753148614609571,0.0,0.0,0.0,41.191489361702125,0.9762985375693394,2117.586181640625,171964784.0,47.0,0.0,0.0,0.0,1.0,1.0
-3037260.5,0.0,0.43616583943367004,0.0,3.4600000381469727,0.019892293959856033,0.0,0.9763700351935646,0.0,0.0,0.0,46.23809523809524,0.9788306451612904,2122.4111328125,182864304.0,42.0,0.0,0.0,0.0,1.0,1.0
-1141258.125,0.0,0.43616583943367004,0.0,2.990000009536743,0.027048463001847267,0.0,0.9798893916540975,0.0,0.0,0.0,48.725,0.9798893916540975,1830.467529296875,-137947224.0,40.0,0.0,0.0,0.0,1.0,1.0
-2292842.5,0.0,0.43616583943367004,0.0,2.7899999618530273,0.024175874888896942,0.0,0.9757820383451059,0.0,0.0,0.0,41.148936170212764,0.9762746087834427,1859.5804443359375,86546096.0,47.0,0.0,0.0,0.0,1.0,1.0
-1813850.75,0.0,0.43616583943367004,0.0,3.190000057220459,0.02701571211218834,0.0,0.9742554265522464,0.0,0.0,0.0,37.84313725490196,0.9742554265522464,1936.818603515625,-24700453.0,51.0,0.0,0.0,0.0,1.0,1.0
-2649753.25,0.0,0.43616583943367004,0.0,3.0799999237060547,0.024347681552171707,0.0,0.9748237663645518,0.0,0.0,0.0,45.02325581395349,0.9782718544719555,1976.8837890625,134467824.0,43.0,0.0,0.0,0.0,1.0,1.0
-1804552.375,0.0,0.43616583943367004,0.0,3.4800000190734863,0.027627041563391685,0.0,0.9619289340101523,0.0,0.0,0.0,26.319444444444443,0.9633960345704118,1905.753173828125,-20350704.0,72.0,0.0,0.0,0.0,1.0,1.0
-2273992.25,0.0,0.43616583943367004,0.0,3.9100000858306885,0.02473435364663601,0.0,0.963673057517659,0.0,0.0,0.0,35.370370370370374,0.9725050916496945,2103.232666015625,34044628.0,54.0,0.0,0.0,0.0,1.0,1.0
-4030873.0,0.0,0.43616583943367004,0.0,3.069999933242798,0.023707622662186623,0.0,0.9789262418464626,0.0,0.0,0.0,48.775,0.9799095931692616,2002.869873046875,405494944.0,40.0,0.0,0.0,0.0,1.0,1.0
-2222266.0,0.0,0.43616583943367004,0.0,3.7100000381469727,0.02890939451754093,0.0,0.9595346484572584,0.0,0.0,0.0,24.636363636363637,0.9609929078014184,1923.244140625,59693302.0,77.0,0.0,0.0,0.0,1.0,1.0
-2852795.5,0.0,0.43616583943367004,0.0,3.7300000190734863,0.026015454903244972,0.0,0.9681657402728651,0.0,0.0,0.0,31.933333333333334,0.9696356275303644,2092.94921875,151860712.0,60.0,0.0,0.0,0.0,1.0,1.0
-3201319.25,0.0,0.43616583943367004,0.0,2.0299999713897705,0.026263147592544556,0.0,0.9782718544719555,0.0,0.0,0.0,48.4,0.979757085020243,2128.088134765625,214540968.0,40.0,0.0,0.0,0.0,1.0,1.0
-3773765.0,0.0,0.43616583943367004,0.0,3.2300000190734863,0.024608641862869263,0.0,0.9767206477732794,0.0,0.0,0.0,42.888888888888886,0.9772151898734177,2267.802978515625,301086576.0,45.0,0.0,0.0,0.0,1.0,1.0
-3541480.25,0.0,0.43616583943367004,0.0,2.559999942779541,0.025474246591329575,0.0,0.9686393525543753,0.0,0.0,0.0,31.39344262295082,0.9691295546558705,1946.221435546875,318943584.0,61.0,0.0,0.0,0.0,1.0,1.0
-73976.921875,0.0,0.43616583943367004,0.0,3.180000066757202,0.023568380624055862,0.0,0.9692385274836107,0.0,0.0,0.0,32.03333333333333,0.9697275479313825,1981.57568359375,-381627808.0,60.0,0.0,0.0,0.0,1.0,1.0
-3664159.25,0.0,0.43616583943367004,0.0,2.140000104904175,0.028305817395448685,0.0,0.9778449144008057,0.0,0.0,0.0,45.16279069767442,0.9783375314861461,2087.918701171875,315141616.0,43.0,0.0,0.0,0.0,1.0,1.0
-2759711.0,0.0,0.43616583943367004,0.0,2.950000047683716,0.022018250077962875,0.0,0.970126582278481,0.0,0.0,0.0,33.6140350877193,0.9711099847947289,2096.67138671875,132500176.0,57.0,0.0,0.0,0.0,1.0,1.0
-2734684.25,0.0,0.43616583943367004,0.0,2.7200000286102295,0.02445346675813198,0.0,0.9753768844221106,0.0,0.0,0.0,41.297872340425535,0.9763581488933601,1983.5498046875,150120448.0,47.0,0.0,0.0,0.0,1.0,1.0
-1220500.625,0.0,0.43616583943367004,0.0,3.9000000953674316,0.02382873371243477,0.0,0.9650455927051672,0.0,0.0,0.0,30.238095238095237,0.9679878048780488,1669.0992431640625,-89828408.0,63.0,0.0,0.0,0.0,1.0,1.0
-2053497.625,0.0,0.43616583943367004,0.0,2.819999933242798,0.02185460366308689,0.0,0.9547764227642277,0.0,0.0,0.0,22.105882352941176,0.9567209775967414,1933.926513671875,23802025.0,85.0,0.0,0.0,0.0,1.0,1.0
-3026722.5,0.0,0.43616583943367004,0.0,2.7799999713897705,0.028855687007308006,0.0,0.9619868220983274,0.0,0.0,0.0,26.36111111111111,0.9634517766497462,2064.022216796875,192430496.0,72.0,0.0,0.0,0.0,1.0,1.0
-3285797.5,0.0,0.43616583943367004,0.0,3.640000104904175,0.030409445986151695,0.0,0.9763224181360202,0.0,0.0,0.0,42.130434782608695,0.9768145161290323,2216.77783203125,213697704.0,46.0,0.0,0.0,0.0,1.0,1.0
-1810345.0,0.0,0.43616583943367004,0.0,3.3499999046325684,0.029578953981399536,0.0,0.9773299748110831,0.0,0.0,0.0,47.31707317073171,0.9793033821302373,1821.0501708984375,-2246584.5,41.0,0.0,0.0,0.0,1.0,1.0
-2818450.0,0.0,0.43616583943367004,0.0,3.640000104904175,0.028256375342607498,0.0,0.9646821392532795,0.0,0.0,0.0,29.415384615384614,0.9671219018715225,1887.6083984375,186059320.0,65.0,0.0,0.0,0.0,1.0,1.0
-1898670.375,0.0,0.43616583943367004,0.0,2.819999933242798,0.023910164833068848,0.0,0.9707070707070707,0.0,0.0,0.0,33.719298245614034,0.9711975745325923,1638.480712890625,51930188.0,57.0,0.0,0.0,0.0,1.0,1.0
-2682225.5,0.0,0.43616583943367004,0.0,3.7100000381469727,0.025487933307886124,0.0,0.9677093844601413,0.0,0.0,0.0,31.442622950819672,0.9691763516927742,2139.123291015625,108512260.0,61.0,0.0,0.0,0.0,1.0,1.0
-3370642.25,0.0,0.43616583943367004,0.0,3.119999885559082,0.02665643021464348,0.0,0.9809141135107986,0.0,0.0,0.0,61.03125,0.9838790931989925,1957.947998046875,282434560.0,32.0,0.0,0.0,0.0,1.0,1.0
-2904995.5,0.0,0.43616583943367004,0.0,2.5299999713897705,0.02779177390038967,0.0,0.9809236947791165,0.0,0.0,0.0,55.82857142857143,0.9824032176973353,1998.817138671875,181130624.0,35.0,0.0,0.0,0.0,1.0,1.0
-2204479.0,0.0,0.43616583943367004,0.0,3.819999933242798,0.028641322627663612,0.0,0.970632911392405,0.0,0.0,0.0,33.63157894736842,0.9711246200607903,1900.1395263671875,60760100.0,57.0,0.0,0.0,0.0,1.0,1.0
-574850.9375,0.0,0.43616583943367004,0.0,3.8499999046325684,0.02824130654335022,0.0,0.9631313131313132,0.0,0.0,0.0,28.044117647058822,0.9655696202531645,1840.088134765625,-253156736.0,68.0,0.0,0.0,0.0,1.0,1.0
-871751.375,0.0,0.43616583943367004,0.0,4.5,0.022510943934321404,0.0,0.9693467336683417,0.0,0.0,0.0,33.258620689655174,0.9708102667337695,1948.8282470703125,-215523184.0,58.0,0.0,0.0,0.0,1.0,1.0
-2968659.5,0.0,0.43616583943367004,0.0,2.7699999809265137,0.024739254266023636,0.0,0.973816717019134,0.0,0.0,0.0,39.46938775510204,0.9752899646999496,1948.8173828125,203861832.0,49.0,0.0,0.0,0.0,1.0,1.0
-2873899.25,0.0,0.43616583943367004,0.0,3.2300000190734863,0.024391166865825653,0.0,0.9672048435923309,0.0,0.0,0.0,35.5,0.9726027397260274,2035.3043212890625,167611560.0,54.0,0.0,0.0,0.0,1.0,1.0
-3115588.75,0.0,0.43616583943367004,0.0,2.5399999618530273,0.025877779349684715,0.0,0.9839276745354093,0.0,0.0,0.0,65.3,0.9849170437405732,1881.5230712890625,246709128.0,30.0,0.0,0.0,0.0,1.0,1.0
-2040171.25,0.0,0.43616583943367004,0.0,2.799999952316284,0.02228786051273346,0.0,0.9772841998990409,0.0,0.0,0.0,43.022222222222226,0.9772841998990409,1896.9658203125,28534911.0,45.0,0.0,0.0,0.0,1.0,1.0
-3287421.5,0.0,0.43616583943367004,0.0,3.3399999141693115,0.023503180593252182,0.0,0.9748237663645518,0.0,0.0,0.0,42.08695652173913,0.9767911200807265,1974.791259765625,262419688.0,46.0,0.0,0.0,0.0,1.0,1.0
-2101991.75,0.0,0.43616583943367004,0.0,4.489999771118164,0.02601049840450287,0.0,0.9646643109540636,0.0,0.0,0.0,28.954545454545453,0.9666160849772383,2041.641845703125,11961130.0,66.0,0.0,0.0,0.0,1.0,1.0
-2811008.25,0.0,0.43616583943367004,0.0,2.5999999046325684,0.02688939869403839,0.0,0.9773071104387292,0.0,0.0,0.0,45.06976744186046,0.9782937910146391,2012.5101318359375,159593952.0,43.0,0.0,0.0,0.0,1.0,1.0
-2046781.5,0.0,0.43616583943367004,0.0,3.25,0.018997427076101303,0.0,0.9789050728277248,0.0,0.0,0.0,51.28947368421053,0.980875691997987,1960.33203125,17184746.0,38.0,0.0,0.0,0.0,1.0,1.0
-2443919.25,0.0,0.43616583943367004,0.0,3.049999952316284,0.021988995373249054,0.0,0.9732187973724103,0.0,0.0,0.0,37.03846153846154,0.9737108190091001,1988.0478515625,91067052.0,52.0,0.0,0.0,0.0,1.0,1.0
-1720399.875,0.0,0.43616583943367004,0.0,3.5399999618530273,0.02562125027179718,0.0,0.966110268082954,0.0,0.0,0.0,31.833333333333332,0.9695431472081218,1853.4085693359375,-26709734.0,60.0,0.0,0.0,0.0,1.0,1.0
-2615619.25,0.0,0.43616583943367004,0.0,2.880000114440918,0.02923632599413395,0.0,0.973816717019134,0.0,0.0,0.0,40.291666666666664,0.9757820383451059,2095.829833984375,103851624.0,48.0,0.0,0.0,0.0,1.0,1.0
-3038691.0,0.0,0.43616583943367004,0.0,2.559999942779541,0.02543533779680729,0.0,0.9644489588623667,0.0,0.0,0.0,27.926470588235293,0.9654295882053889,1805.694580078125,246489432.0,68.0,0.0,0.0,0.0,1.0,1.0
-3339078.5,0.0,0.43616583943367004,0.0,2.4000000953674316,0.024775471538305283,0.0,0.9731509625126646,0.0,0.0,0.0,36.24528301886792,0.9731509625126646,1886.404296875,290427776.0,53.0,0.0,0.0,0.0,1.0,1.0
-1996356.5,0.0,0.43616583943367004,0.0,2.940000057220459,0.03124360181391239,0.0,0.9670886075949368,0.0,0.0,0.0,30.317460317460316,0.968068930562595,1954.0123291015625,8360286.0,63.0,0.0,0.0,0.0,1.0,1.0
-2105044.5,0.0,0.43616583943367004,0.0,3.2200000286102295,0.029500285163521767,0.0,0.9656392117230924,0.0,0.0,0.0,36.75,0.9735099337748344,2008.95751953125,19110353.0,52.0,0.0,0.0,0.0,1.0,1.0
-3095261.0,0.0,0.43616583943367004,0.0,2.509999990463257,0.024339940398931503,0.0,0.9768145161290323,0.0,0.0,0.0,45.06976744186046,0.9782937910146391,2126.8642578125,193573480.0,43.0,0.0,0.0,0.0,1.0,1.0
-3470630.5,0.0,0.43616583943367004,0.0,2.390000104904175,0.027065783739089966,0.0,0.9793346774193549,0.0,0.0,0.0,52.513513513513516,0.9813131313131314,1992.4093017578125,295539280.0,37.0,0.0,0.0,0.0,1.0,1.0
-2923630.75,0.0,0.43616583943367004,0.0,3.4700000286102295,0.026481762528419495,0.0,0.9711684370257967,0.0,0.0,0.0,35.55555555555556,0.9726443768996961,1943.532470703125,195912496.0,54.0,0.0,0.0,0.0,1.0,1.0
-2189027.0,0.0,0.43616583943367004,0.0,3.75,0.02952839434146881,0.0,0.9671717171717171,0.0,0.0,0.0,29.46153846153846,0.9671717171717171,2047.7772216796875,28140766.0,65.0,0.0,0.0,0.0,1.0,1.0
-2799520.0,0.0,0.43616583943367004,0.0,3.0399999618530273,0.023523293435573578,0.0,0.9773413897280967,0.0,0.0,0.0,51.078947368421055,0.9807983830217282,1869.8427734375,185830336.0,38.0,0.0,0.0,0.0,1.0,1.0
-2078282.5,0.0,0.43616583943367004,0.0,3.640000104904175,0.027724485844373703,0.0,0.9793658782083543,0.0,0.0,0.0,49.8974358974359,0.980352644836272,1888.0162353515625,37948232.0,39.0,0.0,0.0,0.0,1.0,1.0
-2055417.625,0.0,0.43616583943367004,0.0,3.359999895095825,0.024532897397875786,0.0,0.9753397081026673,0.0,0.0,0.0,42.130434782608695,0.9768145161290323,2108.8408203125,-10791118.0,46.0,0.0,0.0,0.0,1.0,1.0
-3299272.25,0.0,0.43616583943367004,0.0,2.6500000953674316,0.024597184732556343,0.0,0.9687184661957619,0.0,0.0,0.0,32.0,0.9696969696969697,1699.066162109375,319933040.0,60.0,0.0,0.0,0.0,1.0,1.0
-2001420.5,0.0,0.43616583943367004,0.0,3.440000057220459,0.02826162613928318,0.0,0.9657430730478589,0.0,0.0,0.0,34.232142857142854,0.9716168271667511,1954.2735595703125,9321848.0,56.0,0.0,0.0,0.0,1.0,1.0
-2503567.25,0.0,0.43616583943367004,0.0,3.119999885559082,0.028571803122758865,0.0,0.9758186397984887,0.0,0.0,0.0,43.044444444444444,0.9772956609485368,2140.951904296875,72417076.0,45.0,0.0,0.0,0.0,1.0,1.0
-3691634.0,0.0,0.43616583943367004,0.0,2.5,0.023079408332705498,0.0,0.9717314487632509,0.0,0.0,0.0,34.375,0.9717314487632509,2032.7021484375,331678656.0,56.0,0.0,0.0,0.0,1.0,1.0
-3248976.0,0.0,0.43616583943367004,0.0,2.9600000381469727,0.02174772135913372,0.0,0.9687342410489158,0.0,0.0,0.0,32.559322033898304,0.9702020202020202,2145.656494140625,220555728.0,59.0,0.0,0.0,0.0,1.0,1.0
-2069272.625,0.0,0.43616583943367004,0.0,2.990000009536743,0.02365931309759617,0.0,0.9731781376518218,0.0,0.0,0.0,36.98076923076923,0.9736708860759493,1773.205810546875,59106288.0,52.0,0.0,0.0,0.0,1.0,1.0
-1764611.375,0.0,0.43616583943367004,0.0,3.5199999809265137,0.019901711493730545,0.0,0.9672213817448311,0.0,0.0,0.0,32.50847457627118,0.9701568032372281,1960.541015625,-39294670.0,59.0,0.0,0.0,0.0,1.0,1.0
-3501180.25,0.0,0.43616583943367004,0.0,2.490000009536743,0.022388868033885956,0.0,0.9849094567404426,0.0,0.0,0.0,69.92857142857143,0.9859013091641491,1888.255859375,322481136.0,28.0,0.0,0.0,0.0,1.0,1.0
-3220855.25,0.0,0.43616583943367004,0.0,2.5,0.025974318385124207,0.0,0.9768495218922999,0.0,0.0,0.0,45.13953488372093,0.9783266129032258,1997.2393798828125,244617224.0,43.0,0.0,0.0,0.0,1.0,1.0
-1747650.875,0.0,0.43616583943367004,0.0,2.5,0.02738223597407341,0.0,0.9758064516129032,0.0,0.0,0.0,42.08695652173913,0.9767911200807265,1974.9593505859375,-45568228.0,46.0,0.0,0.0,0.0,1.0,1.0
-2577909.5,0.0,0.43616583943367004,0.0,3.5,0.028382938355207443,0.0,0.9748110831234257,0.0,0.0,0.0,43.0,0.9772727272727273,1995.4541015625,116385168.0,45.0,0.0,0.0,0.0,1.0,1.0
-366832.40625,0.0,0.43616583943367004,0.0,2.6600000858306885,0.026111597195267677,0.0,0.9722362443210499,0.0,0.0,0.0,37.03846153846154,0.9737108190091001,2038.9158935546875,-334523664.0,52.0,0.0,0.0,0.0,1.0,1.0
-4170891.0,0.0,0.43616583943367004,0.0,2.1600000858306885,0.028673339635133743,0.0,0.9813695871097684,0.0,0.0,0.0,54.138888888888886,0.9818639798488665,2066.3974609375,420793984.0,36.0,0.0,0.0,0.0,1.0,1.0
-3209306.0,0.0,0.43616583943367004,0.0,2.9100000858306885,0.024405276402831078,0.0,0.981425702811245,0.0,0.0,0.0,59.24242424242424,0.9834004024144869,1918.5430908203125,258048264.0,33.0,0.0,0.0,0.0,1.0,1.0
-1943307.875,0.0,0.43616583943367004,0.0,2.630000114440918,0.027274489402770996,0.0,0.9753521126760564,0.0,0.0,0.0,40.395833333333336,0.9758429793658782,1956.4678955078125,-2738552.0,48.0,0.0,0.0,0.0,1.0,1.0
-2297791.25,0.0,0.43616583943367004,0.0,2.9600000381469727,0.023429732769727707,0.0,0.9824032176973353,0.0,0.0,0.0,55.82857142857143,0.9824032176973353,1823.173095703125,94819024.0,35.0,0.0,0.0,0.0,1.0,1.0
-2765760.0,0.0,0.43616583943367004,0.0,3.369999885559082,0.02804977260529995,0.0,0.9610914603335018,0.0,0.0,0.0,28.818181818181817,0.9664634146341463,1928.572509765625,167328728.0,66.0,0.0,0.0,0.0,1.0,1.0
-3122199.0,0.0,0.43616583943367004,0.0,2.7899999618530273,0.025141876190900803,0.0,0.9772841998990409,0.0,0.0,0.0,46.095238095238095,0.9787664307381193,1999.685302734375,224397176.0,42.0,0.0,0.0,0.0,1.0,1.0
-2662457.25,0.0,0.43616583943367004,0.0,3.009999990463257,0.02102252095937729,0.0,0.9757942511346445,0.0,0.0,0.0,42.06521739130435,0.9767794043412418,2156.377685546875,101109648.0,46.0,0.0,0.0,0.0,1.0,1.0
-2880768.25,0.0,0.43616583943367004,0.0,3.119999885559082,0.0203019417822361,0.0,0.9604060913705583,0.0,0.0,0.0,24.571428571428573,0.9608938547486033,2061.2158203125,163799960.0,77.0,0.0,0.0,0.0,1.0,1.0
-3403019.0,0.0,0.43616583943367004,0.0,2.9600000381469727,0.027201563119888306,0.0,0.9717457114026236,0.0,0.0,0.0,39.30612244897959,0.9751898734177216,1949.47314453125,290602384.0,49.0,0.0,0.0,0.0,1.0,1.0
-3383640.25,0.0,0.43616583943367004,0.0,3.2799999713897705,0.024386271834373474,0.0,0.9652042360060514,0.0,0.0,0.0,29.90625,0.967644084934277,2022.598876953125,272098800.0,64.0,0.0,0.0,0.0,1.0,1.0
-3519512.0,0.0,0.43616583943367004,0.0,2.609999895095825,0.021789735183119774,0.0,0.9706774519716885,0.0,0.0,0.0,35.55555555555556,0.9726443768996961,2080.893798828125,287616080.0,54.0,0.0,0.0,0.0,1.0,1.0
-2580553.5,0.0,0.43616583943367004,0.0,2.7899999618530273,0.02108139917254448,0.0,0.961890243902439,0.0,0.0,0.0,27.83823529411765,0.9653238143804181,1886.9130859375,138618944.0,68.0,0.0,0.0,0.0,1.0,1.0
-3268800.0,0.0,0.43616583943367004,0.0,3.009999990463257,0.0248835738748312,0.0,0.9717741935483871,0.0,0.0,0.0,40.166666666666664,0.9757085020242915,2060.959716796875,241461704.0,48.0,0.0,0.0,0.0,1.0,1.0
-2453728.75,0.0,0.43616583943367004,0.0,2.690000057220459,0.02096026949584484,0.0,0.9757575757575757,0.0,0.0,0.0,44.93023255813954,0.9782278481012658,1988.175537109375,93005040.0,43.0,0.0,0.0,0.0,1.0,1.0
-1129820.0,0.0,0.43616583943367004,0.0,3.569999933242798,0.025256970897316933,0.0,0.9647177419354839,0.0,0.0,0.0,31.37704918032787,0.9691139240506329,1709.6148681640625,-116066976.0,61.0,0.0,0.0,0.0,1.0,1.0
-2890769.25,0.0,0.43616583943367004,0.0,2.950000047683716,0.02213340811431408,0.0,0.9798691494715652,0.0,0.0,0.0,49.92307692307692,0.9803625377643505,2103.183349609375,157411904.0,39.0,0.0,0.0,0.0,1.0,1.0
-3451204.25,0.0,0.43616583943367004,0.0,2.4100000858306885,0.022644562646746635,0.0,0.9767911200807265,0.0,0.0,0.0,43.022222222222226,0.9772841998990409,1889.107177734375,312313456.0,45.0,0.0,0.0,0.0,1.0,1.0
-2921878.75,0.0,0.43616583943367004,0.0,3.0999999046325684,0.024082180112600327,0.0,0.9716742539200809,0.0,0.0,0.0,35.574074074074076,0.9726582278481013,1969.511474609375,190366288.0,54.0,0.0,0.0,0.0,1.0,1.0
-1855524.125,0.0,0.43616583943367004,0.0,3.2799999713897705,0.022800158709287643,0.0,0.9758308157099698,0.0,0.0,0.0,44.04545454545455,0.9778002018163471,2153.5146484375,-59703900.0,44.0,0.0,0.0,0.0,1.0,1.0
-2754775.0,0.0,0.43616583943367004,0.0,3.049999952316284,0.024840746074914932,0.0,0.9732593340060545,0.0,0.0,0.0,37.8235294117647,0.9742424242424242,1635.979736328125,223652368.0,51.0,0.0,0.0,0.0,1.0,1.0
-4010565.75,0.0,0.43616583943367004,0.0,2.569999933242798,0.021544460207223892,0.0,0.9808853118712274,0.0,0.0,0.0,52.7027027027027,0.9813789632611978,2190.018798828125,364004560.0,37.0,0.0,0.0,0.0,1.0,1.0
-2758339.75,0.0,0.43616583943367004,0.0,2.9600000381469727,0.026259485632181168,0.0,0.9696969696969697,0.0,0.0,0.0,37.64705882352941,0.974124809741248,1927.1920166015625,166122728.0,51.0,0.0,0.0,0.0,1.0,1.0
-3809385.0,0.0,0.43616583943367004,0.0,2.0999999046325684,0.0249427892267704,0.0,0.9778113968734241,0.0,0.0,0.0,45.093023255813954,0.9783047426841575,1895.47265625,382676400.0,43.0,0.0,0.0,0.0,1.0,1.0
-3341418.25,0.0,0.43616583943367004,0.0,2.430000066757202,0.026848042383790016,0.0,0.9773755656108597,0.0,0.0,0.0,46.285714285714285,0.9788519637462235,1827.3475341796875,302708416.0,42.0,0.0,0.0,0.0,1.0,1.0
-2224278.5,0.0,0.43616583943367004,0.0,3.5199999809265137,0.022046037018299103,0.0,0.9692385274836107,0.0,0.0,0.0,33.13793103448276,0.9707070707070707,1933.6234130859375,58023172.0,58.0,0.0,0.0,0.0,1.0,1.0
-2419019.0,0.0,0.43616583943367004,0.0,3.680000066757202,0.024895060807466507,0.0,0.9778002018163471,0.0,0.0,0.0,47.26829268292683,0.9792824658918646,1944.318603515625,94834592.0,41.0,0.0,0.0,0.0,1.0,1.0
-3445987.25,0.0,0.43616583943367004,0.0,3.2899999618530273,0.025916829705238342,0.0,0.9747602221100454,0.0,0.0,0.0,41.08510638297872,0.9762386248736097,1832.4854736328125,322594080.0,47.0,0.0,0.0,0.0,1.0,1.0
-3137147.75,0.0,0.43616583943367004,0.0,3.390000104904175,0.023434951901435852,0.0,0.9604863221884499,0.0,0.0,0.0,25.28,0.9619482496194824,2095.991943359375,208120744.0,75.0,0.0,0.0,0.0,1.0,1.0
-1405011.875,0.0,0.43616583943367004,0.0,2.759999990463257,0.028645331040024757,0.0,0.9711830131445905,0.0,0.0,0.0,34.92727272727273,0.972165991902834,1913.657958984375,-101836892.0,55.0,0.0,0.0,0.0,1.0,1.0
-3007514.25,0.0,0.43616583943367004,0.0,2.7200000286102295,0.02292322739958763,0.0,0.9717457114026236,0.0,0.0,0.0,37.03846153846154,0.9737108190091001,2023.5177001953125,196692464.0,52.0,0.0,0.0,0.0,1.0,1.0
-3855632.25,0.0,0.43616583943367004,0.0,2.4800000190734863,0.022729981690645218,0.0,0.9813789632611978,0.0,0.0,0.0,62.903225806451616,0.9843513377082281,2023.526611328125,366317056.0,31.0,0.0,0.0,0.0,1.0,1.0
-3431219.0,0.0,0.43616583943367004,0.0,3.0799999237060547,0.020633187144994736,0.0,0.9784028126569563,0.0,0.0,0.0,54.111111111111114,0.9818548387096774,1963.53955078125,293430640.0,36.0,0.0,0.0,0.0,1.0,1.0
-2712882.0,0.0,0.43616583943367004,0.0,2.6600000858306885,0.024889212101697922,0.0,0.9702770780856423,0.0,0.0,0.0,35.666666666666664,0.9727272727272728,2014.8929443359375,139490488.0,54.0,0.0,0.0,0.0,1.0,1.0
-2898329.0,0.0,0.43616583943367004,0.0,2.6500000953674316,0.02628483809530735,0.0,0.9768378650553877,0.0,0.0,0.0,46.19047619047619,0.9788092835519677,1921.239990234375,195312256.0,42.0,0.0,0.0,0.0,1.0,1.0
-3202978.0,0.0,0.43616583943367004,0.0,2.7799999713897705,0.023292671889066696,0.0,0.9655347187024835,0.0,0.0,0.0,32.28813559322034,0.969959266802444,1997.651123046875,240956880.0,59.0,0.0,0.0,0.0,1.0,1.0
-3216881.5,0.0,0.43616583943367004,0.0,2.9800000190734863,0.02349778637290001,0.0,0.9706922688226377,0.0,0.0,0.0,34.30357142857143,0.9716742539200809,1904.15771484375,262437224.0,56.0,0.0,0.0,0.0,1.0,1.0
-1617691.375,0.0,0.43616583943367004,0.0,3.9600000381469727,0.024760890752077103,0.0,0.9585230146686899,0.0,0.0,0.0,24.294871794871796,0.9604662949822605,1951.71142578125,-66914796.0,78.0,0.0,0.0,0.0,1.0,1.0
-2950548.5,0.0,0.43616583943367004,0.0,2.7200000286102295,0.02203565463423729,0.0,0.9808564231738035,0.0,0.0,0.0,62.806451612903224,0.9843276036400405,2105.914306640625,168822752.0,31.0,0.0,0.0,0.0,1.0,1.0
-2536705.5,0.0,0.43616583943367004,0.0,2.5999999046325684,0.023717764765024185,0.0,0.9712266532054518,0.0,0.0,0.0,38.48,0.9746707193515705,2024.535400390625,102327368.0,50.0,0.0,0.0,0.0,1.0,1.0
-2565046.0,0.0,0.43616583943367004,0.0,3.8299999237060547,0.025599276646971703,0.0,0.9598984771573604,0.0,0.0,0.0,24.558441558441558,0.9608739837398373,1742.828369140625,164332936.0,77.0,0.0,0.0,0.0,1.0,1.0
-3615607.25,0.0,0.43616583943367004,0.0,3.2200000286102295,0.02903832122683525,0.0,0.96875,0.0,0.0,0.0,34.32142857142857,0.9716885743174924,2166.709716796875,289671968.0,56.0,0.0,0.0,0.0,1.0,1.0
-2709350.0,0.0,0.43616583943367004,0.0,3.680000066757202,0.027135884389281273,0.0,0.9717314487632509,0.0,0.0,0.0,37.01923076923077,0.973697521497218,2058.343505859375,130094224.0,52.0,0.0,0.0,0.0,1.0,1.0
-1214699.0,0.0,0.43616583943367004,0.0,3.4100000858306885,0.027200568467378616,0.0,0.968797181680926,0.0,0.0,0.0,32.083333333333336,0.9697732997481109,1932.2664794921875,-143621824.0,60.0,0.0,0.0,0.0,1.0,1.0
-1149085.25,0.0,0.43616583943367004,0.0,3.490000009536743,0.025697004050016403,0.0,0.9697885196374623,0.0,0.0,0.0,34.392857142857146,0.9717457114026236,2104.5166015625,-191194000.0,56.0,0.0,0.0,0.0,1.0,1.0
-2443353.5,0.0,0.43616583943367004,0.0,2.9100000858306885,0.026753287762403488,0.0,0.9773185483870968,0.0,0.0,0.0,45.093023255813954,0.9783047426841575,2041.026611328125,80359516.0,43.0,0.0,0.0,0.0,1.0,1.0
-3637784.25,0.0,0.43616583943367004,0.0,3.5399999618530273,0.026306312531232834,0.0,0.9789050728277248,0.0,0.0,0.0,47.53658536585366,0.9793969849246231,2112.370849609375,304977264.0,41.0,0.0,0.0,0.0,1.0,1.0
-2160207.5,0.0,0.43616583943367004,0.0,3.109999895095825,0.024334188550710678,0.0,0.9773299748110831,0.0,0.0,0.0,46.19047619047619,0.9788092835519677,2002.4122314453125,31453442.0,42.0,0.0,0.0,0.0,1.0,1.0
-1745648.125,0.0,0.43616583943367004,0.0,3.619999885559082,0.028506379574537277,0.0,0.9809045226130654,0.0,0.0,0.0,55.77142857142857,0.9823855057876195,2062.102294921875,-63395496.0,35.0,0.0,0.0,0.0,1.0,1.0
-2560838.25,0.0,0.43616583943367004,0.0,4.179999828338623,0.024912213906645775,0.0,0.9672544080604534,0.0,0.0,0.0,38.4,0.9746192893401016,2068.067138671875,98447492.0,50.0,0.0,0.0,0.0,1.0,1.0
-1707703.625,0.0,0.43616583943367004,0.0,3.25,0.02592521533370018,0.0,0.9777440566514921,0.0,0.0,0.0,46.023809523809526,0.9787341772151898,1581.2523193359375,25184681.0,42.0,0.0,0.0,0.0,1.0,1.0
-3136002.0,0.0,0.43616583943367004,0.0,2.859999895095825,0.02427094802260399,0.0,0.980352644836272,0.0,0.0,0.0,51.21052631578947,0.9808467741935484,2070.3818359375,213018928.0,38.0,0.0,0.0,0.0,1.0,1.0
-3629521.25,0.0,0.43616583943367004,0.0,2.3399999141693115,0.020816877484321594,0.0,0.977364185110664,0.0,0.0,0.0,43.17777777777778,0.977364185110664,2045.3897705078125,316719872.0,45.0,0.0,0.0,0.0,1.0,1.0
-2998400.75,0.0,0.43616583943367004,0.0,2.9600000381469727,0.025132104754447937,0.0,0.9752650176678446,0.0,0.0,0.0,39.42857142857143,0.9752650176678446,1938.2911376953125,211915408.0,49.0,0.0,0.0,0.0,1.0,1.0
-3589721.5,0.0,0.43616583943367004,0.0,2.640000104904175,0.03229527547955513,0.0,0.9737771053958648,0.0,0.0,0.0,37.86274509803921,0.9742684157416751,2400.598876953125,237717184.0,51.0,0.0,0.0,0.0,1.0,1.0
-2554635.0,0.0,0.43616583943367004,0.0,3.7699999809265137,0.028210122138261795,0.0,0.9778672032193159,0.0,0.0,0.0,47.41463414634146,0.979345088161209,2061.27783203125,98565940.0,41.0,0.0,0.0,0.0,1.0,1.0
-2737958.75,0.0,0.43616583943367004,0.0,3.609999895095825,0.021780744194984436,0.0,0.9738035264483628,0.0,0.0,0.0,41.12765957446808,0.9762626262626263,2242.526611328125,98980192.0,47.0,0.0,0.0,0.0,1.0,1.0
-3893289.5,0.0,0.43616583943367004,0.0,3.740000009536743,0.024632733315229416,0.0,0.9696969696969697,0.0,0.0,0.0,33.10344827586207,0.9706774519716885,1956.857177734375,387178096.0,58.0,0.0,0.0,0.0,1.0,1.0
-3032025.5,0.0,0.43616583943367004,0.0,3.259999990463257,0.02354036644101143,0.0,0.9681335356600911,0.0,0.0,0.0,31.37704918032787,0.9691139240506329,1904.941650390625,225308392.0,61.0,0.0,0.0,0.0,1.0,1.0
-3263130.0,0.0,0.43616583943367004,0.0,3.0399999618530273,0.027073491364717484,0.0,0.9732593340060545,0.0,0.0,0.0,37.09615384615385,0.9737506309944473,1971.6202392578125,258194600.0,52.0,0.0,0.0,0.0,1.0,1.0
-2888722.0,0.0,0.43616583943367004,0.0,3.319999933242798,0.024949651211500168,0.0,0.9732052578361982,0.0,0.0,0.0,37.01923076923077,0.973697521497218,2050.2666015625,167584104.0,52.0,0.0,0.0,0.0,1.0,1.0
-3558015.75,0.0,0.43616583943367004,0.0,2.9700000286102295,0.02294960245490074,0.0,0.9731237322515213,0.0,0.0,0.0,38.38,0.9746063991874048,2176.436279296875,276209040.0,50.0,0.0,0.0,0.0,1.0,1.0
-3761212.5,0.0,0.43616583943367004,0.0,2.569999933242798,0.025568172335624695,0.0,0.9697122665320546,0.0,0.0,0.0,32.559322033898304,0.9702020202020202,2362.197265625,279694528.0,59.0,0.0,0.0,0.0,1.0,1.0
-2357866.5,0.0,0.43616583943367004,0.0,3.880000114440918,0.026249462738633156,0.0,0.9613624809354346,0.0,0.0,0.0,25.904109589041095,0.9628309572301426,1966.2069091796875,78221924.0,73.0,0.0,0.0,0.0,1.0,1.0
-2147063.75,0.0,0.43616583943367004,0.0,3.9600000381469727,0.025957459583878517,0.0,0.9575757575757575,0.0,0.0,0.0,23.121951219512194,0.9585439838220424,2112.90576171875,6719764.5,82.0,0.0,0.0,0.0,1.0,1.0
-3856751.25,0.0,0.43616583943367004,0.0,3.25,0.02353198267519474,0.0,0.9702471003530005,0.0,0.0,0.0,34.981818181818184,0.9722081859525012,1991.853515625,372871968.0,55.0,0.0,0.0,0.0,1.0,1.0
-2588960.25,0.0,0.43616583943367004,0.0,3.4700000286102295,0.027774628251791,0.0,0.9758429793658782,0.0,0.0,0.0,40.395833333333336,0.9758429793658782,1848.37744140625,148009760.0,48.0,0.0,0.0,0.0,1.0,1.0
-3355153.0,0.0,0.43616583943367004,0.0,2.890000104904175,0.026694288477301598,0.0,0.9762386248736097,0.0,0.0,0.0,42.91111111111111,0.9772267206477733,2090.69091796875,252786256.0,45.0,0.0,0.0,0.0,1.0,1.0
-2745669.75,0.0,0.43616583943367004,0.0,3.359999895095825,0.025723254308104515,0.0,0.9608540925266904,0.0,0.0,0.0,26.25,0.963302752293578,1801.8394775390625,188655784.0,72.0,0.0,0.0,0.0,1.0,1.0
-3977625.5,0.0,0.43616583943367004,0.0,2.740000009536743,0.02598399855196476,0.0,0.9722642460917801,0.0,0.0,0.0,37.80392156862745,0.9742294087923193,2329.825439453125,329452928.0,51.0,0.0,0.0,0.0,1.0,1.0
-3748548.75,0.0,0.43616583943367004,0.0,2.369999885559082,0.02418271265923977,0.0,0.9808853118712274,0.0,0.0,0.0,52.7027027027027,0.9813789632611978,1972.50341796875,355104192.0,37.0,0.0,0.0,0.0,1.0,1.0
-3173535.0,0.0,0.43616583943367004,0.0,2.5299999713897705,0.0221423152834177,0.0,0.9773299748110831,0.0,0.0,0.0,44.09090909090909,0.9778225806451613,1968.2119140625,240958664.0,44.0,0.0,0.0,0.0,1.0,1.0
158515.0,0.0,0.43616583943367004,0.0,3.2300000190734863,0.02623344399034977,0.0,0.9727272727272728,0.0,0.0,0.0,37.76470588235294,0.9742033383915023,2122.48876953125,-456307568.0,51.0,0.0,0.0,0.0,1.0,1.0
-2434459.25,0.0,0.43616583943367004,0.0,3.200000047683716,0.021963531151413918,0.0,0.9661957618567104,0.0,0.0,0.0,28.582089552238806,0.9661957618567104,2147.994384765625,57183786.0,67.0,0.0,0.0,0.0,1.0,1.0
-2601091.0,0.0,0.43616583943367004,0.0,3.299999952316284,0.02274332568049431,0.0,0.9690669371196755,0.0,0.0,0.0,32.389830508474574,0.9700507614213199,2110.99853515625,97910152.0,59.0,0.0,0.0,0.0,1.0,1.0
-3294939.25,0.0,0.43616583943367004,0.0,3.0899999141693115,0.025858450680971146,0.0,0.9651162790697675,0.0,0.0,0.0,31.295081967213115,0.9690355329949238,1969.4091796875,264997792.0,61.0,0.0,0.0,0.0,1.0,1.0
-2750352.0,0.0,0.43616583943367004,0.0,3.049999952316284,0.022046109661459923,0.0,0.9722081859525012,0.0,0.0,0.0,35.629629629629626,0.9726996966632963,2032.3280029296875,143497536.0,54.0,0.0,0.0,0.0,1.0,1.0
-2964019.75,0.0,0.43616583943367004,0.0,3.009999990463257,0.024455614387989044,0.0,0.9747729566094854,0.0,0.0,0.0,40.25,0.9757575757575757,1867.771484375,219143144.0,48.0,0.0,0.0,0.0,1.0,1.0
-3062429.5,0.0,0.43616583943367004,0.0,4.340000152587891,0.029593098908662796,0.0,0.9678876066231812,0.0,0.0,0.0,30.61904761904762,0.9683734939759037,2017.9730224609375,208782544.0,63.0,0.0,0.0,0.0,1.0,1.0
-4362560.5,0.0,0.43616583943367004,0.0,2.380000114440918,0.027107208967208862,0.0,0.9864661654135338,0.0,0.0,0.0,78.72,0.9874560963371801,2290.010986328125,414406560.0,25.0,0.0,0.0,0.0,1.0,1.0
-3537077.75,0.0,0.43616583943367004,0.0,2.819999933242798,0.02541063353419304,0.0,0.9763224181360202,0.0,0.0,0.0,42.130434782608695,0.9768145161290323,1967.1363525390625,313881984.0,46.0,0.0,0.0,0.0,1.0,1.0
-2418265.0,0.0,0.43616583943367004,0.0,2.9800000190734863,0.01732625812292099,0.0,0.9768261964735516,0.0,0.0,0.0,47.292682926829265,0.9792929292929293,1899.72021484375,103603532.0,41.0,0.0,0.0,0.0,1.0,1.0
-3713182.0,0.0,0.43616583943367004,0.0,2.690000057220459,0.0,0.0,0.9723200805234021,0.0,0.0,0.0,38.64,0.9747729566094854,2093.621337890625,323805520.0,50.0,0.0,0.0,0.0,1.0,1.0
-1984696.75,0.0,0.43616583943367004,0.0,3.559999942779541,0.0,0.0,0.968149646107179,0.0,0.0,0.0,32.45762711864407,0.9701114488348531,1766.8189697265625,43467536.0,59.0,0.0,0.0,0.0,1.0,1.0
-3143228.25,0.0,1.4869818687438965,0.0,3.5399999618530273,0.0,0.0,0.9625506072874493,0.0,0.0,0.0,29.26153846153846,0.9669547534316217,2019.73095703125,224590728.0,65.0,0.0,0.0,0.0,1.0,1.0
-2537789.75,0.0,1.4869818687438965,0.0,3.700000047683716,0.0,0.0,0.9631313131313132,0.0,0.0,0.0,28.46268656716418,0.9660587639311043,1957.9361572265625,115861460.0,67.0,0.0,0.0,0.0,1.0,1.0
-3298428.25,0.0,0.847282886505127,0.0,2.490000009536743,0.0,0.0,0.9712266532054518,0.0,0.0,0.0,36.301886792452834,0.9731917046029337,2171.592529296875,225259912.0,53.0,0.0,0.0,0.0,1.0,1.0
-2719064.75,0.0,0.847282886505127,0.0,2.609999895095825,0.0,0.0,0.974657881398885,0.0,0.0,0.0,40.0625,0.9756468797564688,2102.006591796875,123305188.0,48.0,0.0,0.0,0.0,1.0,1.0
-2577367.75,0.0,0.847282886505127,0.0,3.2799999713897705,0.0,0.0,0.9631685166498486,0.0,0.0,0.0,27.271428571428572,0.9646286003031834,1925.62451171875,130239156.0,70.0,0.0,0.0,0.0,1.0,1.0
-2986610.5,0.0,0.36634016036987305,0.0,2.9600000381469727,0.0,0.0,0.9691763516927742,0.0,0.0,0.0,33.64912280701754,0.9711392405063292,1836.2039794921875,229973592.0,57.0,0.0,0.0,0.0,1.0,1.0
-2731391.0,0.0,0.36634016036987305,0.0,3.4200000762939453,0.0,0.0,0.9778113968734241,0.0,0.0,0.0,46.166666666666664,0.9787985865724381,2084.23974609375,129324660.0,42.0,0.0,0.0,0.0,1.0,1.0
-2883268.5,0.0,0.36634016036987305,0.0,3.25,0.0,0.0,0.9779227295534371,0.0,0.0,0.0,49.97435897435897,0.9803822937625755,2169.91748046875,142565032.0,39.0,0.0,0.0,0.0,1.0,1.0
-3898348.25,0.0,0.7633291482925415,0.0,3.0,0.0,0.0,0.9778783308195073,0.0,0.0,0.0,44.20454545454545,0.9778783308195073,2024.0460205078125,374754064.0,44.0,0.0,0.0,0.0,1.0,1.0
-3535124.5,0.0,0.7633291482925415,0.0,2.359999895095825,0.0,0.0,0.9712266532054518,0.0,0.0,0.0,33.75438596491228,0.9712266532054518,1993.55712890625,308205376.0,57.0,0.0,0.0,0.0,1.0,1.0
-2770066.25,0.0,1.9568840265274048,0.0,2.859999895095825,0.0,0.0,0.9768378650553877,0.0,0.0,0.0,43.111111111111114,0.9773299748110831,1788.87646484375,196131752.0,45.0,0.0,0.0,0.0,1.0,1.0
-4127303.0,0.0,1.9568840265274048,0.0,2.9600000381469727,0.0,0.0,0.9768378650553877,0.0,0.0,0.0,43.111111111111114,0.9773299748110831,2347.906982421875,355773248.0,45.0,0.0,0.0,0.0,1.0,1.0
-3254776.25,0.0,1.9568840265274048,0.0,3.5799999237060547,0.0,0.0,0.9655521783181358,0.0,0.0,0.0,30.741935483870968,0.9684959349593496,1969.0838623046875,257029688.0,62.0,0.0,0.0,0.0,1.0,1.0
-2029132.125,0.0,2.4387929439544678,0.0,3.109999895095825,0.0,0.0,0.9753892516323456,0.0,0.0,0.0,41.319148936170215,0.9763700351935646,1907.607177734375,24198293.0,47.0,0.0,0.0,0.0,1.0,1.0
-3978545.5,0.0,2.4387929439544678,0.0,2.7799999713897705,0.0,0.0,0.9783266129032258,0.0,0.0,0.0,46.214285714285715,0.9788199697428139,2068.87109375,381829360.0,42.0,0.0,0.0,0.0,1.0,1.0
-2625511.0,0.0,2.8350071907043457,0.0,3.4100000858306885,0.0,0.0,0.9652567975830816,0.0,0.0,0.0,30.428571428571427,0.9681818181818181,2063.848876953125,112223480.0,63.0,0.0,0.0,0.0,1.0,1.0
-4124221.0,0.0,2.8350071907043457,0.0,2.4200000762939453,0.0,0.0,0.9727272727272728,0.0,0.0,0.0,35.666666666666664,0.9727272727272728,2092.4111328125,406254672.0,54.0,0.0,0.0,0.0,1.0,1.0
-4180074.0,0.0,2.8350071907043457,0.0,2.490000009536743,0.0,0.0,0.9732862903225806,0.0,0.0,0.0,41.08510638297872,0.9762386248736097,2133.11767578125,409284912.0,47.0,0.0,0.0,0.0,1.0,1.0
-3146066.25,0.0,0.3552292287349701,0.0,2.3399999141693115,0.0,0.0,0.973816717019134,0.0,0.0,0.0,40.291666666666664,0.9757820383451059,2006.2623291015625,227854432.0,48.0,0.0,0.0,0.0,1.0,1.0
-2878450.0,0.0,0.3552292287349701,0.0,2.9800000190734863,0.0,0.0,0.9773869346733668,0.0,0.0,0.0,46.30952380952381,0.9788626069451435,1984.45458984375,178693400.0,42.0,0.0,0.0,0.0,1.0,1.0
-2770481.25,0.0,1.5026780366897583,0.0,3.5,0.0,0.0,0.9839276745354093,0.0,0.0,0.0,63.193548387096776,0.9844221105527639,1948.0640869140625,164379304.0,31.0,0.0,0.0,0.0,1.0,1.0
-2327621.75,0.0,1.5026780366897583,0.0,3.809999942779541,0.0,0.0,0.9728915662650602,0.0,0.0,0.0,42.130434782608695,0.9768145161290323,1839.0980224609375,97598556.0,46.0,0.0,0.0,0.0,1.0,1.0
-3329658.0,0.0,1.5026780366897583,0.0,2.630000114440918,0.0,0.0,0.9743073047858942,0.0,0.0,0.0,40.291666666666664,0.9757820383451059,2010.260986328125,263772840.0,48.0,0.0,0.0,0.0,1.0,1.0
-3679435.0,0.0,0.28580835461616516,0.0,3.2699999809265137,0.0,0.0,0.9696663296258847,0.0,0.0,0.0,33.06896551724138,0.9706477732793523,1915.438232421875,352691552.0,58.0,0.0,0.0,0.0,1.0,1.0
-2640347.75,0.0,0.28580835461616516,0.0,4.320000171661377,0.0,0.0,0.9687657430730479,0.0,0.0,0.0,33.1551724137931,0.9707218576476527,2344.1962890625,59122344.0,58.0,0.0,0.0,0.0,1.0,1.0
-2242509.0,0.0,0.8593829870223999,0.0,3.190000057220459,0.0,0.0,0.9733668341708542,0.0,0.0,0.0,39.53061224489796,0.9753272910372608,2148.099853515625,18775156.0,49.0,0.0,0.0,0.0,1.0,1.0
-3883130.0,0.0,0.8593829870223999,0.0,2.609999895095825,0.0,0.0,0.9824032176973353,0.0,0.0,0.0,59.21212121212121,0.9833920483140413,2204.7900390625,335563440.0,33.0,0.0,0.0,0.0,1.0,1.0
-3921520.75,0.0,0.8593829870223999,0.0,2.759999990463257,0.0,0.0,0.9593289273004576,0.0,0.0,0.0,24.82894736842105,0.9612837493632196,2098.703857421875,364452480.0,76.0,0.0,0.0,0.0,1.0,1.0
-3913328.0,0.0,0.45671236515045166,0.0,3.0299999713897705,0.0,0.0,0.9798691494715652,0.0,0.0,0.0,52.62162162162162,0.9813508064516129,2113.605712890625,359839568.0,37.0,0.0,0.0,0.0,1.0,1.0
-3528858.0,0.0,0.45671236515045166,0.0,3.7100000381469727,0.0,0.0,0.972809667673716,0.0,0.0,0.0,37.15384615384615,0.9737903225806451,2257.36572265625,254191280.0,52.0,0.0,0.0,0.0,1.0,1.0
-3492998.0,0.0,0.45671236515045166,0.0,2.690000057220459,0.0,0.0,0.9778672032193159,0.0,0.0,0.0,49.84615384615385,0.9803328290468987,2304.738037109375,237546856.0,39.0,0.0,0.0,0.0,1.0,1.0
-2826214.75,0.0,1.2523889541625977,0.0,2.930000066757202,0.0,0.0,0.9641051567239636,0.0,0.0,0.0,28.46268656716418,0.9660587639311043,2045.537841796875,156026184.0,67.0,0.0,0.0,0.0,1.0,1.0
-3443858.0,0.0,1.2523889541625977,0.0,3.1500000953674316,0.0,0.0,0.9718026183282981,0.0,0.0,0.0,39.38775510204081,0.9752400202122284,2235.43994140625,241576720.0,49.0,0.0,0.0,0.0,1.0,1.0
-2782820.25,0.0,1.7295666933059692,0.0,3.180000066757202,0.0,0.0,0.9763581488933601,0.0,0.0,0.0,44.11363636363637,0.9778337531486146,2169.328857421875,122592432.0,44.0,0.0,0.0,0.0,1.0,1.0
-2803899.0,0.0,1.7295666933059692,0.0,3.859999895095825,0.0,0.0,0.9692695214105793,0.0,0.0,0.0,32.610169491525426,0.9702471003530005,1924.3382568359375,175804320.0,59.0,0.0,0.0,0.0,1.0,1.0
-3297447.25,0.0,1.7295666933059692,0.0,2.5899999141693115,0.0,0.0,0.9788519637462235,0.0,0.0,0.0,48.6,0.9798387096774194,2221.044189453125,215174792.0,40.0,0.0,0.0,0.0,1.0,1.0
-2119966.25,0.0,2.5571069717407227,0.0,2.890000104904175,0.02261526510119438,0.0,0.9763700351935646,0.0,0.0,0.0,45.16279069767442,0.9783375314861461,1916.7130126953125,40544790.0,43.0,0.0,0.0,0.0,1.0,1.0
-3579268.5,0.0,2.5571069717407227,0.0,2.319999933242798,0.021889057010412216,0.0,0.9753521126760564,0.0,0.0,0.0,41.255319148936174,0.9763343403826787,2156.1787109375,284511712.0,47.0,0.0,0.0,0.0,1.0,1.0
-3542102.75,0.0,2.5571069717407227,0.0,4.329999923706055,0.023563141003251076,0.0,0.9641232945932289,0.0,0.0,0.0,28.058823529411764,0.9655870445344129,1967.8609619140625,314739296.0,68.0,0.0,0.0,0.0,1.0,1.0
-3154442.0,0.0,2.5571069717407227,0.0,3.9100000858306885,0.02690150775015354,0.0,0.9727822580645161,0.0,0.0,0.0,37.11538461538461,0.9737638748738647,1877.1903076171875,255343424.0,52.0,0.0,0.0,0.0,1.0,1.0
-3212319.25,0.0,2.5571069717407227,0.0,2.950000047683716,0.024604810401797295,0.0,0.9727410398788491,0.0,0.0,0.0,36.35849056603774,0.9732323232323232,2193.71142578125,203614608.0,53.0,0.0,0.0,0.0,1.0,1.0
-3949299.5,0.0,2.5571069717407227,0.0,2.990000009536743,0.030373215675354004,0.0,0.9712846347607053,0.0,0.0,0.0,37.07692307692308,0.9737373737373738,2014.3831787109375,386876128.0,52.0,0.0,0.0,0.0,1.0,1.0
-3016560.75,0.0,2.5571069717407227,0.0,3.240000009536743,0.027015099301934242,0.0,0.9707808564231738,0.0,0.0,0.0,38.54,0.9747091552857865,2074.248291015625,188355832.0,50.0,0.0,0.0,0.0,1.0,1.0
-3950398.0,0.0,2.5571069717407227,0.0,3.390000104904175,0.02278905361890793,0.0,0.9718592964824121,0.0,0.0,0.0,35.81481481481482,0.9728370221327968,2162.4189453125,357488480.0,54.0,0.0,0.0,0.0,1.0,1.0
-3474543.75,0.0,2.5571069717407227,0.0,2.630000114440918,0.025942623615264893,0.0,0.9879578524836929,0.0,0.0,0.0,93.76190476190476,0.9894472361809046,2224.4033203125,249925280.0,21.0,0.0,0.0,0.0,1.0,1.0
-3809045.0,0.0,2.5571069717407227,0.0,2.819999933242798,0.024077072739601135,0.0,0.9793969849246231,0.0,0.0,0.0,52.67567567567568,0.9813695871097684,2232.11572265625,315280800.0,37.0,0.0,0.0,0.0,1.0,1.0
-3356923.5,0.0,2.5571069717407227,0.0,3.569999933242798,0.025317300111055374,0.0,0.9723200805234021,0.0,0.0,0.0,35.77777777777778,0.972809667673716,2295.718994140625,212133840.0,54.0,0.0,0.0,0.0,1.0,1.0
-2641044.25,0.0,2.5571069717407227,0.0,3.25,0.026237323880195618,0.0,0.9697732997481109,0.0,0.0,0.0,35.648148148148145,0.9727134916624558,1809.053955078125,166290616.0,54.0,0.0,0.0,0.0,1.0,1.0
-3257801.0,0.0,2.5571069717407227,0.0,2.8499999046325684,0.0220450721681118,0.0,0.9789050728277248,0.0,0.0,0.0,52.67567567567568,0.9813695871097684,2199.58544921875,211538016.0,37.0,0.0,0.0,0.0,1.0,1.0
-3195566.5,0.0,2.5571069717407227,0.0,2.5999999046325684,0.023888062685728073,0.0,0.978894472361809,0.0,0.0,0.0,48.7,0.9798792756539235,2050.17529296875,228972824.0,40.0,0.0,0.0,0.0,1.0,1.0
-3326290.5,0.0,2.5571069717407227,0.0,2.0799999237060547,0.02697298489511013,0.0,0.9844533600802408,0.0,0.0,0.0,72.70370370370371,0.9864321608040201,2062.235595703125,252707320.0,27.0,0.0,0.0,0.0,1.0,1.0
-1804909.25,0.0,2.5571069717407227,0.0,3.0799999237060547,0.021639859303832054,0.0,0.9718451483157365,0.0,0.0,0.0,37.90196078431372,0.9742943548387096,1755.1151123046875,9852050.0,51.0,0.0,0.0,0.0,1.0,1.0
-3813034.0,0.0,2.5571069717407227,0.0,2.680000066757202,0.02672373689711094,0.0,0.9808853118712274,0.0,0.0,0.0,52.7027027027027,0.9813789632611978,2110.438232421875,340414208.0,37.0,0.0,0.0,0.0,1.0,1.0
-3541206.0,0.0,2.5571069717407227,0.0,2.759999990463257,0.024755459278821945,0.0,0.9635443037974684,0.0,0.0,0.0,27.185714285714287,0.9645210339584389,2083.79052734375,291373504.0,70.0,0.0,0.0,0.0,1.0,1.0
-3144011.0,0.0,2.5571069717407227,0.0,3.0899999141693115,0.02314053103327751,0.0,0.9753521126760564,0.0,0.0,0.0,42.15217391304348,0.9768261964735516,2324.288330078125,163838424.0,46.0,0.0,0.0,0.0,1.0,1.0
-1971874.875,0.0,2.5571069717407227,0.0,3.799999952316284,0.02578427828848362,0.0,0.9688442211055276,0.0,0.0,0.0,31.096774193548388,0.9688442211055276,1809.8609619140625,32294460.0,62.0,0.0,0.0,0.0,1.0,1.0
-2986711.0,0.0,2.5571069717407227,0.0,3.25,0.02408623695373535,0.0,0.9698189134808853,0.0,0.0,0.0,33.824561403508774,0.9712846347607053,2007.476318359375,195739256.0,57.0,0.0,0.0,0.0,1.0,1.0
-3236473.0,0.0,2.5571069717407227,0.0,3.2300000190734863,0.03191424161195755,0.0,0.9692849949647533,0.0,0.0,0.0,35.648148148148145,0.9727134916624558,1921.475341796875,262892328.0,54.0,0.0,0.0,0.0,1.0,1.0
-2738716.75,0.0,2.5571069717407227,0.0,2.7799999713897705,0.028273891657590866,0.0,0.9768495218922999,0.0,0.0,0.0,42.19565217391305,0.9768495218922999,2113.604736328125,124916344.0,46.0,0.0,0.0,0.0,1.0,1.0
-3130056.25,0.0,2.5571069717407227,0.0,3.1600000858306885,0.023872114717960358,0.0,0.9728643216080402,0.0,0.0,0.0,37.23076923076923,0.9738430583501007,2091.0107421875,207702024.0,52.0,0.0,0.0,0.0,1.0,1.0
-3653465.25,0.0,2.5571069717407227,0.0,2.9100000858306885,0.02408328279852867,0.0,0.9672379032258065,0.0,0.0,0.0,31.983333333333334,0.9696816574027286,1976.7183837890625,335241280.0,60.0,0.0,0.0,0.0,1.0,1.0
-3218344.0,0.0,2.5571069717407227,0.0,2.7300000190734863,0.026989247649908066,0.0,0.9788092835519677,0.0,0.0,0.0,46.19047619047619,0.9788092835519677,2066.755126953125,230212296.0,42.0,0.0,0.0,0.0,1.0,1.0
-2886349.0,0.0,2.5571069717407227,0.0,4.03000020980835,0.024938371032476425,0.0,0.9708102667337695,0.0,0.0,0.0,41.04255319148936,0.9762145748987854,2155.301025390625,146103376.0,47.0,0.0,0.0,0.0,1.0,1.0
-1282438.0,0.0,2.5571069717407227,0.0,4.400000095367432,0.029755324125289917,0.0,0.9748995983935743,0.0,0.0,0.0,41.319148936170215,0.9763700351935646,2267.525390625,-197123760.0,47.0,0.0,0.0,0.0,1.0,1.0
-2527673.75,0.0,2.5571069717407227,0.0,3.190000057220459,0.02688291296362877,0.0,0.9718451483157365,0.0,0.0,0.0,37.17307692307692,0.9738035264483628,1726.388916015625,160150096.0,52.0,0.0,0.0,0.0,1.0,1.0
-3842940.75,0.0,2.5571069717407227,0.0,2.430000066757202,0.023669663816690445,0.0,0.973313192346425,0.0,0.0,0.0,39.44897959183673,0.9752774974772956,2170.954833984375,334290672.0,49.0,0.0,0.0,0.0,1.0,1.0
-2971264.0,0.0,2.5571069717407227,0.0,3.380000114440918,0.032088860869407654,0.0,0.972809667673716,0.0,0.0,0.0,37.88235294117647,0.9742813918305597,2267.455322265625,140654744.0,51.0,0.0,0.0,0.0,1.0,1.0
-2360604.75,0.0,2.5571069717407227,0.0,3.859999895095825,0.02190975286066532,0.0,0.9692385274836107,0.0,0.0,0.0,32.57627118644068,0.9702170620898536,2101.136474609375,51785760.0,59.0,0.0,0.0,0.0,1.0,1.0
-3404304.25,0.0,2.5571069717407227,0.0,3.390000104904175,0.023698989301919937,0.0,0.9708102667337695,0.0,0.0,0.0,37.09615384615385,0.9737506309944473,2051.5703125,270439632.0,52.0,0.0,0.0,0.0,1.0,1.0
-3808159.0,0.0,2.5571069717407227,0.0,2.7300000190734863,0.02366555854678154,0.0,0.9696202531645569,0.0,0.0,0.0,31.916666666666668,0.9696202531645569,2002.83837890625,360956080.0,60.0,0.0,0.0,0.0,1.0,1.0
-3435313.25,0.0,2.5571069717407227,0.0,2.6700000762939453,0.027839267626404762,0.0,0.9677581863979848,0.0,0.0,0.0,33.12068965517241,0.9706922688226377,2259.386962890625,235077456.0,58.0,0.0,0.0,0.0,1.0,1.0
-1312565.625,0.0,2.5571069717407227,0.0,3.2699999809265137,0.027872294187545776,0.0,0.9702320887991928,0.0,0.0,0.0,38.46,0.974657881398885,2030.8289794921875,-143759256.0,50.0,0.0,0.0,0.0,1.0,1.0
-2000570.875,0.0,2.5571069717407227,0.0,3.4000000953674316,0.02554498054087162,0.0,0.9701114488348531,0.0,0.0,0.0,33.59649122807018,0.9710953346855984,2093.763427734375,-18746197.0,57.0,0.0,0.0,0.0,1.0,1.0
-3410011.0,0.0,2.5571069717407227,0.0,3.0799999237060547,0.027170265093445778,0.0,0.9758308157099698,0.0,0.0,0.0,43.06666666666667,0.9773071104387292,2149.207275390625,252054752.0,45.0,0.0,0.0,0.0,1.0,1.0
-3001943.0,0.0,2.5571069717407227,0.0,2.4100000858306885,0.02833906188607216,0.0,0.9763581488933601,0.0,0.0,0.0,45.13953488372093,0.9783266129032258,2112.689208984375,177744952.0,43.0,0.0,0.0,0.0,1.0,1.0
-2990124.5,0.0,2.5571069717407227,0.0,3.359999895095825,0.027583971619606018,0.0,0.9738693467336683,0.0,0.0,0.0,41.234042553191486,0.9763224181360202,1951.937744140625,207531112.0,47.0,0.0,0.0,0.0,1.0,1.0
-3477113.0,0.0,2.5571069717407227,0.0,1.75,0.025322895497083664,0.0,0.9757820383451059,0.0,0.0,0.0,41.148936170212764,0.9762746087834427,2012.947509765625,292726672.0,47.0,0.0,0.0,0.0,1.0,1.0
-3161744.0,0.0,2.5571069717407227,0.0,2.9200000762939453,0.028393086045980453,0.0,0.9774096385542169,0.0,0.0,0.0,43.266666666666666,0.9774096385542169,2251.273681640625,181988088.0,45.0,0.0,0.0,0.0,1.0,1.0
-2518464.75,0.0,2.5571069717407227,0.0,2.8499999046325684,0.031193803995847702,0.0,0.9758186397984887,0.0,0.0,0.0,43.044444444444444,0.9772956609485368,1785.613037109375,146464264.0,45.0,0.0,0.0,0.0,1.0,1.0
-3168352.0,0.0,2.5571069717407227,0.0,3.140000104904175,0.02455480955541134,0.0,0.9829488465396189,0.0,0.0,0.0,59.39393939393939,0.9834420471650778,2056.568359375,222252272.0,33.0,0.0,0.0,0.0,1.0,1.0
-2858153.5,0.0,2.5571069717407227,0.0,2.8499999046325684,0.02464016154408455,0.0,0.973313192346425,0.0,0.0,0.0,37.17307692307692,0.9738035264483628,1910.822265625,189358320.0,52.0,0.0,0.0,0.0,1.0,1.0
-3141454.0,0.0,2.5571069717407227,0.0,3.6700000762939453,0.02318977564573288,0.0,0.9712556732223904,0.0,0.0,0.0,35.666666666666664,0.9727272727272728,2031.5341796875,221876768.0,54.0,0.0,0.0,0.0,1.0,1.0
-3490054.5,0.0,2.5571069717407227,0.0,2.4800000190734863,0.024792442098259926,0.0,0.9768728004022121,0.0,0.0,0.0,44.15909090909091,0.9778560644187216,2105.619384765625,276780976.0,44.0,0.0,0.0,0.0,1.0,1.0
-3459546.5,0.0,2.5571069717407227,0.0,2.8299999237060547,0.024298809468746185,0.0,0.9834834834834835,0.0,0.0,0.0,65.5,0.9849624060150376,1955.796875,300645920.0,30.0,0.0,0.0,0.0,1.0,1.0
-2623691.75,0.0,2.5571069717407227,0.0,3.0899999141693115,0.026480961591005325,0.0,0.9804020100502513,0.0,0.0,0.0,50.02564102564103,0.9804020100502513,1647.1466064453125,195203712.0,39.0,0.0,0.0,0.0,1.0,1.0
-3867753.25,0.0,2.5571069717407227,0.0,2.109999895095825,0.021899152547121048,0.0,0.9854198089492208,0.0,0.0,0.0,67.58620689655173,0.9854198089492208,2191.45947265625,335154976.0,29.0,0.0,0.0,0.0,1.0,1.0
-3497382.5,0.0,2.5571069717407227,0.0,3.5199999809265137,0.02591918781399727,0.0,0.9692849949647533,0.0,0.0,0.0,33.189655172413794,0.9707513867876955,2234.11865234375,252544848.0,58.0,0.0,0.0,0.0,1.0,1.0
-4541066.0,0.0,2.5571069717407227,0.0,2.4600000381469727,0.025591198354959488,0.0,0.9859437751004017,0.0,0.0,0.0,78.56,0.987430869783811,2162.6630859375,475577200.0,25.0,0.0,0.0,0.0,1.0,1.0
-2899660.5,0.0,2.5571069717407227,0.0,3.3499999046325684,0.02321079559624195,0.0,0.9742554265522464,0.0,0.0,0.0,37.84313725490196,0.9742554265522464,2011.4066162109375,177543984.0,51.0,0.0,0.0,0.0,1.0,1.0
742260.8125,0.0,2.5571069717407227,0.0,3.640000104904175,0.023244235664606094,0.0,0.9702170620898536,0.0,0.0,0.0,34.945454545454545,0.9721800708143652,1965.892333984375,-541738048.0,55.0,0.0,0.0,0.0,1.0,1.0
-3359733.5,0.0,2.5571069717407227,0.0,3.8399999141693115,0.026142442598938942,0.0,0.9706922688226377,0.0,0.0,0.0,34.30357142857143,0.9716742539200809,2142.739501953125,243291392.0,56.0,0.0,0.0,0.0,1.0,1.0
-2495039.0,0.0,2.5571069717407227,0.0,2.9800000190734863,0.02772337570786476,0.0,0.969758064516129,0.0,0.0,0.0,32.06666666666667,0.969758064516129,1826.2012939453125,133659412.0,60.0,0.0,0.0,0.0,1.0,1.0
-4019612.75,0.0,2.5571069717407227,0.0,2.4100000858306885,0.02396915853023529,0.0,0.974320241691843,0.0,0.0,0.0,40.3125,0.9757942511346445,2142.879150390625,375240272.0,48.0,0.0,0.0,0.0,1.0,1.0
-4265366.5,0.0,2.5571069717407227,0.0,2.7899999618530273,0.026391059160232544,0.0,0.9788519637462235,0.0,0.0,0.0,51.1578947368421,0.9808274470232089,2088.08447265625,435351312.0,38.0,0.0,0.0,0.0,1.0,1.0
-3090734.5,0.0,2.5571069717407227,0.0,3.2799999713897705,0.026113074272871017,0.0,0.9738298943130347,0.0,0.0,0.0,38.7,0.9748110831234257,2051.278076171875,207784432.0,50.0,0.0,0.0,0.0,1.0,1.0
-2682360.75,0.0,2.5571069717407227,0.0,3.1700000762939453,0.026384999975562096,0.0,0.9753272910372608,0.0,0.0,0.0,44.02272727272727,0.97778899545684,1953.9212646484375,145582008.0,44.0,0.0,0.0,0.0,1.0,1.0
-2326911.25,0.0,2.5571069717407227,0.0,2.140000104904175,0.026334261521697044,0.0,0.9778894472361809,0.0,0.0,0.0,49.8974358974359,0.980352644836272,2231.21923828125,19033284.0,39.0,0.0,0.0,0.0,1.0,1.0
-2969233.5,0.0,2.5571069717407227,0.0,3.5899999141693115,0.0303594209253788,0.0,0.9768495218922999,0.0,0.0,0.0,42.19565217391305,0.9768495218922999,1894.9813232421875,214744448.0,46.0,0.0,0.0,0.0,1.0,1.0
-2515354.75,0.0,2.5571069717407227,0.0,2.7799999713897705,0.028262367472052574,0.0,0.9742943548387096,0.0,0.0,0.0,37.90196078431372,0.9742943548387096,2066.984375,89567096.0,51.0,0.0,0.0,0.0,1.0,1.0
-3305047.0,0.0,2.5571069717407227,0.0,3.0899999141693115,0.028763258829712868,0.0,0.972768532526475,0.0,0.0,0.0,36.39622641509434,0.9732593340060545,1961.897705078125,268522816.0,53.0,0.0,0.0,0.0,1.0,1.0
-4106708.5,0.0,2.5571069717407227,0.0,2.9600000381469727,0.025607910007238388,0.0,0.9717171717171718,0.0,0.0,0.0,38.48,0.9746707193515705,2092.951904296875,402644544.0,50.0,0.0,0.0,0.0,1.0,1.0
-3863875.0,0.0,2.5571069717407227,0.0,2.319999933242798,0.024259420111775398,0.0,0.9783266129032258,0.0,0.0,0.0,52.45945945945946,0.9812942366026289,2017.712646484375,369127504.0,37.0,0.0,0.0,0.0,1.0,1.0
-3157250.5,0.0,2.5571069717407227,0.0,3.7300000190734863,0.02252986468374729,0.0,0.9698643897538926,0.0,0.0,0.0,40.229166666666664,0.9757453259221829,2027.5245361328125,225838488.0,48.0,0.0,0.0,0.0,1.0,1.0
-3780710.0,0.0,2.5571069717407227,0.0,3.059999942779541,0.02464590221643448,0.0,0.9789262418464626,0.0,0.0,0.0,52.729729729729726,0.9813883299798792,2061.746826171875,343687696.0,37.0,0.0,0.0,0.0,1.0,1.0
-2804267.75,0.0,2.5571069717407227,0.0,3.390000104904175,0.02228119783103466,0.0,0.9662298387096774,0.0,0.0,0.0,28.611940298507463,0.9662298387096774,2041.09765625,152525176.0,67.0,0.0,0.0,0.0,1.0,1.0
-2860622.75,0.0,2.5571069717407227,0.0,2.930000066757202,0.02526054158806801,0.0,0.9692074709742554,0.0,0.0,0.0,32.54237288135593,0.9701869631126832,1835.5086669921875,204914736.0,59.0,0.0,0.0,0.0,1.0,1.0
-3575776.0,0.0,2.5571069717407227,0.0,2.930000066757202,0.026452919468283653,0.0,0.9703219315895373,0.0,0.0,0.0,32.69491525423729,0.9703219315895373,1959.1827392578125,323210624.0,59.0,0.0,0.0,0.0,1.0,1.0
-3841129.25,0.0,2.5571069717407227,0.0,3.0899999141693115,0.027012163773179054,0.0,0.9742554265522464,0.0,0.0,0.0,38.6,0.9747474747474747,2231.0126953125,321916560.0,50.0,0.0,0.0,0.0,1.0,1.0
-3329404.25,0.0,2.5571069717407227,0.0,3.190000057220459,0.027072902768850327,0.0,0.9733266230498239,0.0,0.0,0.0,37.92156862745098,0.9743073047858942,1998.671142578125,266039592.0,51.0,0.0,0.0,0.0,1.0,1.0
-3729820.5,0.0,2.5571069717407227,0.0,2.7200000286102295,0.0265298243612051,0.0,0.9753521126760564,0.0,0.0,0.0,43.08888888888889,0.9773185483870968,2214.887451171875,302880656.0,45.0,0.0,0.0,0.0,1.0,1.0
-2539632.75,0.0,2.5571069717407227,0.0,3.0799999237060547,0.025535931810736656,0.0,0.9789050728277248,0.0,0.0,0.0,47.53658536585366,0.9793969849246231,1908.1075439453125,126199624.0,41.0,0.0,0.0,0.0,1.0,1.0
-2971389.75,0.0,2.5571069717407227,0.0,3.2699999809265137,0.026793494820594788,0.0,0.9738824711200402,0.0,0.0,0.0,42.15217391304348,0.9768261964735516,2062.670654296875,181637720.0,46.0,0.0,0.0,0.0,1.0,1.0
-4126256.75,0.0,2.5571069717407227,0.0,2.4100000858306885,0.023017901927232742,0.0,0.978894472361809,0.0,0.0,0.0,46.38095238095238,0.978894472361809,2276.67333984375,369810592.0,42.0,0.0,0.0,0.0,1.0,1.0
-1793527.5,0.0,2.5571069717407227,0.0,3.2100000381469727,0.032302338629961014,0.0,0.9636913767019667,0.0,0.0,0.0,26.91549295774648,0.9641775983854692,1911.662841796875,-23736560.0,71.0,0.0,0.0,0.0,1.0,1.0
-2919733.5,0.0,2.5571069717407227,0.0,2.930000066757202,0.025589430704712868,0.0,0.9763819095477387,0.0,0.0,0.0,44.15909090909091,0.9778560644187216,1962.21240234375,191398352.0,44.0,0.0,0.0,0.0,1.0,1.0
-3270039.75,0.0,2.5571069717407227,0.0,3.0,0.026999440044164658,0.0,0.971327967806841,0.0,0.0,0.0,35.75925925925926,0.9727959697732997,2023.4248046875,249215848.0,54.0,0.0,0.0,0.0,1.0,1.0
-3266188.25,0.0,2.5571069717407227,0.0,2.9800000190734863,0.02367527224123478,0.0,0.9819186338523355,0.0,0.0,0.0,63.064516129032256,0.9843907351460222,2098.029052734375,233527664.0,31.0,0.0,0.0,0.0,1.0,1.0
-3565223.0,0.0,2.5571069717407227,0.0,2.8299999237060547,0.027981692925095558,0.0,0.9763937719738824,0.0,0.0,0.0,44.18181818181818,0.9778672032193159,2190.068115234375,274924464.0,44.0,0.0,0.0,0.0,1.0,1.0
-2716173.0,0.0,2.5571069717407227,0.0,3.5,0.02227061428129673,0.0,0.9748743718592965,0.0,0.0,0.0,47.31707317073171,0.9793033821302373,2165.455322265625,110038104.0,41.0,0.0,0.0,0.0,1.0,1.0
-3588167.0,0.0,2.5571069717407227,0.0,3.619999885559082,0.022138427942991257,0.0,0.9717884130982368,0.0,0.0,0.0,39.36734693877551,0.9752275025278059,2292.27099609375,259072744.0,49.0,0.0,0.0,0.0,1.0,1.0
-3169688.0,0.0,2.5571069717407227,0.0,2.7699999809265137,0.028936073184013367,0.0,0.9763700351935646,0.0,0.0,0.0,46.23809523809524,0.9788306451612904,2184.068359375,197018384.0,42.0,0.0,0.0,0.0,1.0,1.0
-2486057.75,0.0,2.5571069717407227,0.0,2.740000009536743,0.023276884108781815,0.0,0.9728370221327968,0.0,0.0,0.0,37.19230769230769,0.973816717019134,1999.1712646484375,97270332.0,52.0,0.0,0.0,0.0,1.0,1.0
-4132021.0,0.0,2.5571069717407227,0.0,3.4600000381469727,0.025921087712049484,0.0,0.9718734304369664,0.0,0.0,0.0,37.21153846153846,0.9738298943130347,2312.11328125,363874368.0,52.0,0.0,0.0,0.0,1.0,1.0
-3269518.5,0.0,2.5571069717407227,0.0,3.4600000381469727,0.02710667811334133,0.0,0.9656565656565657,0.0,0.0,0.0,28.96969696969697,0.9666329625884732,2236.668212890625,206460712.0,66.0,0.0,0.0,0.0,1.0,1.0
-2895419.5,0.0,2.5571069717407227,0.0,2.8499999046325684,0.025718647986650467,0.0,0.9839276745354093,0.0,0.0,0.0,63.193548387096776,0.9844221105527639,2047.8316650390625,169413568.0,31.0,0.0,0.0,0.0,1.0,1.0
-3196411.0,0.0,2.5571069717407227,0.0,2.740000009536743,0.031761810183525085,0.0,0.9708102667337695,0.0,0.0,0.0,36.39622641509434,0.9732593340060545,1805.447265625,278085232.0,53.0,0.0,0.0,0.0,1.0,1.0
-4220342.5,0.0,2.5571069717407227,0.0,2.200000047683716,0.029325369745492935,0.0,0.9686552072800809,0.0,0.0,0.0,33.03448275862069,0.9706180344478217,2253.14697265625,393331632.0,58.0,0.0,0.0,0.0,1.0,1.0
-2810819.5,0.0,2.5571069717407227,0.0,3.7200000286102295,0.024183854460716248,0.0,0.9844689378757515,0.0,0.0,0.0,75.57692307692308,0.9869412355600201,2100.60009765625,141940416.0,26.0,0.0,0.0,0.0,1.0,1.0
-4441898.0,0.0,2.5571069717407227,0.0,2.0799999237060547,0.029339050874114037,0.0,0.978391959798995,0.0,0.0,0.0,45.27906976744186,0.978391959798995,2262.774658203125,435718896.0,43.0,0.0,0.0,0.0,1.0,1.0
-3929264.75,0.0,2.5571069717407227,0.0,2.9700000286102295,0.024298690259456635,0.0,0.9681657402728651,0.0,0.0,0.0,33.03448275862069,0.9706180344478217,1982.9239501953125,389160448.0,58.0,0.0,0.0,0.0,1.0,1.0
-3242445.5,0.0,2.5571069717407227,0.0,2.890000104904175,0.020773155614733696,0.0,0.9798488664987406,0.0,0.0,0.0,52.567567567567565,0.9813319878910192,2156.616943359375,217060760.0,37.0,0.0,0.0,0.0,1.0,1.0
-3945510.0,0.0,2.5571069717407227,0.0,3.2100000381469727,0.02610495314002037,0.0,0.9742554265522464,0.0,0.0,0.0,40.208333333333336,0.9757330637007078,2240.060302734375,340982816.0,48.0,0.0,0.0,0.0,1.0,1.0
-2895838.0,0.0,2.5571069717407227,0.0,2.930000066757202,0.027147680521011353,0.0,0.9723479135243841,0.0,0.0,0.0,41.148936170212764,0.9762746087834427,1895.0875244140625,200043872.0,47.0,0.0,0.0,0.0,1.0,1.0
-3514758.0,0.0,2.5571069717407227,0.0,2.5299999713897705,0.02242211438715458,0.0,0.9692849949647533,0.0,0.0,0.0,35.648148148148145,0.9727134916624558,1924.077392578125,318028608.0,54.0,0.0,0.0,0.0,1.0,1.0
-3492372.75,0.0,2.5571069717407227,0.0,2.609999895095825,0.022953180596232414,0.0,0.9834752128192289,0.0,0.0,0.0,63.354838709677416,0.9844611528822055,2198.30126953125,258710200.0,31.0,0.0,0.0,0.0,1.0,1.0
-3612657.5,0.0,2.5571069717407227,0.0,2.6700000762939453,0.029039442539215088,0.0,0.9794176706827309,0.0,0.0,0.0,51.3421052631579,0.9808949220713926,2273.45947265625,267734632.0,38.0,0.0,0.0,0.0,1.0,1.0
-3729091.5,0.0,2.5571069717407227,0.0,2.619999885559082,0.023766212165355682,0.0,0.9819458375125376,0.0,0.0,0.0,54.388888888888886,0.9819458375125376,2269.982666015625,291716848.0,36.0,0.0,0.0,0.0,1.0,1.0
-3177577.0,0.0,2.5571069717407227,0.0,2.9100000858306885,0.026882663369178772,0.0,0.9748869914615771,0.0,0.0,0.0,43.13333333333333,0.9773413897280967,2201.416259765625,195126048.0,45.0,0.0,0.0,0.0,1.0,1.0
-2220885.25,0.0,2.5571069717407227,0.0,2.690000057220459,0.026777129620313644,0.0,0.9738298943130347,0.0,0.0,0.0,37.21153846153846,0.9738298943130347,1756.9830322265625,92673556.0,52.0,0.0,0.0,0.0,1.0,1.0
-3290193.0,0.0,2.5571069717407227,0.0,3.119999885559082,0.025436829775571823,0.0,0.9707218576476527,0.0,0.0,0.0,34.339285714285715,0.9717028802425467,1874.2352294921875,283083984.0,56.0,0.0,0.0,0.0,1.0,1.0
-2699328.25,0.0,2.5571069717407227,0.0,4.039999961853027,0.023015839979052544,0.0,0.9653092006033183,0.0,0.0,0.0,29.53846153846154,0.9672544080604534,1990.3956298828125,141677744.0,65.0,0.0,0.0,0.0,1.0,1.0
-3136254.0,0.0,2.5571069717407227,0.0,2.640000104904175,0.02584441378712654,0.0,0.9727959697732997,0.0,0.0,0.0,39.40816326530612,0.9752525252525253,2301.66552734375,166811112.0,49.0,0.0,0.0,0.0,1.0,1.0
-3892496.0,0.0,2.5571069717407227,0.0,2.2899999618530273,0.022823559120297432,0.0,0.9702170620898536,0.0,0.0,0.0,32.57627118644068,0.9702170620898536,2024.5301513671875,373484848.0,59.0,0.0,0.0,0.0,1.0,1.0
-1837905.0,0.0,2.5571069717407227,0.0,3.259999990463257,0.025802787393331528,0.0,0.9738298943130347,0.0,0.0,0.0,39.48979591836735,0.9753024193548387,2179.599609375,-68445480.0,49.0,0.0,0.0,0.0,1.0,1.0
-4246865.5,0.0,2.5571069717407227,0.0,2.7200000286102295,0.02362373098731041,0.0,0.9697275479313825,0.0,0.0,0.0,33.719298245614034,0.9711975745325923,2170.689453125,415127376.0,57.0,0.0,0.0,0.0,1.0,1.0
-3064559.75,0.0,2.5571069717407227,0.0,2.5899999141693115,0.02168029546737671,0.0,0.9726720647773279,0.0,0.0,0.0,35.592592592592595,0.9726720647773279,2207.44189453125,171316448.0,54.0,0.0,0.0,0.0,1.0,1.0
-3020560.0,0.0,2.5571069717407227,0.0,3.259999990463257,0.024280937388539314,0.0,0.9778783308195073,0.0,0.0,0.0,54.02777777777778,0.9818273599192328,2203.57373046875,163292504.0,36.0,0.0,0.0,0.0,1.0,1.0
-2535826.0,0.0,2.5571069717407227,0.0,3.0899999141693115,0.023413624614477158,0.0,0.9732458354366481,0.0,0.0,0.0,37.80392156862745,0.9742294087923193,2130.43798828125,80970772.0,51.0,0.0,0.0,0.0,1.0,1.0
-3481704.75,0.0,2.5571069717407227,0.0,3.140000104904175,0.02798338793218136,0.0,0.9783702213279678,0.0,0.0,0.0,47.4390243902439,0.9793554884189325,1956.171142578125,305001184.0,41.0,0.0,0.0,0.0,1.0,1.0
-2726572.25,0.0,2.5571069717407227,0.0,2.4100000858306885,0.026517098769545555,0.0,0.9769307923771314,0.0,0.0,0.0,47.51219512195122,0.9793866264454499,1947.23779296875,155761352.0,41.0,0.0,0.0,0.0,1.0,1.0
-3753632.75,0.0,2.5571069717407227,0.0,3.8499999046325684,0.023711934685707092,0.0,0.9616161616161616,0.0,0.0,0.0,27.2,0.9645390070921985,2137.38671875,323139312.0,70.0,0.0,0.0,0.0,1.0,1.0
-3371188.25,0.0,2.5571069717407227,0.0,3.4600000381469727,0.025931060314178467,0.0,0.9748364368394564,0.0,0.0,0.0,45.04651162790697,0.9782828282828283,2358.83154296875,202365664.0,43.0,0.0,0.0,0.0,1.0,1.0
-1933158.75,0.0,2.5571069717407227,0.0,2.5399999618530273,0.026757176965475082,0.0,0.9733534439416792,0.0,0.0,0.0,43.022222222222226,0.9772841998990409,2067.89111328125,-27052922.0,45.0,0.0,0.0,0.0,1.0,1.0
-1916471.875,0.0,2.5571069717407227,0.0,2.5299999713897705,0.021432599052786827,0.0,0.974320241691843,0.0,0.0,0.0,42.06521739130435,0.9767794043412418,1825.9246826171875,18003304.0,46.0,0.0,0.0,0.0,1.0,1.0
-2593012.25,0.0,2.5571069717407227,0.0,3.2100000381469727,0.023462533950805664,0.0,0.9688128772635815,0.0,0.0,0.0,32.644067796610166,0.9702770780856423,1921.32666015625,134228792.0,59.0,0.0,0.0,0.0,1.0,1.0
-3552889.5,0.0,2.5571069717407227,0.0,2.8399999141693115,0.022824818268418312,0.0,0.972306143001007,0.0,0.0,0.0,35.75925925925926,0.9727959697732997,1988.947509765625,312681104.0,54.0,0.0,0.0,0.0,1.0,1.0
-3440912.25,0.0,2.5571069717407227,0.0,2.950000047683716,0.025649044662714005,0.0,0.9768261964735516,0.0,0.0,0.0,47.292682926829265,0.9792929292929293,2128.91015625,262294888.0,41.0,0.0,0.0,0.0,1.0,1.0
-3357132.75,0.0,2.5571069717407227,0.0,3.3399999141693115,0.02471460960805416,0.0,0.9778672032193159,0.0,0.0,0.0,44.18181818181818,0.9778672032193159,2389.12646484375,193495504.0,44.0,0.0,0.0,0.0,1.0,1.0
-2290400.75,0.0,2.5571069717407227,0.0,3.440000057220459,0.025415683165192604,0.0,0.9702920443101712,0.0,0.0,0.0,34.410714285714285,0.9717599596570852,1877.876953125,82396552.0,56.0,0.0,0.0,0.0,1.0,1.0
-2875046.75,0.0,2.5571069717407227,0.0,3.0999999046325684,0.02616887353360653,0.0,0.9717457114026236,0.0,0.0,0.0,40.97872340425532,0.9761784085149519,2147.530029296875,145397104.0,47.0,0.0,0.0,0.0,1.0,1.0
-2949292.5,0.0,2.5571069717407227,0.0,2.8299999237060547,0.02272256836295128,0.0,0.9662128088754413,0.0,0.0,0.0,31.933333333333334,0.9696356275303644,1846.7769775390625,220395112.0,60.0,0.0,0.0,0.0,1.0,1.0
-2798792.75,0.0,2.5571069717407227,0.0,3.5799999237060547,0.023425977677106857,0.0,0.9653788258906172,0.0,0.0,0.0,30.0625,0.9678068410462777,1983.555419921875,162938792.0,64.0,0.0,0.0,0.0,1.0,1.0
-3372938.5,0.0,2.5571069717407227,0.0,3.25,0.028040165081620216,0.0,0.9533468559837728,0.0,0.0,0.0,22.926829268292682,0.9582059123343527,2104.021728515625,253672120.0,82.0,0.0,0.0,0.0,1.0,1.0
-3258244.25,0.0,2.5571069717407227,0.0,2.9100000858306885,0.027845699340105057,0.0,0.9768028240040343,0.0,0.0,0.0,44.02272727272727,0.97778899545684,1922.12451171875,267118024.0,44.0,0.0,0.0,0.0,1.0,1.0
-3540222.0,0.0,2.5571069717407227,0.0,2.5899999141693115,0.02235359326004982,0.0,0.9758551307847082,0.0,0.0,0.0,44.09090909090909,0.9778225806451613,2004.1968994140625,307098784.0,44.0,0.0,0.0,0.0,1.0,1.0
-4391788.5,0.0,2.5571069717407227,0.0,2.890000104904175,0.024573976173996925,0.0,0.9758429793658782,0.0,0.0,0.0,42.15217391304348,0.9768261964735516,2222.3876953125,433774112.0,46.0,0.0,0.0,0.0,1.0,1.0
-1090295.5,0.0,2.5571069717407227,0.0,4.340000152587891,0.022032268345355988,0.0,0.9595755432036382,0.0,0.0,0.0,24.346153846153847,0.960546282245827,2067.773193359375,-195606184.0,78.0,0.0,0.0,0.0,1.0,1.0
-2641353.5,0.0,2.5571069717407227,0.0,3.7899999618530273,0.02277161367237568,0.0,0.9702920443101712,0.0,0.0,0.0,33.80701754385965,0.9712701612903226,2143.29736328125,99503500.0,57.0,0.0,0.0,0.0,1.0,1.0
-3035616.75,0.0,2.5571069717407227,0.0,2.799999952316284,0.022912051528692245,0.0,0.9667338709677419,0.0,0.0,0.0,29.50769230769231,0.9672213817448311,1971.6593017578125,212682640.0,65.0,0.0,0.0,0.0,1.0,1.0
-3383220.75,0.0,2.5571069717407227,0.0,2.880000114440918,0.024868814274668694,0.0,0.9723479135243841,0.0,0.0,0.0,35.81481481481482,0.9728370221327968,2189.85498046875,238564760.0,54.0,0.0,0.0,0.0,1.0,1.0
-3894460.25,0.0,2.5571069717407227,0.0,3.3299999237060547,0.019607141613960266,0.0,0.9764056224899599,0.0,0.0,0.0,45.23255813953488,0.9783702213279678,2032.317626953125,372322688.0,43.0,0.0,0.0,0.0,1.0,1.0
-3083738.5,0.0,2.5571069717407227,0.0,3.359999895095825,0.024145368486642838,0.0,0.9712266532054518,0.0,0.0,0.0,33.75438596491228,0.9712266532054518,1855.368896484375,245566328.0,57.0,0.0,0.0,0.0,1.0,1.0
-2181733.75,0.0,2.5571069717407227,0.0,3.2899999618530273,0.025585073977708817,0.0,0.9748490945674044,0.0,0.0,0.0,40.375,0.9758308157099698,2051.416259765625,25957080.0,48.0,0.0,0.0,0.0,1.0,1.0
-3820773.5,0.0,2.5571069717407227,0.0,2.859999895095825,0.02408926747739315,0.0,0.9799398194583752,0.0,0.0,0.0,54.27777777777778,0.9819095477386934,2081.914306640625,347667088.0,36.0,0.0,0.0,0.0,1.0,1.0
-3569259.25,0.0,2.5571069717407227,0.0,3.180000066757202,0.023052748292684555,0.0,0.9769192172604114,0.0,0.0,0.0,45.27906976744186,0.978391959798995,2014.1622314453125,310913520.0,43.0,0.0,0.0,0.0,1.0,1.0
-2627502.25,0.0,2.5571069717407227,0.0,2.640000104904175,0.026076430454850197,0.0,0.9723200805234021,0.0,0.0,0.0,36.45283018867924,0.9732997481108312,1959.616943359375,133469832.0,53.0,0.0,0.0,0.0,1.0,1.0
-2964413.0,0.0,2.5571069717407227,0.0,2.359999895095825,0.02980002760887146,0.0,0.9778337531486146,0.0,0.0,0.0,47.34146341463415,0.979313824419778,2019.553466796875,188866392.0,41.0,0.0,0.0,0.0,1.0,1.0
-3456844.75,0.0,2.5571069717407227,0.0,2.990000009536743,0.024611975997686386,0.0,0.9702471003530005,0.0,0.0,0.0,34.981818181818184,0.9722081859525012,2147.7236328125,261716832.0,55.0,0.0,0.0,0.0,1.0,1.0
-3368925.75,0.0,2.5571069717407227,0.0,2.5799999237060547,0.026914168149232864,0.0,0.965133906013138,0.0,0.0,0.0,30.317460317460316,0.968068930562595,2074.222900390625,258832120.0,63.0,0.0,0.0,0.0,1.0,1.0
-3194981.75,0.0,2.5571069717407227,0.0,3.4600000381469727,0.02683432772755623,0.0,0.9696509863429439,0.0,0.0,0.0,31.95,0.9696509863429439,1999.9912109375,238889976.0,60.0,0.0,0.0,0.0,1.0,1.0
-3384673.5,0.0,2.5571069717407227,0.0,2.2699999809265137,0.024331936612725258,0.0,0.9753148614609571,0.0,0.0,0.0,41.191489361702125,0.9762985375693394,2184.302734375,239967904.0,47.0,0.0,0.0,0.0,1.0,1.0
-3521970.5,0.0,2.5571069717407227,0.0,2.680000066757202,0.02176353707909584,0.0,0.9839438033115906,0.0,0.0,0.0,63.25806451612903,0.9844377510040161,2006.897216796875,302910560.0,31.0,0.0,0.0,0.0,1.0,1.0
-2977997.5,0.0,2.5571069717407227,0.0,2.950000047683716,0.02215903252363205,0.0,0.975867269984917,0.0,0.0,0.0,43.13333333333333,0.9773413897280967,2371.57373046875,121178592.0,45.0,0.0,0.0,0.0,1.0,1.0
-4182574.5,0.0,2.5571069717407227,0.0,2.740000009536743,0.0247462410479784,0.0,0.9742943548387096,0.0,0.0,0.0,38.66,0.9747856782652546,2017.604248046875,432887568.0,50.0,0.0,0.0,0.0,1.0,1.0
-3082627.75,0.0,2.5571069717407227,0.0,3.4800000190734863,0.023973116651177406,0.0,0.9779338014042126,0.0,0.0,0.0,51.31578947368421,0.9808853118712274,2008.8499755859375,214650400.0,38.0,0.0,0.0,0.0,1.0,1.0
-3088363.0,0.0,2.5571069717407227,0.0,2.7699999809265137,0.024156440049409866,0.0,0.9783593356819326,0.0,0.0,0.0,51.1578947368421,0.9808274470232089,2036.857421875,210196144.0,38.0,0.0,0.0,0.0,1.0,1.0
-3961324.5,0.0,2.5571069717407227,0.0,2.5399999618530273,0.026782486587762833,0.0,0.9753272910372608,0.0,0.0,0.0,42.108695652173914,0.9768028240040343,1974.867431640625,397185024.0,46.0,0.0,0.0,0.0,1.0,1.0
-2652240.75,0.0,2.5571069717407227,0.0,2.8499999046325684,0.020502258092164993,0.0,0.9774436090225563,0.0,0.0,0.0,46.42857142857143,0.9789156626506024,2350.13916015625,60314320.0,42.0,0.0,0.0,0.0,1.0,1.0
-3329227.0,0.0,2.5571069717407227,0.0,2.7699999809265137,0.030903499573469162,0.0,0.9732862903225806,0.0,0.0,0.0,37.13461538461539,0.9737771053958648,1982.1536865234375,269307728.0,52.0,0.0,0.0,0.0,1.0,1.0
-3512754.25,0.0,2.5571069717407227,0.0,2.5299999713897705,0.028353998437523842,0.0,0.9783593356819326,0.0,0.0,0.0,45.2093023255814,0.9783593356819326,2299.99853515625,242445376.0,43.0,0.0,0.0,0.0,1.0,1.0
-4172061.0,0.0,2.5571069717407227,0.0,2.2799999713897705,0.023351196199655533,0.0,0.9798590130916415,0.0,0.0,0.0,48.65,0.9798590130916415,1897.8861083984375,454729616.0,40.0,0.0,0.0,0.0,1.0,1.0
-3675641.25,0.0,2.5571069717407227,0.0,2.4700000286102295,0.02645305171608925,0.0,0.9767911200807265,0.0,0.0,0.0,42.08695652173913,0.9767911200807265,2076.373046875,319747328.0,46.0,0.0,0.0,0.0,1.0,1.0
-2831457.5,0.0,2.5571069717407227,0.0,3.259999990463257,0.02521718107163906,0.0,0.9753892516323456,0.0,0.0,0.0,41.319148936170215,0.9763700351935646,1961.970458984375,173791016.0,47.0,0.0,0.0,0.0,1.0,1.0
-3019327.25,0.0,2.5571069717407227,0.0,2.559999942779541,0.0245652012526989,0.0,0.9824473420260782,0.0,0.0,0.0,65.3,0.9849170437405732,2120.986328125,179564216.0,30.0,0.0,0.0,0.0,1.0,1.0
-3464475.5,0.0,2.5571069717407227,0.0,2.7200000286102295,0.02410234697163105,0.0,0.9798792756539235,0.0,0.0,0.0,48.7,0.9798792756539235,2201.6875,252452272.0,40.0,0.0,0.0,0.0,1.0,1.0
-2837731.5,0.0,2.5571069717407227,0.0,3.0199999809265137,0.025144552811980247,0.0,0.9702020202020202,0.0,0.0,0.0,33.12068965517241,0.9706922688226377,2132.61083984375,140916048.0,58.0,0.0,0.0,0.0,1.0,1.0
-2908041.5,0.0,2.5571069717407227,0.0,3.1600000858306885,0.02736484631896019,0.0,0.9758793969849247,0.0,0.0,0.0,40.458333333333336,0.9758793969849247,1969.3145751953125,187639024.0,48.0,0.0,0.0,0.0,1.0,1.0
-3011917.0,0.0,2.5571069717407227,0.0,3.7100000381469727,0.025133883580565453,0.0,0.9697732997481109,0.0,0.0,0.0,32.6271186440678,0.9702620967741935,1958.4835205078125,210578456.0,59.0,0.0,0.0,0.0,1.0,1.0
-2393761.0,0.0,2.5571069717407227,0.0,3.4000000953674316,0.020648693665862083,0.0,0.9732593340060545,0.0,0.0,0.0,37.8235294117647,0.9742424242424242,2118.0556640625,55034236.0,51.0,0.0,0.0,0.0,1.0,1.0
-3810241.25,0.0,2.5571069717407227,0.0,2.569999933242798,0.028543908149003983,0.0,0.9788199697428139,0.0,0.0,0.0,46.214285714285715,0.9788199697428139,2113.02587890625,339337696.0,42.0,0.0,0.0,0.0,1.0,1.0
-2235788.75,0.0,2.5571069717407227,0.0,2.9700000286102295,0.024228841066360474,0.0,0.9788626069451435,0.0,0.0,0.0,48.625,0.9798488664987406,2202.431640625,6565925.0,40.0,0.0,0.0,0.0,1.0,1.0
25034.0,0.0,2.5571069717407227,0.0,2.2699999809265137,0.025185856968164444,0.0,0.9763104838709677,0.0,0.0,0.0,41.212765957446805,0.9763104838709677,2093.114501953125,-423735952.0,47.0,0.0,0.0,0.0,1.0,1.0
-2175931.25,0.0,2.5571069717407227,0.0,4.260000228881836,0.02442873641848564,0.0,0.9819458375125376,0.0,0.0,0.0,55.94285714285714,0.9824385348720521,2085.029296875,18075586.0,35.0,0.0,0.0,0.0,1.0,1.0
-4006003.75,0.0,2.5571069717407227,0.0,2.240000009536743,0.026640424504876137,0.0,0.9793554884189325,0.0,0.0,0.0,54.02777777777778,0.9818273599192328,2238.734619140625,353348752.0,36.0,0.0,0.0,0.0,1.0,1.0
-3361483.0,0.0,2.5571069717407227,0.0,2.880000114440918,0.03164349123835564,0.0,0.9773527931555108,0.0,0.0,0.0,45.16279069767442,0.9783375314861461,2029.2191162109375,266347056.0,43.0,0.0,0.0,0.0,1.0,1.0
-2390519.25,0.0,2.5571069717407227,0.0,3.509999990463257,0.026623129844665527,0.0,0.9676930843008581,0.0,0.0,0.0,30.919354838709676,0.9686710459828196,1945.0059814453125,88994172.0,62.0,0.0,0.0,0.0,1.0,1.0
-3327261.75,0.0,2.5571069717407227,0.0,2.8399999141693115,0.023956600576639175,0.0,0.9752774974772956,0.0,0.0,0.0,42.955555555555556,0.9772497472194136,2190.972900390625,227151856.0,45.0,0.0,0.0,0.0,1.0,1.0
-2506960.75,0.0,2.5571069717407227,0.0,3.5,0.01924729347229004,0.0,0.9804216867469879,0.0,0.0,0.0,52.78378378378378,0.9814070351758793,2050.536865234375,91179804.0,37.0,0.0,0.0,0.0,1.0,1.0
-2989632.75,0.0,2.5571069717407227,0.0,2.880000114440918,0.02788713201880455,0.0,0.9748110831234257,0.0,0.0,0.0,45.0,0.9782608695652174,1894.967529296875,218827416.0,43.0,0.0,0.0,0.0,1.0,1.0
-3406714.25,0.0,2.5571069717407227,0.0,3.2100000381469727,0.0282890684902668,0.0,0.9722642460917801,0.0,0.0,0.0,37.07692307692308,0.9737373737373738,1996.3095703125,281974032.0,52.0,0.0,0.0,0.0,1.0,1.0
-2307221.0,0.0,2.5571069717407227,0.0,3.869999885559082,0.023564595729112625,0.0,0.971457185778668,0.0,0.0,0.0,38.8,0.9748743718592965,2085.760986328125,44185156.0,50.0,0.0,0.0,0.0,1.0,1.0
-2765527.75,0.0,2.5571069717407227,0.0,3.2699999809265137,0.022967401891946793,0.0,0.9733266230498239,0.0,0.0,0.0,40.291666666666664,0.9757820383451059,2115.009521484375,129997116.0,48.0,0.0,0.0,0.0,1.0,1.0
-3590183.25,0.0,2.5571069717407227,0.0,3.930000066757202,0.024176962673664093,0.0,0.9698340874811463,0.0,0.0,0.0,33.258620689655174,0.9708102667337695,2059.44873046875,306039024.0,58.0,0.0,0.0,0.0,1.0,1.0
-2692375.75,0.0,2.5571069717407227,0.0,3.430000066757202,0.023848537355661392,0.0,0.9789684526790186,0.0,0.0,0.0,51.44736842105263,0.9809332664325138,2082.178466796875,121934328.0,38.0,0.0,0.0,0.0,1.0,1.0
-2981515.5,0.0,2.5571069717407227,0.0,2.8399999141693115,0.027025718241930008,0.0,0.9717741935483871,0.0,0.0,0.0,37.80392156862745,0.9742294087923193,1872.670654296875,221662160.0,51.0,0.0,0.0,0.0,1.0,1.0
-3026484.25,0.0,2.5571069717407227,0.0,3.4000000953674316,0.027635464444756508,0.0,0.9829744616925388,0.0,0.0,0.0,61.34375,0.9839598997493735,2152.478515625,174696912.0,32.0,0.0,0.0,0.0,1.0,1.0
-3093332.25,0.0,2.5571069717407227,0.0,3.140000104904175,0.023167211562395096,0.0,0.9753024193548387,0.0,0.0,0.0,42.06521739130435,0.9767794043412418,2050.03759765625,208552592.0,46.0,0.0,0.0,0.0,1.0,1.0
-2622981.75,0.0,2.5571069717407227,0.0,3.7200000286102295,0.025746669620275497,0.0,0.9718026183282981,0.0,0.0,0.0,39.38775510204081,0.9752400202122284,1845.7894287109375,155332000.0,49.0,0.0,0.0,0.0,1.0,1.0
-4042990.0,0.0,2.5571069717407227,0.0,2.559999942779541,0.025181656703352928,0.0,0.9849548645937813,0.0,0.0,0.0,67.72413793103448,0.985449071751129,2404.870361328125,327519744.0,29.0,0.0,0.0,0.0,1.0,1.0
-3378123.5,0.0,2.5571069717407227,0.0,3.640000104904175,0.026513587683439255,0.0,0.9763224181360202,0.0,0.0,0.0,43.06666666666667,0.9773071104387292,2141.5546875,247207680.0,45.0,0.0,0.0,0.0,1.0,1.0
-3101191.0,0.0,2.5571069717407227,0.0,2.890000104904175,0.025523489341139793,0.0,0.9809045226130654,0.0,0.0,0.0,52.75675675675676,0.9813976872800402,1857.4193115234375,248649568.0,37.0,0.0,0.0,0.0,1.0,1.0
-3380357.0,0.0,2.5571069717407227,0.0,4.449999809265137,0.020775169134140015,0.0,0.9632241813602015,0.0,0.0,0.0,27.314285714285713,0.9646821392532795,1922.489501953125,291463504.0,70.0,0.0,0.0,0.0,1.0,1.0
-3391005.5,0.0,2.5571069717407227,0.0,2.569999933242798,0.028674090281128883,0.0,0.9767676767676767,0.0,0.0,0.0,43.95454545454545,0.9777553083923155,1966.836669921875,284727440.0,44.0,0.0,0.0,0.0,1.0,1.0
-3898695.25,0.0,2.5571069717407227,0.0,2.200000047683716,0.027126917615532875,0.0,0.9752774974772956,0.0,0.0,0.0,41.12765957446808,0.9762626262626263,2001.6129150390625,379310128.0,47.0,0.0,0.0,0.0,1.0,1.0
-2533875.75,0.0,2.5571069717407227,0.0,3.559999942779541,0.02359517477452755,0.0,0.9727547931382442,0.0,0.0,0.0,39.3469387755102,0.9752149721800708,2054.243896484375,95819924.0,49.0,0.0,0.0,0.0,1.0,1.0
-3202498.0,0.0,2.5571069717407227,0.0,3.2899999618530273,0.023873794823884964,0.0,0.9732593340060545,0.0,0.0,0.0,36.39622641509434,0.9732593340060545,2137.616943359375,212869136.0,53.0,0.0,0.0,0.0,1.0,1.0
-3538056.25,0.0,2.5571069717407227,0.0,3.180000066757202,0.027583694085478783,0.0,0.978391959798995,0.0,0.0,0.0,45.27906976744186,0.978391959798995,2165.012451171875,274503056.0,43.0,0.0,0.0,0.0,1.0,1.0
-4273350.5,0.0,2.5571069717407227,0.0,2.9800000190734863,0.02508295513689518,0.0,0.9697122665320546,0.0,0.0,0.0,33.70175438596491,0.9711830131445905,2293.61962890625,395837744.0,57.0,0.0,0.0,0.0,1.0,1.0
-3714724.25,0.0,2.5571069717407227,0.0,2.700000047683716,0.022497721016407013,0.0,0.973816717019134,0.0,0.0,0.0,38.68,0.9747983870967742,2076.956298828125,327446576.0,50.0,0.0,0.0,0.0,1.0,1.0
-3863822.75,0.0,2.5571069717407227,0.0,2.380000114440918,0.02651701308786869,0.0,0.9823943661971831,0.0,0.0,0.0,63.0,0.984375,2159.18310546875,340823776.0,31.0,0.0,0.0,0.0,1.0,1.0
-3676137.5,0.0,2.5571069717407227,0.0,2.869999885559082,0.026089241728186607,0.0,0.9829231541938724,0.0,0.0,0.0,61.15625,0.983911513323278,2509.28857421875,233265680.0,32.0,0.0,0.0,0.0,1.0,1.0
-3759390.0,0.0,2.5571069717407227,0.0,2.7300000190734863,0.02512510120868683,0.0,0.9778002018163471,0.0,0.0,0.0,45.06976744186046,0.9782937910146391,2070.69580078125,337633136.0,43.0,0.0,0.0,0.0,1.0,1.0
-2553191.0,0.0,2.5571069717407227,0.0,2.549999952316284,0.027209436520934105,0.0,0.9809045226130654,0.0,0.0,0.0,51.36842105263158,0.9809045226130654,2245.812744140625,61370710.0,38.0,0.0,0.0,0.0,1.0,1.0
-3170716.75,0.0,2.5571069717407227,0.0,2.740000009536743,0.021259797737002373,0.0,0.9789368104312939,0.0,0.0,0.0,57.411764705882355,0.9828801611278952,2002.14306640625,233610152.0,34.0,0.0,0.0,0.0,1.0,1.0
-2118283.0,0.0,2.5571069717407227,0.0,2.7699999809265137,0.029716502875089645,0.0,0.9778337531486146,0.0,0.0,0.0,45.13953488372093,0.9783266129032258,1910.7413330078125,41402570.0,43.0,0.0,0.0,0.0,1.0,1.0
-3009510.5,0.0,2.5571069717407227,0.0,2.680000066757202,0.026400065049529076,0.0,0.9788413098236776,0.0,0.0,0.0,48.575,0.9798285426122038,2164.203125,168956144.0,40.0,0.0,0.0,0.0,1.0,1.0
-3228001.25,0.0,2.5571069717407227,0.0,3.259999990463257,0.029917171224951744,0.0,0.9738693467336683,0.0,0.0,0.0,46.142857142857146,0.9787878787878788,1995.2626953125,246441800.0,42.0,0.0,0.0,0.0,1.0,1.0
-2482716.75,0.0,2.5571069717407227,0.0,4.309999942779541,0.02292824164032936,0.0,0.9653440482169764,0.0,0.0,0.0,30.03125,0.9677744209466264,2020.8790283203125,92259036.0,64.0,0.0,0.0,0.0,1.0,1.0
-3244958.0,0.0,2.5571069717407227,0.0,2.6500000953674316,0.02388513833284378,0.0,0.9726996966632963,0.0,0.0,0.0,36.301886792452834,0.9731917046029337,2089.06787109375,231071080.0,53.0,0.0,0.0,0.0,1.0,1.0
-3546641.5,0.0,2.5571069717407227,0.0,2.4800000190734863,0.019420800730586052,0.0,0.9743460764587525,0.0,0.0,0.0,40.354166666666664,0.9758186397984887,1992.362060546875,310749360.0,48.0,0.0,0.0,0.0,1.0,1.0
-3784376.75,0.0,2.5571069717407227,0.0,2.630000114440918,0.022373683750629425,0.0,0.9768495218922999,0.0,0.0,0.0,44.11363636363637,0.9778337531486146,2037.5333251953125,349262896.0,44.0,0.0,0.0,0.0,1.0,1.0
-3348377.0,0.0,2.5571069717407227,0.0,4.119999885559082,0.021246489137411118,0.0,0.9784028126569563,0.0,0.0,0.0,51.26315789473684,0.9808660624370594,1934.100341796875,282750304.0,38.0,0.0,0.0,0.0,1.0,1.0
-3866747.75,0.0,2.5571069717407227,0.0,3.259999990463257,0.025470862165093422,0.0,0.9651515151515152,0.0,0.0,0.0,30.333333333333332,0.9680851063829787,2081.843505859375,356872544.0,63.0,0.0,0.0,0.0,1.0,1.0
-3619146.25,0.0,2.5571069717407227,0.0,2.859999895095825,0.023965628817677498,0.0,0.9768728004022121,0.0,0.0,0.0,45.18604651162791,0.9783484390735147,2215.68603515625,280586560.0,43.0,0.0,0.0,0.0,1.0,1.0
-3370821.75,0.0,2.5571069717407227,0.0,2.950000047683716,0.02557118609547615,0.0,0.9687342410489158,0.0,0.0,0.0,32.559322033898304,0.9702020202020202,1954.967041015625,283063120.0,59.0,0.0,0.0,0.0,1.0,1.0
-3146490.5,0.0,2.5571069717407227,0.0,2.9600000381469727,0.025376101955771446,0.0,0.9722921914357683,0.0,0.0,0.0,36.41509433962264,0.9732728189611699,2065.82763671875,216025584.0,53.0,0.0,0.0,0.0,1.0,1.0
-3379677.75,0.0,2.5571069717407227,0.0,2.869999885559082,0.02327892556786537,0.0,0.9773299748110831,0.0,0.0,0.0,43.111111111111114,0.9773299748110831,2080.353515625,259758728.0,45.0,0.0,0.0,0.0,1.0,1.0
-3618844.25,0.0,2.5571069717407227,0.0,2.819999933242798,0.027084430679678917,0.0,0.978315683308119,0.0,0.0,0.0,46.19047619047619,0.9788092835519677,2057.038818359375,312255456.0,42.0,0.0,0.0,0.0,1.0,1.0
-3758383.25,0.0,2.5571069717407227,0.0,3.0299999713897705,0.028329461812973022,0.0,0.9763819095477387,0.0,0.0,0.0,45.18604651162791,0.9783484390735147,1884.0289306640625,374765184.0,43.0,0.0,0.0,0.0,1.0,1.0
-3612079.0,0.0,2.5571069717407227,0.0,3.0199999809265137,0.023712122812867165,0.0,0.9696969696969697,0.0,0.0,0.0,32.54237288135593,0.9701869631126832,2057.596435546875,310788688.0,59.0,0.0,0.0,0.0,1.0,1.0
-765538.875,0.0,2.5571069717407227,0.0,3.640000104904175,0.024483175948262215,0.0,0.9774209734069242,0.0,0.0,0.0,46.38095238095238,0.978894472361809,2157.884521484375,-278574768.0,42.0,0.0,0.0,0.0,1.0,1.0
-3177770.0,0.0,2.5571069717407227,0.0,3.0899999141693115,0.023553747683763504,0.0,0.967741935483871,0.0,0.0,0.0,30.476190476190474,0.9682299546142209,2068.6083984375,221723808.0,63.0,0.0,0.0,0.0,1.0,1.0
-3294013.0,0.0,2.5571069717407227,0.0,2.1700000762939453,0.02283451333642006,0.0,0.9737771053958648,0.0,0.0,0.0,37.13461538461539,0.9737771053958648,1994.3128662109375,259833064.0,52.0,0.0,0.0,0.0,1.0,1.0
-2737620.5,0.0,2.5571069717407227,0.0,3.3499999046325684,0.02500244602560997,0.0,0.9778894472361809,0.0,0.0,0.0,52.5945945945946,0.9813414019162885,2005.8148193359375,146256160.0,37.0,0.0,0.0,0.0,1.0,1.0
-3444076.5,0.0,2.5571069717407227,0.0,3.0199999809265137,0.02775755152106285,0.0,0.9783593356819326,0.0,0.0,0.0,48.6,0.9798387096774194,2081.30419921875,272449056.0,40.0,0.0,0.0,0.0,1.0,1.0
-3202324.75,0.0,2.5571069717407227,0.0,2.440000057220459,0.026399213820695877,0.0,0.9758429793658782,0.0,0.0,0.0,40.395833333333336,0.9758429793658782,2131.657470703125,214027080.0,48.0,0.0,0.0,0.0,1.0,1.0
-2976774.5,0.0,2.5571069717407227,0.0,3.25,0.024423422291874886,0.0,0.9748743718592965,0.0,0.0,0.0,39.59183673469388,0.9753645047762695,2331.491943359375,128949852.0,49.0,0.0,0.0,0.0,1.0,1.0
-3020632.75,0.0,2.5571069717407227,0.0,3.569999933242798,0.02257087267935276,0.0,0.9762865792129163,0.0,0.0,0.0,41.170212765957444,0.9762865792129163,1922.558837890625,219508608.0,47.0,0.0,0.0,0.0,1.0,1.0
-3180118.0,0.0,2.5571069717407227,0.0,2.6700000762939453,0.024849209934473038,0.0,0.9864729458917836,0.0,0.0,0.0,72.92592592592592,0.9864729458917836,1927.4906005859375,250422088.0,27.0,0.0,0.0,0.0,1.0,1.0
-4162378.5,0.0,2.5571069717407227,0.0,2.809999942779541,0.022452805191278458,0.0,0.9743460764587525,0.0,0.0,0.0,45.04651162790697,0.9782828282828283,2136.406005859375,405088816.0,43.0,0.0,0.0,0.0,1.0,1.0
-3377672.0,0.0,2.5571069717407227,0.0,3.4000000953674316,0.023119935765862465,0.0,0.9692540322580645,0.0,0.0,0.0,35.611111111111114,0.9726858877086495,1895.9788818359375,296231072.0,54.0,0.0,0.0,0.0,1.0,1.0
-395212.3125,0.0,2.5571069717407227,0.0,2.799999952316284,0.022506671026349068,0.0,0.9788092835519677,0.0,0.0,0.0,47.31707317073171,0.9793033821302373,2217.99951171875,-364662896.0,41.0,0.0,0.0,0.0,1.0,1.0
-3673171.75,0.0,2.5571069717407227,0.0,2.9000000953674316,0.022757863625884056,0.0,0.9748869914615771,0.0,0.0,0.0,51.078947368421055,0.9807983830217282,2246.25048828125,285279184.0,38.0,0.0,0.0,0.0,1.0,1.0
-3727180.5,0.0,2.5571069717407227,0.0,2.7899999618530273,0.022876445204019547,0.0,0.973313192346425,0.0,0.0,0.0,42.02173913043478,0.976755937342092,2373.2470703125,270680560.0,46.0,0.0,0.0,0.0,1.0,1.0
-3065224.0,0.0,2.5571069717407227,0.0,2.930000066757202,0.024274101480841637,0.0,0.9788626069451435,0.0,0.0,0.0,49.87179487179487,0.9803427419354839,2205.192138671875,171901088.0,39.0,0.0,0.0,0.0,1.0,1.0
-2579141.5,0.0,2.5571069717407227,0.0,4.03000020980835,0.024232391268014908,0.0,0.9677744209466264,0.0,0.0,0.0,34.945454545454545,0.9721800708143652,1914.439453125,132832880.0,55.0,0.0,0.0,0.0,1.0,1.0
-2249858.0,0.0,2.5571069717407227,0.0,3.4200000762939453,0.02556251548230648,0.0,0.9783375314861461,0.0,0.0,0.0,47.36585365853659,0.9793242561775088,1838.011474609375,82263772.0,41.0,0.0,0.0,0.0,1.0,1.0
-3571302.0,0.0,2.5571069717407227,0.0,3.1700000762939453,0.02394404634833336,0.0,0.9748364368394564,0.0,0.0,0.0,39.53061224489796,0.9753272910372608,2305.90771484375,252972288.0,49.0,0.0,0.0,0.0,1.0,1.0
-1584435.25,0.0,2.5571069717407227,0.0,3.5799999237060547,0.024127045646309853,0.0,0.9708249496981891,0.0,0.0,0.0,34.464285714285715,0.9718026183282981,2000.196533203125,-83259728.0,56.0,0.0,0.0,0.0,1.0,1.0
-3382043.0,0.0,2.5571069717407227,0.0,3.8499999046325684,0.02747989073395729,0.0,0.9663147310206134,0.0,0.0,0.0,29.56923076923077,0.9672873678912934,2035.363525390625,269226896.0,65.0,0.0,0.0,0.0,1.0,1.0
-3345833.5,0.0,2.5571069717407227,0.0,2.8499999046325684,0.023402435705065727,0.0,0.9798590130916415,0.0,0.0,0.0,54.05555555555556,0.9818365287588294,2141.126220703125,240836800.0,36.0,0.0,0.0,0.0,1.0,1.0
-3589638.75,0.0,2.5571069717407227,0.0,2.6700000762939453,0.02892756462097168,0.0,0.9813976872800402,0.0,0.0,0.0,57.411764705882355,0.9828801611278952,2057.617431640625,306299792.0,34.0,0.0,0.0,0.0,1.0,1.0
-4505230.5,0.0,2.5571069717407227,0.0,2.4800000190734863,0.02294912002980709,0.0,0.9717599596570852,0.0,0.0,0.0,35.03636363636364,0.9722502522704339,2041.479736328125,492643008.0,55.0,0.0,0.0,0.0,1.0,1.0
-3156921.5,0.0,2.5571069717407227,0.0,3.4800000190734863,0.024372868239879608,0.0,0.9668174962292609,0.0,0.0,0.0,32.59322033898305,0.9702320887991928,2068.62841796875,217550832.0,59.0,0.0,0.0,0.0,1.0,1.0
-2753497.5,0.0,2.5571069717407227,0.0,4.150000095367432,0.024781476706266403,0.0,0.9723895582329317,0.0,0.0,0.0,37.25,0.9738562091503268,1873.017578125,175988928.0,52.0,0.0,0.0,0.0,1.0,1.0
-3143105.0,0.0,2.5571069717407227,0.0,2.369999885559082,0.024894148111343384,0.0,0.9743460764587525,0.0,0.0,0.0,37.98039215686274,0.9743460764587525,1753.4384765625,277826320.0,51.0,0.0,0.0,0.0,1.0,1.0
-3133453.5,0.0,2.5571069717407227,0.0,2.990000009536743,0.022226426750421524,0.0,0.9748490945674044,0.0,0.0,0.0,38.76,0.9748490945674044,1979.669677734375,230649984.0,50.0,0.0,0.0,0.0,1.0,1.0
-3853133.75,0.0,2.5571069717407227,0.0,2.640000104904175,0.024853914976119995,0.0,0.9737506309944473,0.0,0.0,0.0,42.86666666666667,0.9772036474164134,2117.408935546875,347038912.0,45.0,0.0,0.0,0.0,1.0,1.0
-2811798.5,0.0,2.5571069717407227,0.0,3.1600000858306885,0.0251849927008152,0.0,0.9748743718592965,0.0,0.0,0.0,42.17391304347826,0.9768378650553877,1838.38134765625,194577192.0,46.0,0.0,0.0,0.0,1.0,1.0
-2489796.25,0.0,2.5571069717407227,0.0,2.9100000858306885,0.02709204889833927,0.0,0.9727959697732997,0.0,0.0,0.0,37.13461538461539,0.9737771053958648,1777.43408203125,142365456.0,52.0,0.0,0.0,0.0,1.0,1.0
-4055950.0,0.0,2.5571069717407227,0.0,3.109999895095825,0.024933472275733948,0.0,0.9657430730478589,0.0,0.0,0.0,29.953125,0.9676930843008581,2227.750732421875,365531072.0,64.0,0.0,0.0,0.0,1.0,1.0
-2736202.0,0.0,2.5571069717407227,0.0,2.5399999618530273,0.02355407550930977,0.0,0.9793969849246231,0.0,0.0,0.0,47.53658536585366,0.9793969849246231,2361.3271484375,74869524.0,41.0,0.0,0.0,0.0,1.0,1.0
-3425926.5,0.0,2.5571069717407227,0.0,3.5,0.02846803143620491,0.0,0.9743331655762456,0.0,0.0,0.0,43.022222222222226,0.9772841998990409,2315.28662109375,222022008.0,45.0,0.0,0.0,0.0,1.0,1.0
-3188199.0,0.0,2.5571069717407227,0.0,2.690000057220459,0.02161349728703499,0.0,0.9673202614379085,0.0,0.0,0.0,33.172413793103445,0.970736629667003,1756.8677978515625,286158272.0,58.0,0.0,0.0,0.0,1.0,1.0
-3630174.75,0.0,2.5571069717407227,0.0,2.7300000190734863,0.025322377681732178,0.0,0.9702920443101712,0.0,0.0,0.0,35.68518518518518,0.9727410398788491,2148.146484375,296298368.0,54.0,0.0,0.0,0.0,1.0,1.0
-2248269.5,0.0,2.5571069717407227,0.0,3.950000047683716,0.023457899689674377,0.0,0.9708981435022579,0.0,0.0,0.0,39.48979591836735,0.9753024193548387,2470.182861328125,-44489218.0,49.0,0.0,0.0,0.0,1.0,1.0
-3169112.25,0.0,2.5571069717407227,0.0,2.6500000953674316,0.03089887462556362,0.0,0.9778337531486146,0.0,0.0,0.0,46.214285714285715,0.9788199697428139,2141.2626953125,205464336.0,42.0,0.0,0.0,0.0,1.0,1.0
-2514453.75,0.0,2.5571069717407227,0.0,2.609999895095825,0.025969529524445534,0.0,0.9743589743589743,0.0,0.0,0.0,40.375,0.9758308157099698,1872.9041748046875,128203396.0,48.0,0.0,0.0,0.0,1.0,1.0
-2748791.25,0.0,2.5571069717407227,0.0,3.0799999237060547,0.02564593032002449,0.0,0.9712556732223904,0.0,0.0,0.0,35.018181818181816,0.9722362443210499,2025.19921875,144611112.0,55.0,0.0,0.0,0.0,1.0,1.0
-2419609.75,0.0,2.5571069717407227,0.0,2.680000066757202,0.023144902661442757,0.0,0.9668508287292817,0.0,0.0,0.0,33.189655172413794,0.9707513867876955,2151.908447265625,53432444.0,58.0,0.0,0.0,0.0,1.0,1.0
-3586113.25,0.0,2.5571069717407227,0.0,2.640000104904175,0.024462301284074783,0.0,0.9697428139183056,0.0,0.0,0.0,34.96363636363636,0.9721941354903944,2017.2982177734375,313655776.0,55.0,0.0,0.0,0.0,1.0,1.0
-3152868.75,0.0,2.5571069717407227,0.0,3.2799999713897705,0.022276131436228752,0.0,0.9864593781344032,0.0,0.0,0.0,75.65384615384616,0.9869543401906673,2147.43408203125,200983360.0,26.0,0.0,0.0,0.0,1.0,1.0
-3565205.75,0.0,2.5571069717407227,0.0,2.8399999141693115,0.0029959443490952253,0.0,0.9676767676767677,0.0,0.0,0.0,30.903225806451612,0.9686552072800809,2078.353515625,297262176.0,62.0,0.0,0.0,0.0,1.0,1.0
-3700375.0,0.0,2.5571069717407227,0.0,3.109999895095825,0.0,0.0,0.9647887323943662,0.0,0.0,0.0,29.50769230769231,0.9672213817448311,2167.9130859375,306383552.0,65.0,0.0,0.0,0.0,1.0,1.0
-3073575.75,0.0,1.5087227821350098,0.0,3.2699999809265137,0.0,0.0,0.9753892516323456,0.0,0.0,0.0,43.15555555555556,0.9773527931555108,1933.425537109375,227923968.0,45.0,0.0,0.0,0.0,1.0,1.0
-2325734.75,0.0,1.5087227821350098,0.0,3.1500000953674316,0.0,0.0,0.9675126903553299,0.0,0.0,0.0,31.766666666666666,0.9694811800610377,1888.196533203125,87399648.0,60.0,0.0,0.0,0.0,1.0,1.0
-2401342.5,0.0,1.5087227821350098,0.0,3.259999990463257,0.0,0.0,0.9728233517866129,0.0,0.0,0.0,37.90196078431372,0.9742943548387096,2143.691650390625,51423278.0,51.0,0.0,0.0,0.0,1.0,1.0
-2649079.25,0.0,6.766160488128662,0.0,3.180000066757202,0.0,0.0,0.9779338014042126,0.0,0.0,0.0,46.42857142857143,0.9789156626506024,2140.4921875,101611800.0,42.0,0.0,0.0,0.0,1.0,1.0
-3509191.75,0.0,6.766160488128662,0.0,3.559999942779541,0.0,0.0,0.9718168092601912,0.0,0.0,0.0,35.10909090909091,0.972306143001007,2318.473388671875,238036248.0,55.0,0.0,0.0,0.0,1.0,1.0
-3133864.75,0.0,0.3625621497631073,0.0,4.010000228881836,0.0,0.0,0.9693928750627195,0.0,0.0,0.0,35.127272727272725,0.9723200805234021,2092.36474609375,208192272.0,55.0,0.0,0.0,0.0,1.0,1.0
-3074662.75,0.0,0.3625621497631073,0.0,3.0799999237060547,0.0,0.0,0.9829659318637275,0.0,0.0,0.0,61.3125,0.9839518555667001,2198.638916015625,175100560.0,32.0,0.0,0.0,0.0,1.0,1.0
-2771682.5,0.0,0.3625621497631073,0.0,4.940000057220459,0.0,0.0,0.9622926093514329,0.0,0.0,0.0,26.95774647887324,0.9642317380352645,2062.766357421875,141672872.0,71.0,0.0,0.0,0.0,1.0,1.0
-1826402.75,0.0,0.9326387047767639,0.0,3.2699999809265137,0.0,0.0,0.9748364368394564,0.0,0.0,0.0,43.044444444444444,0.9772956609485368,2074.862548828125,-49797814.0,45.0,0.0,0.0,0.0,1.0,1.0
-3481450.0,0.0,0.9326387047767639,0.0,3.009999990463257,0.0,0.0,0.9748364368394564,0.0,0.0,0.0,40.354166666666664,0.9758186397984887,1944.662353515625,307251072.0,48.0,0.0,0.0,0.0,1.0,1.0
-2735270.0,0.0,0.35212087631225586,0.0,3.4600000381469727,0.0,0.0,0.9732862903225806,0.0,0.0,0.0,39.40816326530612,0.9752525252525253,1974.9534912109375,151956848.0,49.0,0.0,0.0,0.0,1.0,1.0
-258204.6875,0.0,0.35212087631225586,0.0,4.639999866485596,0.0,0.0,0.9743718592964824,0.0,0.0,0.0,41.255319148936174,0.9763343403826787,2283.312255859375,-405127744.0,47.0,0.0,0.0,0.0,1.0,1.0
-937883.75,0.0,0.35212087631225586,0.0,4.03000020980835,0.0,0.0,0.9652392947103274,0.0,0.0,0.0,32.47457627118644,0.970126582278481,2078.787109375,-228288696.0,59.0,0.0,0.0,0.0,1.0,1.0
-2452078.0,0.0,2.5945026874542236,0.0,3.4600000381469727,0.0,0.0,0.982429718875502,0.0,0.0,0.0,67.48275862068965,0.9853977844914401,2528.626953125,-15413574.0,29.0,0.0,0.0,0.0,1.0,1.0
-2184119.75,0.0,2.5945026874542236,0.0,2.930000066757202,0.0,0.0,0.9804216867469879,0.0,0.0,0.0,59.18181818181818,0.9833836858006042,2483.65380859375,-60011096.0,33.0,0.0,0.0,0.0,1.0,1.0
-2884572.25,0.0,2.5945026874542236,0.0,2.809999942779541,0.0,0.0,0.9682939104177152,0.0,0.0,0.0,32.610169491525426,0.9702471003530005,2394.406494140625,97925308.0,59.0,0.0,0.0,0.0,1.0,1.0
-2111969.5,0.0,1.8812769651412964,0.0,3.549999952316284,0.0,0.0,0.9818913480885312,0.0,0.0,0.0,62.96774193548387,0.9843671205244579,1985.69140625,25151561.0,31.0,0.0,0.0,0.0,1.0,1.0
-3193880.75,0.0,1.8812769651412964,0.0,3.109999895095825,0.0,0.0,0.9849699398797596,0.0,0.0,0.0,70.21428571428571,0.9859578736208626,2317.2705078125,175218272.0,28.0,0.0,0.0,0.0,1.0,1.0
-3378010.0,0.0,0.6015573143959045,0.0,2.950000047683716,0.0,0.0,0.9743589743589743,0.0,0.0,0.0,42.130434782608695,0.9768145161290323,2205.77294921875,234341192.0,46.0,0.0,0.0,0.0,1.0,1.0
-3961833.5,0.0,0.6015573143959045,0.0,2.0399999618530273,0.0,0.0,0.9813695871097684,0.0,0.0,0.0,52.67567567567568,0.9813695871097684,2275.79296875,337103280.0,37.0,0.0,0.0,0.0,1.0,1.0
-3525186.25,0.0,0.6015573143959045,0.0,2.8399999141693115,0.0,0.0,0.9813976872800402,0.0,0.0,0.0,54.22222222222222,0.9818913480885312,2254.98974609375,253934408.0,36.0,0.0,0.0,0.0,1.0,1.0
-516933.40625,0.0,2.2976489067077637,0.0,3.109999895095825,0.0,0.0,0.9722782258064516,0.0,0.0,0.0,36.39622641509434,0.9732593340060545,2057.677001953125,-308255616.0,53.0,0.0,0.0,0.0,1.0,1.0
-3180836.75,0.0,2.2976489067077637,0.0,3.0299999713897705,0.0,0.0,0.9788838612368024,0.0,0.0,0.0,51.23684210526316,0.9808564231738035,2298.316650390625,176398984.0,38.0,0.0,0.0,0.0,1.0,1.0
-2333152.25,0.0,3.0103113651275635,0.0,3.569999933242798,0.0,0.0,0.9727547931382442,0.0,0.0,0.0,39.3469387755102,0.9752149721800708,2236.177978515625,19288308.0,49.0,0.0,0.0,0.0,1.0,1.0
-2308691.25,0.0,3.0103113651275635,0.0,3.9600000381469727,0.0,0.0,0.9723479135243841,0.0,0.0,0.0,36.490566037735846,0.9733266230498239,1942.42041015625,73146860.0,53.0,0.0,0.0,0.0,1.0,1.0
-2435807.75,0.0,3.0103113651275635,0.0,3.5999999046325684,0.0,0.0,0.9718026183282981,0.0,0.0,0.0,41.95652173913044,0.9767206477732794,2106.51220703125,65753050.0,46.0,0.0,0.0,0.0,1.0,1.0
-2974875.0,0.0,2.2416090965270996,0.0,4.53000020980835,0.0,0.0,0.962178517397882,0.0,0.0,0.0,32.89655172413793,0.970498474059003,2287.79443359375,137308056.0,58.0,0.0,0.0,0.0,1.0,1.0
-3343092.5,0.0,2.2416090965270996,0.0,2.950000047683716,0.0,0.0,0.9708102667337695,0.0,0.0,0.0,35.07272727272727,0.9722782258064516,2225.79638671875,223351896.0,55.0,0.0,0.0,0.0,1.0,1.0
-3206539.5,0.0,0.4671781361103058,0.0,2.9100000858306885,0.0,0.0,0.9798691494715652,0.0,0.0,0.0,51.23684210526316,0.9808564231738035,2298.935546875,181415800.0,38.0,0.0,0.0,0.0,1.0,1.0
-1533994.25,0.0,0.4671781361103058,0.0,4.690000057220459,0.0,0.0,0.9677906391545043,0.0,0.0,0.0,32.59322033898305,0.9702320887991928,2102.395263671875,-113788260.0,59.0,0.0,0.0,0.0,1.0,1.0
-1518254.75,0.0,0.4671781361103058,0.0,4.650000095367432,0.0,0.0,0.9673694779116466,0.0,0.0,0.0,35.03636363636364,0.9722502522704339,2003.715087890625,-97199592.0,55.0,0.0,0.0,0.0,1.0,1.0
-2666453.0,0.0,6.4892778396606445,0.0,3.440000057220459,0.0,0.0,0.9733266230498239,0.0,0.0,0.0,39.46938775510204,0.9752899646999496,2083.47314453125,116489456.0,49.0,0.0,0.0,0.0,1.0,1.0
-2451445.5,0.0,6.4892778396606445,0.0,3.5199999809265137,0.0,0.0,0.9647887323943662,0.0,0.0,0.0,30.93548387096774,0.9686868686868687,2053.836669921875,79412980.0,62.0,0.0,0.0,0.0,1.0,1.0
-2566465.0,0.0,0.8746758699417114,0.0,3.5399999618530273,0.0,0.0,0.9728233517866129,0.0,0.0,0.0,38.66,0.9747856782652546,2083.611328125,96463928.0,50.0,0.0,0.0,0.0,1.0,1.0
-2989833.25,0.0,0.8746758699417114,0.0,3.180000066757202,0.0,0.0,0.9829059829059829,0.0,0.0,0.0,57.5,0.9829059829059829,2232.982421875,151265808.0,34.0,0.0,0.0,0.0,1.0,1.0
-2760512.75,0.0,0.8746758699417114,0.0,3.059999942779541,0.0,0.0,0.9727134916624558,0.0,0.0,0.0,37.745098039215684,0.9741902834008097,2174.391357421875,117117620.0,51.0,0.0,0.0,0.0,1.0,1.0
-2112400.75,0.0,1.3843590021133423,0.0,2.8499999046325684,0.013183312490582466,0.0,0.9824473420260782,0.0,0.0,0.0,55.97142857142857,0.9824473420260782,1789.48974609375,64477492.0,35.0,0.0,0.0,0.0,1.0,1.0
-5750.16015625,0.0,1.3843590021133423,0.0,4.059999942779541,0.02333216741681099,0.0,0.970440881763527,0.0,0.0,0.0,37.25,0.9738562091503268,2313.987548828125,-461754464.0,52.0,0.0,0.0,0.0,1.0,1.0
-3449667.75,0.0,1.3843590021133423,0.0,3.609999895095825,0.02409409172832966,0.0,0.9688598694123556,0.0,0.0,0.0,32.15,0.9698340874811463,2098.698974609375,270085424.0,60.0,0.0,0.0,0.0,1.0,1.0
-1633626.25,0.0,1.3843590021133423,0.0,3.8499999046325684,0.02136167697608471,0.0,0.9719298245614035,0.0,0.0,0.0,39.57142857142857,0.9753521126760564,2039.6060791015625,-81302660.0,49.0,0.0,0.0,0.0,1.0,1.0
-3331190.75,0.0,1.3843590021133423,0.0,2.4700000286102295,0.03001408837735653,0.0,0.9803822937625755,0.0,0.0,0.0,54.138888888888886,0.9818639798488665,1925.064697265625,281120496.0,36.0,0.0,0.0,0.0,1.0,1.0
-4145574.0,0.0,1.3843590021133423,0.0,2.2899999618530273,0.027596289291977882,0.0,0.9839518555667001,0.0,0.0,0.0,61.3125,0.9839518555667001,1992.619140625,430486672.0,32.0,0.0,0.0,0.0,1.0,1.0
-3700075.0,0.0,1.3843590021133423,0.0,2.5999999046325684,0.024562766775488853,0.0,0.9834004024144869,0.0,0.0,0.0,63.064516129032256,0.9843907351460222,2158.364990234375,308237904.0,31.0,0.0,0.0,0.0,1.0,1.0
-3551299.5,0.0,1.3843590021133423,0.0,3.700000047683716,0.02814512327313423,0.0,0.982420894023104,0.0,0.0,0.0,57.529411764705884,0.9829145728643216,2023.384033203125,305478592.0,34.0,0.0,0.0,0.0,1.0,1.0
-2761762.5,0.0,1.3843590021133423,0.0,3.440000057220459,0.02468407154083252,0.0,0.9668508287292817,0.0,0.0,0.0,29.615384615384617,0.9673366834170855,1990.38525390625,154166592.0,65.0,0.0,0.0,0.0,1.0,1.0
-2869925.5,0.0,1.3843590021133423,0.0,4.730000019073486,0.025101369246840477,0.0,0.9618282270215972,0.0,0.0,0.0,29.015151515151516,0.9666834931852599,2273.48388671875,119178780.0,66.0,0.0,0.0,0.0,1.0,1.0
-2868981.0,0.0,1.3843590021133423,0.0,2.6600000858306885,0.025377238169312477,0.0,0.9753768844221106,0.0,0.0,0.0,42.19565217391305,0.9768495218922999,2201.6845703125,133352900.0,46.0,0.0,0.0,0.0,1.0,1.0
-4130747.5,0.0,1.3843590021133423,0.0,2.549999952316284,0.026653718203306198,0.0,0.9854563691073219,0.0,0.0,0.0,67.75862068965517,0.9854563691073219,2012.864501953125,423472800.0,29.0,0.0,0.0,0.0,1.0,1.0
-2853318.75,0.0,1.3843590021133423,0.0,2.7100000381469727,0.027971088886260986,0.0,0.9784136546184738,0.0,0.0,0.0,48.725,0.9798893916540975,1877.775390625,195003392.0,40.0,0.0,0.0,0.0,1.0,1.0
-3548121.0,0.0,1.3843590021133423,0.0,3.140000104904175,0.02240925468504429,0.0,0.9804216867469879,0.0,0.0,0.0,59.18181818181818,0.9833836858006042,2051.82421875,299155072.0,33.0,0.0,0.0,0.0,1.0,1.0
-2434012.25,0.0,1.3843590021133423,0.0,2.859999895095825,0.027282923460006714,0.0,0.9753892516323456,0.0,0.0,0.0,45.16279069767442,0.9783375314861461,1981.4146728515625,90413892.0,43.0,0.0,0.0,0.0,1.0,1.0
-3236241.5,0.0,1.3843590021133423,0.0,4.0,0.028655359521508217,0.0,0.9723340040241448,0.0,0.0,0.0,37.17307692307692,0.9738035264483628,1921.89404296875,262762448.0,52.0,0.0,0.0,0.0,1.0,1.0
-3661730.25,0.0,1.3843590021133423,0.0,3.359999895095825,0.025827888399362564,0.0,0.9732862903225806,0.0,0.0,0.0,40.229166666666664,0.9757453259221829,2083.16015625,315607600.0,48.0,0.0,0.0,0.0,1.0,1.0
-3880866.25,0.0,1.3843590021133423,0.0,2.690000057220459,0.02452491782605648,0.0,0.9819004524886877,0.0,0.0,0.0,55.8,0.9823943661971831,2027.5438232421875,370559792.0,35.0,0.0,0.0,0.0,1.0,1.0
-3276997.0,0.0,1.3843590021133423,0.0,2.8499999046325684,0.02209344319999218,0.0,0.9819458375125376,0.0,0.0,0.0,57.588235294117645,0.9829317269076305,2012.560302734375,252782880.0,34.0,0.0,0.0,0.0,1.0,1.0
-3580230.75,0.0,1.3843590021133423,0.0,2.380000114440918,0.02476607821881771,0.0,0.9844377510040161,0.0,0.0,0.0,72.62962962962963,0.9864185110663984,2065.268798828125,302888896.0,27.0,0.0,0.0,0.0,1.0,1.0
-2970315.75,0.0,1.3843590021133423,0.0,2.8499999046325684,0.025591347366571426,0.0,0.980431510286001,0.0,0.0,0.0,55.82857142857143,0.9824032176973353,2096.716064453125,174615312.0,35.0,0.0,0.0,0.0,1.0,1.0
-3608857.5,0.0,1.3843590021133423,0.0,3.0799999237060547,0.02407439611852169,0.0,0.974320241691843,0.0,0.0,0.0,40.3125,0.9757942511346445,2212.030517578125,279258912.0,48.0,0.0,0.0,0.0,1.0,1.0
-257804.921875,0.0,1.3843590021133423,0.0,3.3299999237060547,0.022775355726480484,0.0,0.9763700351935646,0.0,0.0,0.0,44.13636363636363,0.9778449144008057,2150.431396484375,-378631168.0,44.0,0.0,0.0,0.0,1.0,1.0
-1423963.5,0.0,1.3843590021133423,0.0,3.4600000381469727,0.029513677582144737,0.0,0.9744104365278474,0.0,0.0,0.0,38.07843137254902,0.9744104365278474,2027.60498046875,-120835216.0,51.0,0.0,0.0,0.0,1.0,1.0
-3404939.25,0.0,1.3843590021133423,0.0,2.450000047683716,0.02653886377811432,0.0,0.980875691997987,0.0,0.0,0.0,52.67567567567568,0.9813695871097684,2025.21630859375,275839792.0,37.0,0.0,0.0,0.0,1.0,1.0
-3046215.75,0.0,1.3843590021133423,0.0,2.690000057220459,0.026049509644508362,0.0,0.975867269984917,0.0,0.0,0.0,42.19565217391305,0.9768495218922999,1956.170166015625,217903016.0,46.0,0.0,0.0,0.0,1.0,1.0
-3535570.5,0.0,1.3843590021133423,0.0,2.950000047683716,0.025318145751953125,0.0,0.9804020100502513,0.0,0.0,0.0,54.19444444444444,0.9818822345244087,1883.502197265625,330308608.0,36.0,0.0,0.0,0.0,1.0,1.0
-4195218.0,0.0,1.3843590021133423,0.0,3.1700000762939453,0.02553943358361721,0.0,0.9799498746867168,0.0,0.0,0.0,57.5,0.9829059829059829,2120.006591796875,414937696.0,34.0,0.0,0.0,0.0,1.0,1.0
-2917161.5,0.0,1.3843590021133423,0.0,3.7200000286102295,0.022680383175611496,0.0,0.9779005524861878,0.0,0.0,0.0,46.357142857142854,0.9788838612368024,2094.268310546875,164472912.0,42.0,0.0,0.0,0.0,1.0,1.0
-3054248.25,0.0,1.3843590021133423,0.0,2.9100000858306885,0.024480251595377922,0.0,0.9804511278195489,0.0,0.0,0.0,50.15384615384615,0.9804511278195489,2196.75,171394400.0,39.0,0.0,0.0,0.0,1.0,1.0
-3891248.0,0.0,1.3843590021133423,0.0,2.450000047683716,0.023218641057610512,0.0,0.978894472361809,0.0,0.0,0.0,47.51219512195122,0.9793866264454499,2034.215576171875,371301024.0,41.0,0.0,0.0,0.0,1.0,1.0
-3419630.0,0.0,1.3843590021133423,0.0,3.5299999713897705,0.02428235486149788,0.0,0.9758915118031141,0.0,0.0,0.0,40.479166666666664,0.9758915118031141,2259.932861328125,231832880.0,48.0,0.0,0.0,0.0,1.0,1.0
-2952394.5,0.0,1.3843590021133423,0.0,3.549999952316284,0.025666093453764915,0.0,0.9809523809523809,0.0,0.0,0.0,52.891891891891895,0.981444332998997,1845.2373046875,221326088.0,37.0,0.0,0.0,0.0,1.0,1.0
-3830538.5,0.0,1.3843590021133423,0.0,2.9600000381469727,0.026921506971120834,0.0,0.9748617395676219,0.0,0.0,0.0,39.57142857142857,0.9753521126760564,2121.1962890625,341761440.0,49.0,0.0,0.0,0.0,1.0,1.0
-3614428.75,0.0,1.3843590021133423,0.0,3.319999933242798,0.027153948321938515,0.0,0.9839438033115906,0.0,0.0,0.0,70.03571428571429,0.9859225741578683,1800.5352783203125,362674928.0,28.0,0.0,0.0,0.0,1.0,1.0
-3864135.25,0.0,1.3843590021133423,0.0,2.7899999618530273,0.028197646141052246,0.0,0.9779448621553885,0.0,0.0,0.0,46.45238095238095,0.9789262418464626,2255.34765625,321651696.0,42.0,0.0,0.0,0.0,1.0,1.0
-2701984.0,0.0,1.3843590021133423,0.0,3.359999895095825,0.023024480789899826,0.0,0.9769192172604114,0.0,0.0,0.0,46.357142857142854,0.9788838612368024,2063.255859375,127639912.0,42.0,0.0,0.0,0.0,1.0,1.0
-4059103.25,0.0,1.3843590021133423,0.0,2.609999895095825,0.02639738842844963,0.0,0.982940291018565,0.0,0.0,0.0,59.36363636363637,0.983433734939759,2053.85302734375,400945712.0,33.0,0.0,0.0,0.0,1.0,1.0
-3979981.0,0.0,1.3843590021133423,0.0,2.200000047683716,0.029965993016958237,0.0,0.9854344550477148,0.0,0.0,0.0,70.07142857142857,0.985929648241206,2256.814453125,344529744.0,28.0,0.0,0.0,0.0,1.0,1.0
-3732974.0,0.0,1.3843590021133423,0.0,2.859999895095825,0.024638548493385315,0.0,0.9779448621553885,0.0,0.0,0.0,51.3421052631579,0.9808949220713926,2367.04638671875,273080480.0,38.0,0.0,0.0,0.0,1.0,1.0
-3372819.25,0.0,1.3843590021133423,0.0,3.2300000190734863,0.022117286920547485,0.0,0.971342383107089,0.0,0.0,0.0,35.127272727272725,0.9723200805234021,1985.731201171875,277309760.0,55.0,0.0,0.0,0.0,1.0,1.0
-2922020.25,0.0,1.3843590021133423,0.0,3.390000104904175,0.031189601868391037,0.0,0.9744104365278474,0.0,0.0,0.0,41.319148936170215,0.9763700351935646,2066.749267578125,170947824.0,47.0,0.0,0.0,0.0,1.0,1.0
-3262705.25,0.0,1.3843590021133423,0.0,4.010000228881836,0.02631164714694023,0.0,0.9748869914615771,0.0,0.0,0.0,44.11363636363637,0.9778337531486146,2134.38720703125,225557488.0,44.0,0.0,0.0,0.0,1.0,1.0
-3766241.25,0.0,1.3843590021133423,0.0,3.140000104904175,0.024184873327612877,0.0,0.9732728189611699,0.0,0.0,0.0,39.38775510204081,0.9752400202122284,2141.21923828125,324897936.0,49.0,0.0,0.0,0.0,1.0,1.0
-2909749.75,0.0,1.3843590021133423,0.0,2.75,0.025157596915960312,0.0,0.9819004524886877,0.0,0.0,0.0,61.03125,0.9838790931989925,1961.691650390625,189507408.0,32.0,0.0,0.0,0.0,1.0,1.0
-3347993.25,0.0,1.3843590021133423,0.0,3.569999933242798,0.023269295692443848,0.0,0.9712701612903226,0.0,0.0,0.0,36.35849056603774,0.9732323232323232,1722.52099609375,324987056.0,53.0,0.0,0.0,0.0,1.0,1.0
180281.125,0.0,1.3843590021133423,0.0,4.070000171661377,0.031046133488416672,0.0,0.9819367787255394,0.0,0.0,0.0,61.15625,0.983911513323278,2054.2158203125,-447003648.0,32.0,0.0,0.0,0.0,1.0,1.0
-3407722.25,0.0,1.3843590021133423,0.0,3.7100000381469727,0.025756388902664185,0.0,0.9693775100401606,0.0,0.0,0.0,32.728813559322035,0.9703517587939698,1906.7001953125,300096480.0,59.0,0.0,0.0,0.0,1.0,1.0
-3295635.75,0.0,1.3843590021133423,0.0,2.8399999141693115,0.03167122229933739,0.0,0.9784353059177533,0.0,0.0,0.0,48.775,0.9799095931692616,2278.441650390625,203333352.0,40.0,0.0,0.0,0.0,1.0,1.0
-2997854.5,0.0,1.3843590021133423,0.0,2.809999942779541,0.020094584673643112,0.0,0.9808853118712274,0.0,0.0,0.0,55.714285714285715,0.982367758186398,2066.890625,186088152.0,35.0,0.0,0.0,0.0,1.0,1.0
-3774184.25,0.0,1.3843590021133423,0.0,2.5899999141693115,0.02509600855410099,0.0,0.9819639278557114,0.0,0.0,0.0,56.0,0.9824561403508771,2019.63818359375,350804608.0,35.0,0.0,0.0,0.0,1.0,1.0
-3789333.0,0.0,1.3843590021133423,0.0,2.5899999141693115,0.029812488704919815,0.0,0.9809428284854563,0.0,0.0,0.0,51.473684210526315,0.9809428284854563,2038.165771484375,350128368.0,38.0,0.0,0.0,0.0,1.0,1.0
-3625608.25,0.0,1.3843590021133423,0.0,3.680000066757202,0.029898297041654587,0.0,0.9713998996487707,0.0,0.0,0.0,42.08695652173913,0.9767911200807265,2111.237060546875,302768064.0,46.0,0.0,0.0,0.0,1.0,1.0
-3155465.25,0.0,1.3843590021133423,0.0,2.740000009536743,0.02602890506386757,0.0,0.9824561403508771,0.0,0.0,0.0,70.0,0.9859154929577465,1930.19482421875,244950464.0,28.0,0.0,0.0,0.0,1.0,1.0
-2505313.0,0.0,1.3843590021133423,0.0,3.880000114440918,0.02037808857858181,0.0,0.9779559118236473,0.0,0.0,0.0,47.609756097560975,0.9794279979929754,1883.4005126953125,124276952.0,41.0,0.0,0.0,0.0,1.0,1.0
-3146126.5,0.0,1.3843590021133423,0.0,2.630000114440918,0.027892500162124634,0.0,0.9743975903614458,0.0,0.0,0.0,38.82,0.9748869914615771,1986.36328125,231846000.0,50.0,0.0,0.0,0.0,1.0,1.0
-2550762.5,0.0,1.3843590021133423,0.0,3.240000009536743,0.022460032254457474,0.0,0.9804413239719157,0.0,0.0,0.0,55.857142857142854,0.9824120603015075,1988.975830078125,112252740.0,35.0,0.0,0.0,0.0,1.0,1.0
-2221580.75,0.0,1.3843590021133423,0.0,4.159999847412109,0.024272801354527473,0.0,0.9724172517552658,0.0,0.0,0.0,38.78,0.9748617395676219,2300.807373046875,-15952090.0,50.0,0.0,0.0,0.0,1.0,1.0
-3871726.75,0.0,1.3843590021133423,0.0,3.4800000190734863,0.028517335653305054,0.0,0.9763462506290891,0.0,0.0,0.0,41.276595744680854,0.9763462506290891,2104.337158203125,353371488.0,47.0,0.0,0.0,0.0,1.0,1.0
-3759256.25,0.0,1.3843590021133423,0.0,2.4200000762939453,0.02542901039123535,0.0,0.9773755656108597,0.0,0.0,0.0,46.285714285714285,0.9788519637462235,2055.9677734375,340552128.0,42.0,0.0,0.0,0.0,1.0,1.0
-2561427.5,0.0,1.3843590021133423,0.0,3.8299999237060547,0.028152603656053543,0.0,0.9813883299798792,0.0,0.0,0.0,55.74285714285714,0.9823766364551864,1864.205078125,139339800.0,35.0,0.0,0.0,0.0,1.0,1.0
-4099765.0,0.0,1.3843590021133423,0.0,3.430000066757202,0.024310916662216187,0.0,0.9773755656108597,0.0,0.0,0.0,47.41463414634146,0.979345088161209,2299.6904296875,359909440.0,41.0,0.0,0.0,0.0,1.0,1.0
-3059859.5,0.0,1.3843590021133423,0.0,3.0899999141693115,0.026205163449048996,0.0,0.977364185110664,0.0,0.0,0.0,46.26190476190476,0.9788413098236776,2174.650634765625,176936072.0,42.0,0.0,0.0,0.0,1.0,1.0
-3442417.0,0.0,1.3843590021133423,0.0,2.2100000381469727,0.0254555381834507,0.0,0.9884596086302058,0.0,0.0,0.0,89.54545454545455,0.9889558232931727,1946.48876953125,299082784.0,22.0,0.0,0.0,0.0,1.0,1.0
-3440248.25,0.0,1.3843590021133423,0.0,3.3299999237060547,0.02651146426796913,0.0,0.9834420471650778,0.0,0.0,0.0,65.33333333333333,0.9849246231155779,2109.571533203125,266031488.0,30.0,0.0,0.0,0.0,1.0,1.0
-2549410.0,0.0,1.3843590021133423,0.0,3.2300000190734863,0.02675006352365017,0.0,0.9666160849772383,0.0,0.0,0.0,30.822580645161292,0.9685757729346174,1690.5968017578125,171654272.0,62.0,0.0,0.0,0.0,1.0,1.0
-3775589.5,0.0,1.3843590021133423,0.0,2.549999952316284,0.026361247524619102,0.0,0.980352644836272,0.0,0.0,0.0,55.6,0.9823321554770318,1996.8262939453125,355648176.0,35.0,0.0,0.0,0.0,1.0,1.0
-3703030.5,0.0,1.3843590021133423,0.0,2.809999942779541,0.027178745716810226,0.0,0.9829145728643216,0.0,0.0,0.0,69.85714285714286,0.9858870967741935,1836.2095947265625,373260432.0,28.0,0.0,0.0,0.0,1.0,1.0
-2477380.0,0.0,1.3843590021133423,0.0,2.930000066757202,0.02464691922068596,0.0,0.9779669504256384,0.0,0.0,0.0,48.825,0.9799297541394882,2047.495361328125,85871624.0,40.0,0.0,0.0,0.0,1.0,1.0
-4202082.5,0.0,1.3843590021133423,0.0,3.119999885559082,0.023257553577423096,0.0,0.9798893916540975,0.0,0.0,0.0,49.97435897435897,0.9803822937625755,2410.044189453125,358302256.0,39.0,0.0,0.0,0.0,1.0,1.0
-3281924.5,0.0,1.3843590021133423,0.0,3.5399999618530273,0.023480232805013657,0.0,0.9803822937625755,0.0,0.0,0.0,51.28947368421053,0.980875691997987,1914.0130615234375,273477312.0,38.0,0.0,0.0,0.0,1.0,1.0
-3137726.0,0.0,1.3843590021133423,0.0,3.569999933242798,0.02226121351122856,0.0,0.9804511278195489,0.0,0.0,0.0,59.27272727272727,0.9834087481146304,2255.58056640625,176324656.0,33.0,0.0,0.0,0.0,1.0,1.0
-3778989.75,0.0,1.3843590021133423,0.0,3.3399999141693115,0.024943748489022255,0.0,0.9754262788365096,0.0,0.0,0.0,47.4390243902439,0.9793554884189325,2070.358154296875,341620784.0,41.0,0.0,0.0,0.0,1.0,1.0
-2218822.5,0.0,1.3843590021133423,0.0,4.039999961853027,0.02565576694905758,0.0,0.964859437751004,0.0,0.0,0.0,27.457142857142856,0.964859437751004,1942.061279296875,55242858.0,70.0,0.0,0.0,0.0,1.0,1.0
-3277003.0,0.0,1.3843590021133423,0.0,3.299999952316284,0.028315242379903793,0.0,0.9763700351935646,0.0,0.0,0.0,44.13636363636363,0.9778449144008057,2156.193603515625,224055976.0,44.0,0.0,0.0,0.0,1.0,1.0
-2946401.25,0.0,1.3843590021133423,0.0,3.5299999713897705,0.022595131769776344,0.0,0.9724034119417962,0.0,0.0,0.0,40.375,0.9758308157099698,2097.622314453125,169649344.0,48.0,0.0,0.0,0.0,1.0,1.0
-3146742.5,0.0,1.3843590021133423,0.0,3.0799999237060547,0.023876575753092766,0.0,0.9794279979929754,0.0,0.0,0.0,51.36842105263158,0.9809045226130654,2214.38525390625,186366352.0,38.0,0.0,0.0,0.0,1.0,1.0
-3423611.5,0.0,1.3843590021133423,0.0,2.9700000286102295,0.02256782352924347,0.0,0.9834087481146304,0.0,0.0,0.0,61.125,0.9839034205231388,2074.4345703125,269731184.0,32.0,0.0,0.0,0.0,1.0,1.0
-3858150.0,0.0,1.3843590021133423,0.0,3.0,0.022974109277129173,0.0,0.9804020100502513,0.0,0.0,0.0,50.02564102564103,0.9804020100502513,2154.13916015625,340696864.0,39.0,0.0,0.0,0.0,1.0,1.0
-3391844.25,0.0,1.3843590021133423,0.0,2.359999895095825,0.02624797262251377,0.0,0.9798285426122038,0.0,0.0,0.0,48.575,0.9798285426122038,1878.2786865234375,302607856.0,40.0,0.0,0.0,0.0,1.0,1.0
-3497944.25,0.0,1.3843590021133423,0.0,2.700000047683716,0.031637873500585556,0.0,0.9829145728643216,0.0,0.0,0.0,59.27272727272727,0.9834087481146304,2169.421142578125,265600312.0,33.0,0.0,0.0,0.0,1.0,1.0
-2944233.0,0.0,1.3843590021133423,0.0,2.990000009536743,0.027088871225714684,0.0,0.9794073329984933,0.0,0.0,0.0,48.75,0.9798994974874372,2105.61181640625,167618432.0,40.0,0.0,0.0,0.0,1.0,1.0
-3586307.0,0.0,1.3843590021133423,0.0,2.4800000190734863,0.02662964165210724,0.0,0.9809332664325138,0.0,0.0,0.0,69.82142857142857,0.9858799798285426,1970.474365234375,323062656.0,28.0,0.0,0.0,0.0,1.0,1.0
-3716339.25,0.0,1.3843590021133423,0.0,3.7699999809265137,0.025602778419852257,0.0,0.9718592964824121,0.0,0.0,0.0,37.92156862745098,0.9743073047858942,2141.908447265625,314779088.0,51.0,0.0,0.0,0.0,1.0,1.0
-3395466.5,0.0,1.3843590021133423,0.0,3.319999933242798,0.023231491446495056,0.0,0.9774436090225563,0.0,0.0,0.0,44.31818181818182,0.9779338014042126,2328.140869140625,213359400.0,44.0,0.0,0.0,0.0,1.0,1.0
-3665002.0,0.0,1.3843590021133423,0.0,2.6600000858306885,0.02410067245364189,0.0,0.9834254143646409,0.0,0.0,0.0,61.1875,0.9839195979899498,2397.946533203125,253306872.0,32.0,0.0,0.0,0.0,1.0,1.0
-3340152.75,0.0,1.3843590021133423,0.0,3.240000009536743,0.026757949963212013,0.0,0.9799297541394882,0.0,0.0,0.0,52.78378378378378,0.9814070351758793,1919.0919189453125,284107216.0,37.0,0.0,0.0,0.0,1.0,1.0
-3127452.25,0.0,1.3843590021133423,0.0,3.240000009536743,0.02427631989121437,0.0,0.9813695871097684,0.0,0.0,0.0,54.138888888888886,0.9818639798488665,2122.883544921875,200808920.0,36.0,0.0,0.0,0.0,1.0,1.0
-4090402.0,0.0,1.3843590021133423,0.0,2.75,0.025850165635347366,0.0,0.9779227295534371,0.0,0.0,0.0,48.725,0.9798893916540975,1909.3944091796875,436095792.0,40.0,0.0,0.0,0.0,1.0,1.0
-3861015.25,0.0,1.3843590021133423,0.0,3.2799999713897705,0.029364943504333496,0.0,0.9702920443101712,0.0,0.0,0.0,33.80701754385965,0.9712701612903226,1979.8328857421875,376128656.0,57.0,0.0,0.0,0.0,1.0,1.0
-3113449.0,0.0,1.3843590021133423,0.0,2.9100000858306885,0.026370441541075706,0.0,0.971356783919598,0.0,0.0,0.0,33.91228070175438,0.971356783919598,2164.650146484375,189651896.0,57.0,0.0,0.0,0.0,1.0,1.0
-4053423.0,0.0,1.3843590021133423,0.0,3.0899999141693115,0.022905780002474785,0.0,0.9729051680883091,0.0,0.0,0.0,41.255319148936174,0.9763343403826787,2076.700927734375,395238160.0,47.0,0.0,0.0,0.0,1.0,1.0
-3853789.5,0.0,1.3843590021133423,0.0,3.5299999713897705,0.02241961844265461,0.0,0.9719157472417251,0.0,0.0,0.0,35.236363636363635,0.9724034119417962,2117.811767578125,347088192.0,55.0,0.0,0.0,0.0,1.0,1.0
-3199409.0,0.0,1.3843590021133423,0.0,2.619999885559082,0.023846743628382683,0.0,0.9803921568627451,0.0,0.0,0.0,55.714285714285715,0.982367758186398,2159.10107421875,207956968.0,35.0,0.0,0.0,0.0,1.0,1.0
-4017322.25,0.0,1.3843590021133423,0.0,2.9200000762939453,0.02175181731581688,0.0,0.9829231541938724,0.0,0.0,0.0,67.48275862068965,0.9853977844914401,2142.989990234375,374762432.0,29.0,0.0,0.0,0.0,1.0,1.0
-3750895.75,0.0,1.3843590021133423,0.0,2.9800000190734863,0.024256888777017593,0.0,0.9844611528822055,0.0,0.0,0.0,72.74074074074075,0.9864389753892516,1963.484375,357378672.0,27.0,0.0,0.0,0.0,1.0,1.0
-2728174.75,0.0,1.3843590021133423,0.0,3.380000114440918,0.02316870540380478,0.0,0.9804216867469879,0.0,0.0,0.0,51.39473684210526,0.9809141135107986,1944.0372314453125,156722424.0,38.0,0.0,0.0,0.0,1.0,1.0
-3075728.25,0.0,1.3843590021133423,0.0,3.7300000190734863,0.024258440360426903,0.0,0.9768028240040343,0.0,0.0,0.0,43.044444444444444,0.9772956609485368,1782.119140625,258615944.0,45.0,0.0,0.0,0.0,1.0,1.0
-2154161.5,0.0,1.3843590021133423,0.0,4.090000152587891,0.027175938710570335,0.0,0.9739086803813347,0.0,0.0,0.0,40.4375,0.975867269984917,1892.1146240234375,52302912.0,48.0,0.0,0.0,0.0,1.0,1.0
-2876561.25,0.0,1.3843590021133423,0.0,3.180000066757202,0.030740249902009964,0.0,0.983433734939759,0.0,0.0,0.0,63.193548387096776,0.9844221105527639,1791.93701171875,216820752.0,31.0,0.0,0.0,0.0,1.0,1.0
-3352104.75,0.0,1.3843590021133423,0.0,2.7300000190734863,0.020936589688062668,0.0,0.9809045226130654,0.0,0.0,0.0,57.411764705882355,0.9828801611278952,2187.638916015625,232788616.0,34.0,0.0,0.0,0.0,1.0,1.0
-3271821.75,0.0,1.3843590021133423,0.0,2.3299999237060547,0.022093789651989937,0.0,0.9849624060150376,0.0,0.0,0.0,72.77777777777777,0.9864457831325302,2245.421875,205176496.0,27.0,0.0,0.0,0.0,1.0,1.0
-3004157.0,0.0,1.3843590021133423,0.0,2.75,0.024997781962156296,0.0,0.9824649298597194,0.0,0.0,0.0,56.02857142857143,0.9824649298597194,1860.65673828125,228595008.0,35.0,0.0,0.0,0.0,1.0,1.0
-2462652.75,0.0,1.3843590021133423,0.0,3.690000057220459,0.028358926996588707,0.0,0.9824561403508771,0.0,0.0,0.0,56.0,0.9824561403508771,1971.529296875,98119868.0,35.0,0.0,0.0,0.0,1.0,1.0
-3317977.5,0.0,1.3843590021133423,0.0,3.490000009536743,0.03129424899816513,0.0,0.9753521126760564,0.0,0.0,0.0,42.15217391304348,0.9768261964735516,2018.284423828125,259832392.0,46.0,0.0,0.0,0.0,1.0,1.0
-2574475.0,0.0,1.3843590021133423,0.0,3.0899999141693115,0.026159455999732018,0.0,0.9778894472361809,0.0,0.0,0.0,47.46341463414634,0.9793658782083543,2156.853759765625,83418816.0,41.0,0.0,0.0,0.0,1.0,1.0
-3664130.0,0.0,1.3843590021133423,0.0,3.25,0.024699736386537552,0.0,0.9814814814814815,0.0,0.0,0.0,56.02857142857143,0.9824649298597194,2084.77099609375,315767152.0,35.0,0.0,0.0,0.0,1.0,1.0
-4143426.5,0.0,1.3843590021133423,0.0,3.6600000858306885,0.03139086067676544,0.0,0.9743718592964824,0.0,0.0,0.0,43.08888888888889,0.9773185483870968,1950.7208251953125,438435200.0,45.0,0.0,0.0,0.0,1.0,1.0
-3543613.5,0.0,1.3843590021133423,0.0,2.819999933242798,0.02654438279569149,0.0,0.9733668341708542,0.0,0.0,0.0,42.108695652173914,0.9768028240040343,2067.392333984375,295137856.0,46.0,0.0,0.0,0.0,1.0,1.0
-3865825.5,0.0,1.3843590021133423,0.0,2.5799999237060547,0.022959699854254723,0.0,0.9849548645937813,0.0,0.0,0.0,72.74074074074075,0.9864389753892516,1843.33251953125,404395088.0,27.0,0.0,0.0,0.0,1.0,1.0
-1724836.75,0.0,1.3843590021133423,0.0,4.239999771118164,0.02510284259915352,0.0,0.9698037242073477,0.0,0.0,0.0,33.80701754385965,0.9712701612903226,1803.48193359375,-15836828.0,57.0,0.0,0.0,0.0,1.0,1.0
-2922791.25,0.0,1.3843590021133423,0.0,3.1700000762939453,0.028528373688459396,0.0,0.9784353059177533,0.0,0.0,0.0,52.729729729729726,0.9813883299798792,1785.4898681640625,227355376.0,37.0,0.0,0.0,0.0,1.0,1.0
-3903897.0,0.0,1.3843590021133423,0.0,2.859999895095825,0.023187819868326187,0.0,0.9748617395676219,0.0,0.0,0.0,41.255319148936174,0.9763343403826787,1942.998779296875,392073408.0,47.0,0.0,0.0,0.0,1.0,1.0
-3726171.5,0.0,1.3843590021133423,0.0,3.3399999141693115,0.02624848484992981,0.0,0.9779338014042126,0.0,0.0,0.0,51.31578947368421,0.9808853118712274,1904.9398193359375,364141296.0,38.0,0.0,0.0,0.0,1.0,1.0
-3855729.25,0.0,1.3843590021133423,0.0,3.4700000286102295,0.024360809475183487,0.0,0.9814629258517034,0.0,0.0,0.0,54.416666666666664,0.9819548872180451,2076.40283203125,355760592.0,36.0,0.0,0.0,0.0,1.0,1.0
-3932635.75,0.0,1.3843590021133423,0.0,2.299999952316284,0.02967294119298458,0.0,0.9788732394366197,0.0,0.0,0.0,47.46341463414634,0.9793658782083543,2089.12451171875,368596608.0,41.0,0.0,0.0,0.0,1.0,1.0
-3948393.0,0.0,1.3843590021133423,0.0,2.740000009536743,0.021690145134925842,0.0,0.985478217325989,0.0,0.0,0.0,70.28571428571429,0.9859719438877755,2412.151123046875,307144704.0,28.0,0.0,0.0,0.0,1.0,1.0
-3838778.5,0.0,1.3843590021133423,0.0,3.140000104904175,0.023431481793522835,0.0,0.9794176706827309,0.0,0.0,0.0,48.775,0.9799095931692616,2190.565673828125,329537360.0,40.0,0.0,0.0,0.0,1.0,1.0
-3426723.5,0.0,1.3843590021133423,0.0,3.1500000953674316,0.02120283432304859,0.0,0.9884596086302058,0.0,0.0,0.0,89.54545454545455,0.9889558232931727,2048.918212890625,275458032.0,22.0,0.0,0.0,0.0,1.0,1.0
-3394291.5,0.0,1.3843590021133423,0.0,3.6700000762939453,0.027515795081853867,0.0,0.9718592964824121,0.0,0.0,0.0,38.68,0.9747983870967742,2223.37060546875,234077256.0,50.0,0.0,0.0,0.0,1.0,1.0
-3749295.0,0.0,1.3843590021133423,0.0,2.890000104904175,0.02126391790807247,0.0,0.9819095477386934,0.0,0.0,0.0,54.27777777777778,0.9819095477386934,1978.900390625,353974032.0,36.0,0.0,0.0,0.0,1.0,1.0
-2735264.0,0.0,1.3843590021133423,0.0,2.2200000286102295,0.02519758604466915,0.0,0.9813883299798792,0.0,0.0,0.0,54.19444444444444,0.9818822345244087,2090.171630859375,128913552.0,36.0,0.0,0.0,0.0,1.0,1.0
-2830728.25,0.0,1.3843590021133423,0.0,2.700000047683716,0.022159632295370102,0.0,0.9798893916540975,0.0,0.0,0.0,52.67567567567568,0.9813695871097684,2073.1103515625,151418800.0,37.0,0.0,0.0,0.0,1.0,1.0
-4316645.5,0.0,1.3843590021133423,0.0,2.5299999713897705,0.0228817667812109,0.0,0.9824561403508771,0.0,0.0,0.0,65.33333333333333,0.9849246231155779,2389.9189453125,385241440.0,30.0,0.0,0.0,0.0,1.0,1.0
-3450277.5,0.0,1.3843590021133423,0.0,3.549999952316284,0.024668095633387566,0.0,0.9753521126760564,0.0,0.0,0.0,40.395833333333336,0.9758429793658782,2077.90087890625,274368896.0,48.0,0.0,0.0,0.0,1.0,1.0
-3268232.25,0.0,1.3843590021133423,0.0,2.8299999237060547,0.03013679012656212,0.0,0.9794486215538847,0.0,0.0,0.0,52.810810810810814,0.9814163736815671,2021.4986572265625,249241792.0,37.0,0.0,0.0,0.0,1.0,1.0
-3551407.0,0.0,1.3843590021133423,0.0,2.950000047683716,0.027798796072602272,0.0,0.978315683308119,0.0,0.0,0.0,49.743589743589745,0.9802930773117736,2264.697265625,257236800.0,39.0,0.0,0.0,0.0,1.0,1.0
-3484327.25,0.0,1.3843590021133423,0.0,3.200000047683716,0.02708146534860134,0.0,0.9864457831325302,0.0,0.0,0.0,75.57692307692308,0.9869412355600201,1980.1275634765625,300736368.0,26.0,0.0,0.0,0.0,1.0,1.0
-3436573.75,0.0,1.3843590021133423,0.0,2.630000114440918,0.02806733548641205,0.0,0.9844064386317908,0.0,0.0,0.0,81.54166666666667,0.9878849066128218,1962.698974609375,294671840.0,24.0,0.0,0.0,0.0,1.0,1.0
-3626287.0,0.0,1.3843590021133423,0.0,2.5399999618530273,0.022351689636707306,0.0,0.9814070351758793,0.0,0.0,0.0,54.25,0.9819004524886877,2116.494873046875,301853680.0,36.0,0.0,0.0,0.0,1.0,1.0
-2639617.5,0.0,1.3843590021133423,0.0,3.359999895095825,0.02590097114443779,0.0,0.972809667673716,0.0,0.0,0.0,38.64,0.9747729566094854,1923.2607421875,143164680.0,50.0,0.0,0.0,0.0,1.0,1.0
-3245561.0,0.0,1.3843590021133423,0.0,4.21999979019165,0.0206708163022995,0.0,0.9723895582329317,0.0,0.0,0.0,37.98039215686274,0.9743460764587525,1885.548583984375,271895392.0,51.0,0.0,0.0,0.0,1.0,1.0
-3455760.25,0.0,1.3843590021133423,0.0,2.9200000762939453,0.02467687800526619,0.0,0.9784136546184738,0.0,0.0,0.0,49.97435897435897,0.9803822937625755,1772.4501953125,336556848.0,39.0,0.0,0.0,0.0,1.0,1.0
-3036333.75,0.0,1.3843590021133423,0.0,3.1500000953674316,0.026873091235756874,0.0,0.9778337531486146,0.0,0.0,0.0,45.13953488372093,0.9783266129032258,2036.0302734375,199955032.0,43.0,0.0,0.0,0.0,1.0,1.0
-3514019.25,0.0,1.3843590021133423,0.0,2.930000066757202,0.02529844269156456,0.0,0.9829059829059829,0.0,0.0,0.0,69.82142857142857,0.9858799798285426,2002.608642578125,302178384.0,28.0,0.0,0.0,0.0,1.0,1.0
-4404215.5,0.0,1.3843590021133423,0.0,2.2200000286102295,0.023746434599161148,0.0,0.9859437751004017,0.0,0.0,0.0,78.56,0.987430869783811,2197.1650390625,441306864.0,25.0,0.0,0.0,0.0,1.0,1.0
-3855927.0,0.0,1.3843590021133423,0.0,2.759999990463257,0.025809824466705322,0.0,0.9814070351758793,0.0,0.0,0.0,63.0,0.984375,2146.1904296875,341843168.0,31.0,0.0,0.0,0.0,1.0,1.0
-3073050.25,0.0,1.3843590021133423,0.0,3.619999885559082,0.02270304597914219,0.0,0.9748617395676219,0.0,0.0,0.0,39.57142857142857,0.9753521126760564,2102.54638671875,193994072.0,49.0,0.0,0.0,0.0,1.0,1.0
-3229454.0,0.0,1.3843590021133423,0.0,3.240000009536743,0.026977408677339554,0.0,0.9698946312092324,0.0,0.0,0.0,40.270833333333336,0.9757698132256436,2049.488525390625,235886400.0,48.0,0.0,0.0,0.0,1.0,1.0
-2857914.5,0.0,1.3843590021133423,0.0,2.950000047683716,0.024098092690110207,0.0,0.9824649298597194,0.0,0.0,0.0,61.28125,0.9839438033115906,2253.8134765625,120715892.0,32.0,0.0,0.0,0.0,1.0,1.0
-3090666.0,0.0,1.3843590021133423,0.0,2.0299999713897705,0.025309264659881592,0.0,0.9834254143646409,0.0,0.0,0.0,65.26666666666667,0.9849094567404426,2120.623291015625,193904448.0,30.0,0.0,0.0,0.0,1.0,1.0
-3554574.0,0.0,1.3843590021133423,0.0,3.309999942779541,0.025496885180473328,0.0,0.9819186338523355,0.0,0.0,0.0,57.5,0.9829059829059829,2102.681396484375,290273968.0,34.0,0.0,0.0,0.0,1.0,1.0
-3001297.5,0.0,1.3843590021133423,0.0,3.9100000858306885,0.025154858827590942,0.0,0.9779448621553885,0.0,0.0,0.0,48.775,0.9799095931692616,2012.0606689453125,197741944.0,40.0,0.0,0.0,0.0,1.0,1.0
-3036504.25,0.0,1.3843590021133423,0.0,3.3399999141693115,0.026255831122398376,0.0,0.9799196787148594,0.0,0.0,0.0,54.22222222222222,0.9818913480885312,2024.1268310546875,202370832.0,36.0,0.0,0.0,0.0,1.0,1.0
-4157499.75,0.0,1.3843590021133423,0.0,2.309999942779541,0.024722415953874588,0.0,0.9869739478957916,0.0,0.0,0.0,85.65217391304348,0.9884596086302058,2350.68310546875,361260224.0,23.0,0.0,0.0,0.0,1.0,1.0
-3734091.75,0.0,1.3843590021133423,0.0,3.180000066757202,0.023732203990221024,0.0,0.9793866264454499,0.0,0.0,0.0,52.648648648648646,0.981360201511335,2114.64794921875,323783904.0,37.0,0.0,0.0,0.0,1.0,1.0
-3917945.0,0.0,1.3843590021133423,0.0,2.619999885559082,0.025082942098379135,0.0,0.9834420471650778,0.0,0.0,0.0,65.33333333333333,0.9849246231155779,2227.740234375,337936928.0,30.0,0.0,0.0,0.0,1.0,1.0
-3814212.5,0.0,1.3843590021133423,0.0,2.7799999713897705,0.023059260100126266,0.0,0.981444332998997,0.0,0.0,0.0,55.91428571428571,0.982429718875502,2167.4287109375,329252064.0,35.0,0.0,0.0,0.0,1.0,1.0
-4265688.5,0.0,1.3843590021133423,0.0,2.880000114440918,0.027019452303647995,0.0,0.9819367787255394,0.0,0.0,0.0,57.55882352941177,0.9829231541938724,2269.675048828125,399097920.0,34.0,0.0,0.0,0.0,1.0,1.0
-3869454.75,0.0,1.3843590021133423,0.0,2.759999990463257,0.02185925841331482,0.0,0.9764174611138986,0.0,0.0,0.0,43.24444444444445,0.9773982923154194,2093.971923828125,354990256.0,45.0,0.0,0.0,0.0,1.0,1.0
-2565401.75,0.0,1.3843590021133423,0.0,2.9200000762939453,0.02506396733224392,0.0,0.9748237663645518,0.0,0.0,0.0,39.51020408163265,0.9753148614609571,2077.702880859375,97433212.0,49.0,0.0,0.0,0.0,1.0,1.0
-3189598.75,0.0,1.3843590021133423,0.0,4.420000076293945,0.02616678550839424,0.0,0.9622356495468278,0.0,0.0,0.0,25.824324324324323,0.96272040302267,2005.2049560546875,236768248.0,74.0,0.0,0.0,0.0,1.0,1.0
-3889262.5,0.0,1.3843590021133423,0.0,2.140000104904175,0.021805310621857643,0.0,0.9829573934837093,0.0,0.0,0.0,61.28125,0.9839438033115906,2020.255126953125,373697152.0,32.0,0.0,0.0,0.0,1.0,1.0
-3765858.5,0.0,1.3843590021133423,0.0,2.630000114440918,0.028183933347463608,0.0,0.9749247743229689,0.0,0.0,0.0,46.285714285714285,0.9788519637462235,2268.087158203125,299448528.0,42.0,0.0,0.0,0.0,1.0,1.0
-3260314.5,0.0,1.3843590021133423,0.0,3.0,0.02358275093138218,0.0,0.9819367787255394,0.0,0.0,0.0,57.55882352941177,0.9829231541938724,1883.95947265625,275166304.0,34.0,0.0,0.0,0.0,1.0,1.0
-3508441.5,0.0,1.3843590021133423,0.0,3.109999895095825,0.022323738783597946,0.0,0.9794279979929754,0.0,0.0,0.0,48.8,0.9799196787148594,2307.60791015625,240061608.0,40.0,0.0,0.0,0.0,1.0,1.0
-3566016.0,0.0,1.3843590021133423,0.0,2.4600000381469727,0.027041330933570862,0.0,0.9869674185463659,0.0,0.0,0.0,103.63157894736842,0.9904426559356136,2133.337890625,286433120.0,19.0,0.0,0.0,0.0,1.0,1.0
-2973701.0,0.0,1.3843590021133423,0.0,3.490000009536743,0.023265324532985687,0.0,0.9693004529441369,0.0,0.0,0.0,34.392857142857146,0.9717457114026236,2239.23681640625,146785192.0,56.0,0.0,0.0,0.0,1.0,1.0
-3675219.75,0.0,1.3843590021133423,0.0,2.859999895095825,0.032636262476444244,0.0,0.9813883299798792,0.0,0.0,0.0,55.74285714285714,0.9823766364551864,1807.611083984375,373417072.0,35.0,0.0,0.0,0.0,1.0,1.0
-3627856.75,0.0,1.3843590021133423,0.0,3.1500000953674316,0.022349558770656586,0.0,0.9819367787255394,0.0,0.0,0.0,59.303030303030305,0.9834170854271357,2230.00830078125,279465376.0,33.0,0.0,0.0,0.0,1.0,1.0
-3600441.5,0.0,1.3843590021133423,0.0,2.990000009536743,0.024004798382520676,0.0,0.9742943548387096,0.0,0.0,0.0,38.66,0.9747856782652546,2243.92431640625,271196784.0,50.0,0.0,0.0,0.0,1.0,1.0
-4036486.75,0.0,1.3843590021133423,0.0,2.5899999141693115,0.024155162274837494,0.0,0.9814629258517034,0.0,0.0,0.0,54.416666666666664,0.9819548872180451,2462.08154296875,314776352.0,36.0,0.0,0.0,0.0,1.0,1.0
-3937193.25,0.0,1.3843590021133423,0.0,2.3499999046325684,0.023939885199069977,0.0,0.9798590130916415,0.0,0.0,0.0,51.21052631578947,0.9808467741935484,2120.961181640625,363141104.0,38.0,0.0,0.0,0.0,1.0,1.0
-2753060.5,0.0,1.3843590021133423,0.0,2.6700000762939453,0.023603999987244606,0.0,0.9803921568627451,0.0,0.0,0.0,51.31578947368421,0.9808853118712274,2080.3203125,134443112.0,38.0,0.0,0.0,0.0,1.0,1.0
-3375508.25,0.0,1.3843590021133423,0.0,2.7200000286102295,0.02290065959095955,0.0,0.9844064386317908,0.0,0.0,0.0,65.23333333333333,0.9849018621036739,2050.865966796875,264824408.0,30.0,0.0,0.0,0.0,1.0,1.0
-3371923.25,0.0,1.3843590021133423,0.0,2.509999990463257,0.018673021346330643,0.0,0.9783702213279678,0.0,0.0,0.0,47.4390243902439,0.9793554884189325,1851.1318359375,304052848.0,41.0,0.0,0.0,0.0,1.0,1.0
-2037823.25,0.0,1.3843590021133423,0.0,3.369999885559082,0.02779966965317726,0.0,0.9759277833500501,0.0,0.0,0.0,46.333333333333336,0.9788732394366197,2045.9429931640625,-1729628.0,42.0,0.0,0.0,0.0,1.0,1.0
-3594963.75,0.0,1.3843590021133423,0.0,2.369999885559082,0.023035813122987747,0.0,0.9788519637462235,0.0,0.0,0.0,47.41463414634146,0.979345088161209,2031.566162109375,312574080.0,41.0,0.0,0.0,0.0,1.0,1.0
-3391590.0,0.0,1.3843590021133423,0.0,3.200000047683716,0.02186269871890545,0.0,0.9884769539078156,0.0,0.0,0.0,89.68181818181819,0.9889724310776943,2112.928466796875,255629384.0,22.0,0.0,0.0,0.0,1.0,1.0
-2886401.0,0.0,1.3843590021133423,0.0,2.75,0.02559877559542656,0.0,0.9829145728643216,0.0,0.0,0.0,57.529411764705884,0.9829145728643216,1724.747802734375,232226024.0,34.0,0.0,0.0,0.0,1.0,1.0
-4492335.0,0.0,1.3843590021133423,0.0,1.9600000381469727,0.025378068909049034,0.0,0.9819277108433735,0.0,0.0,0.0,54.333333333333336,0.9819277108433735,2055.042724609375,487353584.0,36.0,0.0,0.0,0.0,1.0,1.0
-3641819.75,0.0,1.3843590021133423,0.0,2.9800000190734863,0.026729976758360863,0.0,0.9849624060150376,0.0,0.0,0.0,65.5,0.9849624060150376,2100.928466796875,308074304.0,30.0,0.0,0.0,0.0,1.0,1.0
-3697290.25,0.0,1.3843590021133423,0.0,2.450000047683716,0.020063219591975212,0.0,0.9809332664325138,0.0,0.0,0.0,78.2,0.9873737373737373,2032.6712646484375,332820544.0,25.0,0.0,0.0,0.0,1.0,1.0
-4422208.0,0.0,1.3843590021133423,0.0,2.630000114440918,0.020824436098337173,0.0,0.9809141135107986,0.0,0.0,0.0,63.0,0.984375,2138.25341796875,456686624.0,31.0,0.0,0.0,0.0,1.0,1.0
-3737033.5,0.0,1.3843590021133423,0.0,3.4100000858306885,0.025340240448713303,0.0,0.973816717019134,0.0,0.0,0.0,38.68,0.9747983870967742,1980.0543212890625,351289264.0,50.0,0.0,0.0,0.0,1.0,1.0
-3133180.5,0.0,1.3843590021133423,0.0,3.440000057220459,0.02381259948015213,0.0,0.9844377510040161,0.0,0.0,0.0,72.62962962962963,0.9864185110663984,1959.4180908203125,234648896.0,27.0,0.0,0.0,0.0,1.0,1.0
-3405646.0,0.0,1.3843590021133423,0.0,3.440000057220459,0.021321412175893784,0.0,0.9789156626506024,0.0,0.0,0.0,54.166666666666664,0.9818731117824774,1944.9339599609375,292037616.0,36.0,0.0,0.0,0.0,1.0,1.0
-4031809.25,0.0,1.3843590021133423,0.0,2.0,0.02600034512579441,0.0,0.981425702811245,0.0,0.0,0.0,61.09375,0.9838953195772522,2333.76416015625,339504720.0,32.0,0.0,0.0,0.0,1.0,1.0
-4264757.0,0.0,1.3843590021133423,0.0,2.8399999141693115,0.026170995086431503,0.0,0.983911513323278,0.0,0.0,0.0,61.15625,0.983911513323278,2237.45703125,405355888.0,32.0,0.0,0.0,0.0,1.0,1.0
-3237781.75,0.0,1.3843590021133423,0.0,4.269999980926514,0.02314264513552189,0.0,0.9714142427281846,0.0,0.0,0.0,35.21818181818182,0.9723895582329317,2136.326904296875,220183536.0,55.0,0.0,0.0,0.0,1.0,1.0
-2902257.0,0.0,1.3843590021133423,0.0,2.4000000953674316,0.02290358766913414,0.0,0.9839759639459189,0.0,0.0,0.0,72.77777777777777,0.9864457831325302,1978.0008544921875,184747688.0,27.0,0.0,0.0,0.0,1.0,1.0
-3568203.25,0.0,1.3843590021133423,0.0,3.3299999237060547,0.024435972794890404,0.0,0.9794073329984933,0.0,0.0,0.0,48.75,0.9798994974874372,1944.5906982421875,324617280.0,40.0,0.0,0.0,0.0,1.0,1.0
-2927262.5,0.0,1.3843590021133423,0.0,2.190000057220459,0.02292206510901451,0.0,0.9884653961885657,0.0,0.0,0.0,89.5909090909091,0.9889613647767185,2066.155029296875,172118672.0,22.0,0.0,0.0,0.0,1.0,1.0
-4118459.5,0.0,1.3843590021133423,0.0,2.4000000953674316,0.02548704482614994,0.0,0.9869608826479438,0.0,0.0,0.0,85.56521739130434,0.9884480160723255,1919.389404296875,439710960.0,23.0,0.0,0.0,0.0,1.0,1.0
-2482378.0,0.0,1.3843590021133423,0.0,4.579999923706055,0.024385059252381325,0.0,0.9738955823293173,0.0,0.0,0.0,38.03921568627451,0.9743847312908086,2081.626708984375,80043468.0,51.0,0.0,0.0,0.0,1.0,1.0
-3548635.75,0.0,1.3843590021133423,0.0,2.9800000190734863,0.025279436260461807,0.0,0.9799398194583752,0.0,0.0,0.0,51.421052631578945,0.9809236947791165,1955.974609375,318427392.0,38.0,0.0,0.0,0.0,1.0,1.0
-3107733.75,0.0,1.3843590021133423,0.0,3.0299999713897705,0.02186829224228859,0.0,0.9834254143646409,0.0,0.0,0.0,63.16129032258065,0.9844142785319256,2317.60791015625,157921192.0,31.0,0.0,0.0,0.0,1.0,1.0
-3620620.75,0.0,1.3843590021133423,0.0,3.2200000286102295,0.024078693240880966,0.0,0.9844533600802408,0.0,0.0,0.0,70.10714285714286,0.9859367152184831,2203.13134765625,283394256.0,28.0,0.0,0.0,0.0,1.0,1.0
-3907740.5,0.0,1.3843590021133423,0.0,1.899999976158142,0.025730695575475693,0.0,0.9789473684210527,0.0,0.0,0.0,54.25,0.9819004524886877,2136.073486328125,354228512.0,36.0,0.0,0.0,0.0,1.0,1.0
-3441307.0,0.0,1.3843590021133423,0.0,2.9600000381469727,0.024271372705698013,0.0,0.9829488465396189,0.0,0.0,0.0,67.58620689655173,0.9854198089492208,1968.0184326171875,294553904.0,29.0,0.0,0.0,0.0,1.0,1.0
-2328658.0,0.0,1.3843590021133423,0.0,3.8299999237060547,0.02497764304280281,0.0,0.9728233517866129,0.0,0.0,0.0,44.95348837209303,0.9782388663967612,1818.949951171875,101835784.0,43.0,0.0,0.0,0.0,1.0,1.0
-4067321.5,0.0,1.3843590021133423,0.0,2.6700000762939453,0.027415674179792404,0.0,0.9824473420260782,0.0,0.0,0.0,59.36363636363637,0.983433734939759,2128.357421875,387688576.0,33.0,0.0,0.0,0.0,1.0,1.0
-3357430.5,0.0,1.3843590021133423,0.0,2.700000047683716,0.02606857381761074,0.0,0.9844299347061778,0.0,0.0,0.0,65.33333333333333,0.9849246231155779,1867.4825439453125,297885632.0,30.0,0.0,0.0,0.0,1.0,1.0
-4214573.0,0.0,1.3843590021133423,0.0,1.9900000095367432,0.026081731542944908,0.0,0.9829059829059829,0.0,0.0,0.0,65.16666666666667,0.9848866498740554,2172.88427734375,408233776.0,30.0,0.0,0.0,0.0,1.0,1.0
-3413412.25,0.0,1.3843590021133423,0.0,3.809999942779541,0.02162419818341732,0.0,0.9804413239719157,0.0,0.0,0.0,54.30555555555556,0.9819186338523355,1993.4268798828125,283892192.0,36.0,0.0,0.0,0.0,1.0,1.0
-3594472.25,0.0,1.3843590021133423,0.0,2.640000104904175,0.026014115661382675,0.0,0.9834170854271357,0.0,0.0,0.0,63.12903225806452,0.9844064386317908,2027.1275634765625,313364800.0,31.0,0.0,0.0,0.0,1.0,1.0
-3552969.0,0.0,1.3843590021133423,0.0,2.740000009536743,0.022796135395765305,0.0,0.9753148614609571,0.0,0.0,0.0,40.333333333333336,0.9758064516129032,2213.6357421875,267760312.0,48.0,0.0,0.0,0.0,1.0,1.0
-3580629.75,0.0,1.3843590021133423,0.0,2.8499999046325684,0.027102798223495483,0.0,0.9778560644187216,0.0,0.0,0.0,44.15909090909091,0.9778560644187216,2259.955810546875,264029032.0,44.0,0.0,0.0,0.0,1.0,1.0
-3033458.25,0.0,1.3843590021133423,0.0,3.859999895095825,0.025022368878126144,0.0,0.9779448621553885,0.0,0.0,0.0,44.34090909090909,0.9779448621553885,2038.8099365234375,198823584.0,44.0,0.0,0.0,0.0,1.0,1.0
-2707413.5,0.0,1.3843590021133423,0.0,3.549999952316284,0.024945253506302834,0.0,0.972306143001007,0.0,0.0,0.0,37.13461538461539,0.9737771053958648,1908.91259765625,159593040.0,52.0,0.0,0.0,0.0,1.0,1.0
-3634769.0,0.0,1.3843590021133423,0.0,3.5199999809265137,0.026514926925301552,0.0,0.9692849949647533,0.0,0.0,0.0,32.6271186440678,0.9702620967741935,2045.2459716796875,317796560.0,59.0,0.0,0.0,0.0,1.0,1.0
-3504280.0,0.0,1.3843590021133423,0.0,4.130000114440918,0.02303890511393547,0.0,0.977432296890672,0.0,0.0,0.0,48.725,0.9798893916540975,2082.96337890625,284158000.0,40.0,0.0,0.0,0.0,1.0,1.0
-4307346.5,0.0,1.3843590021133423,0.0,2.690000057220459,0.024499010294675827,0.0,0.9814350225790266,0.0,0.0,0.0,55.885714285714286,0.982420894023104,2090.7509765625,443214496.0,35.0,0.0,0.0,0.0,1.0,1.0
-3191413.0,0.0,1.3843590021133423,0.0,2.799999952316284,0.02187897264957428,0.0,0.979345088161209,0.0,0.0,0.0,48.6,0.9798387096774194,1947.083740234375,248760624.0,40.0,0.0,0.0,0.0,1.0,1.0
-3321788.25,0.0,1.3843590021133423,0.0,4.25,0.024121491238474846,0.0,0.9779116465863453,0.0,0.0,0.0,46.38095238095238,0.978894472361809,2122.74755859375,239702312.0,42.0,0.0,0.0,0.0,1.0,1.0
-3091559.0,0.0,1.3843590021133423,0.0,3.0899999141693115,0.02342597208917141,0.0,0.9789368104312939,0.0,0.0,0.0,55.77142857142857,0.9823855057876195,2073.41943359375,203523192.0,35.0,0.0,0.0,0.0,1.0,1.0
-4129013.5,0.0,1.3843590021133423,0.0,3.880000114440918,0.025879323482513428,0.0,0.971356783919598,0.0,0.0,0.0,37.17307692307692,0.9738035264483628,2126.494384765625,400396896.0,52.0,0.0,0.0,0.0,1.0,1.0
-3395677.5,0.0,1.3843590021133423,0.0,3.630000114440918,0.026996180415153503,0.0,0.981425702811245,0.0,0.0,0.0,54.30555555555556,0.9819186338523355,1971.986083984375,284633584.0,36.0,0.0,0.0,0.0,1.0,1.0
-3436116.75,0.0,1.3843590021133423,0.0,4.130000114440918,0.028470993041992188,0.0,0.9684052156469408,0.0,0.0,0.0,32.18333333333333,0.9698643897538926,2075.38037109375,272039264.0,60.0,0.0,0.0,0.0,1.0,1.0
-3237930.25,0.0,1.3843590021133423,0.0,3.490000009536743,0.034107498824596405,0.0,0.9723618090452262,0.0,0.0,0.0,40.3125,0.9757942511346445,2188.560791015625,209767440.0,48.0,0.0,0.0,0.0,1.0,1.0
-3167784.75,0.0,1.3843590021133423,0.0,3.430000066757202,0.028585970401763916,0.0,0.9693158953722334,0.0,0.0,0.0,39.326530612244895,0.9752024291497976,2290.7236328125,175305664.0,49.0,0.0,0.0,0.0,1.0,1.0
-3500008.0,0.0,1.3843590021133423,0.0,3.1600000858306885,0.027084559202194214,0.0,0.9839357429718876,0.0,0.0,0.0,65.33333333333333,0.9849246231155779,1802.564208984375,339384752.0,30.0,0.0,0.0,0.0,1.0,1.0
-3523179.5,0.0,1.3843590021133423,0.0,3.3499999046325684,0.023706302046775818,0.0,0.9748364368394564,0.0,0.0,0.0,42.108695652173914,0.9768028240040343,2029.34912109375,298660000.0,46.0,0.0,0.0,0.0,1.0,1.0
-4150838.0,0.0,1.3843590021133423,0.0,2.990000009536743,0.02563382312655449,0.0,0.9763819095477387,0.0,0.0,0.0,43.17777777777778,0.977364185110664,1979.1881103515625,434224160.0,45.0,0.0,0.0,0.0,1.0,1.0
-3030343.0,0.0,1.3843590021133423,0.0,3.7699999809265137,0.02553507685661316,0.0,0.9713711702661979,0.0,0.0,0.0,34.535714285714285,0.9718592964824121,1835.46142578125,238868816.0,56.0,0.0,0.0,0.0,1.0,1.0
-3552675.75,0.0,1.3843590021133423,0.0,3.1600000858306885,0.028853435069322586,0.0,0.9814350225790266,0.0,0.0,0.0,57.529411764705884,0.9829145728643216,2114.15673828125,287599376.0,34.0,0.0,0.0,0.0,1.0,1.0
-3740421.75,0.0,1.3843590021133423,0.0,2.680000066757202,0.02690986730158329,0.0,0.9798792756539235,0.0,0.0,0.0,48.7,0.9798792756539235,1901.95556640625,367588048.0,40.0,0.0,0.0,0.0,1.0,1.0
-3771496.75,0.0,1.3843590021133423,0.0,2.190000057220459,0.02058606781065464,0.0,0.9834420471650778,0.0,0.0,0.0,61.25,0.9839357429718876,2022.056884765625,349783744.0,32.0,0.0,0.0,0.0,1.0,1.0
-654378.25,0.0,1.3843590021133423,0.0,3.380000114440918,0.024445662274956703,0.0,0.981444332998997,0.0,0.0,0.0,65.23333333333333,0.9849018621036739,2014.165283203125,-272061360.0,30.0,0.0,0.0,0.0,1.0,1.0
-4043534.5,0.0,1.3843590021133423,0.0,3.299999952316284,0.02524249628186226,0.0,0.9712701612903226,0.0,0.0,0.0,42.82222222222222,0.9771805273833671,1932.0679931640625,422187344.0,45.0,0.0,0.0,0.0,1.0,1.0
-3301469.75,0.0,1.3843590021133423,0.0,2.630000114440918,0.0254861768335104,0.0,0.9763700351935646,0.0,0.0,0.0,44.13636363636363,0.9778449144008057,1970.3096923828125,266126168.0,44.0,0.0,0.0,0.0,1.0,1.0
-2398235.5,0.0,1.3843590021133423,0.0,3.5399999618530273,0.02262500673532486,0.0,0.9809332664325138,0.0,0.0,0.0,59.24242424242424,0.9834004024144869,2077.30810546875,64081140.0,33.0,0.0,0.0,0.0,1.0,1.0
-2935939.0,0.0,1.3843590021133423,0.0,3.440000057220459,0.02451542392373085,0.0,0.9697885196374623,0.0,0.0,0.0,35.666666666666664,0.9727272727272728,1814.810791015625,224118144.0,54.0,0.0,0.0,0.0,1.0,1.0
-3106307.0,0.0,1.3843590021133423,0.0,2.1600000858306885,0.02484685741364956,0.0,0.9809141135107986,0.0,0.0,0.0,52.78378378378378,0.9814070351758793,1834.62939453125,254230504.0,37.0,0.0,0.0,0.0,1.0,1.0
-3084495.75,0.0,1.3843590021133423,0.0,2.759999990463257,0.02536381408572197,0.0,0.9794279979929754,0.0,0.0,0.0,48.8,0.9799196787148594,1895.4749755859375,237698936.0,40.0,0.0,0.0,0.0,1.0,1.0
-3714843.0,0.0,1.3843590021133423,0.0,3.2799999713897705,0.0276180412620306,0.0,0.9824473420260782,0.0,0.0,0.0,75.34615384615384,0.9869017632241813,2300.32861328125,282799424.0,26.0,0.0,0.0,0.0,1.0,1.0
-2819099.0,0.0,1.3843590021133423,0.0,3.390000104904175,0.024434568360447884,0.0,0.9799095931692616,0.0,0.0,0.0,54.19444444444444,0.9818822345244087,1924.8155517578125,178751752.0,36.0,0.0,0.0,0.0,1.0,1.0
-3648979.5,0.0,1.3843590021133423,0.0,2.7899999618530273,0.02188296429812908,0.0,0.9824737105658488,0.0,0.0,0.0,63.29032258064516,0.9844455594581034,2161.034423828125,297484880.0,31.0,0.0,0.0,0.0,1.0,1.0
-3138750.5,0.0,1.3843590021133423,0.0,2.309999942779541,0.024691253900527954,0.0,0.9799498746867168,0.0,0.0,0.0,63.064516129032256,0.9843907351460222,2003.2938232421875,226986920.0,31.0,0.0,0.0,0.0,1.0,1.0
-1748997.75,0.0,1.3843590021133423,0.0,2.799999952316284,0.02635539136826992,0.0,0.9784244856999498,0.0,0.0,0.0,50.0,0.9803921568627451,1937.103515625,-37726506.0,39.0,0.0,0.0,0.0,1.0,1.0
-3524431.25,0.0,1.3843590021133423,0.0,3.0299999713897705,0.03141917660832405,0.0,0.9809523809523809,0.0,0.0,0.0,52.891891891891895,0.981444332998997,2018.955322265625,300990320.0,37.0,0.0,0.0,0.0,1.0,1.0
-3798636.25,0.0,1.3843590021133423,0.0,2.940000057220459,0.024439018219709396,0.0,0.9783484390735147,0.0,0.0,0.0,48.575,0.9798285426122038,2118.826904296875,335856640.0,40.0,0.0,0.0,0.0,1.0,1.0
-3284622.75,0.0,1.3843590021133423,0.0,2.740000009536743,0.026271000504493713,0.0,0.9854709418837675,0.0,0.0,0.0,103.52631578947368,0.9904330312185297,2094.569580078125,237908160.0,19.0,0.0,0.0,0.0,1.0,1.0
-3221533.75,0.0,1.3843590021133423,0.0,4.039999961853027,0.02378534898161888,0.0,0.9733668341708542,0.0,0.0,0.0,41.212765957446805,0.9763104838709677,2192.99755859375,205600808.0,47.0,0.0,0.0,0.0,1.0,1.0
-3664637.0,0.0,1.3843590021133423,0.0,2.4200000762939453,0.02772369422018528,0.0,0.985929648241206,0.0,0.0,0.0,81.75,0.9879154078549849,2023.1705322265625,328190240.0,24.0,0.0,0.0,0.0,1.0,1.0
-3848064.75,0.0,1.3843590021133423,0.0,3.859999895095825,0.024219032377004623,0.0,0.9739086803813347,0.0,0.0,0.0,38.05882352941177,0.9743975903614458,2288.66259765625,311773472.0,51.0,0.0,0.0,0.0,1.0,1.0
-3946744.75,0.0,1.3843590021133423,0.0,2.9700000286102295,0.02383718453347683,0.0,0.9829231541938724,0.0,0.0,0.0,57.55882352941177,0.9829231541938724,2009.991455078125,387246080.0,34.0,0.0,0.0,0.0,1.0,1.0
-3562230.75,0.0,1.3843590021133423,0.0,3.509999990463257,0.02342831902205944,0.0,0.9783702213279678,0.0,0.0,0.0,45.23255813953488,0.9783702213279678,2295.5048828125,253239416.0,43.0,0.0,0.0,0.0,1.0,1.0
-4090412.75,0.0,1.3843590021133423,0.0,4.230000019073486,0.027133578434586525,0.0,0.9803822937625755,0.0,0.0,0.0,54.138888888888886,0.9818639798488665,2145.4658203125,388884688.0,36.0,0.0,0.0,0.0,1.0,1.0
-3066038.5,0.0,1.3843590021133423,0.0,3.4100000858306885,0.028152277693152428,0.0,0.9723340040241448,0.0,0.0,0.0,35.7962962962963,0.9728233517866129,2005.283203125,212043848.0,54.0,0.0,0.0,0.0,1.0,1.0
-2230243.25,0.0,1.3843590021133423,0.0,2.5899999141693115,0.025449329987168312,0.0,0.9784136546184738,0.0,0.0,0.0,52.67567567567568,0.9813695871097684,2069.3173828125,32080328.0,37.0,0.0,0.0,0.0,1.0,1.0
-3014384.75,0.0,1.3843590021133423,0.0,1.840000033378601,0.028970297425985336,0.0,0.9864661654135338,0.0,0.0,0.0,72.88888888888889,0.9864661654135338,1941.2147216796875,214530528.0,27.0,0.0,0.0,0.0,1.0,1.0
-3346007.0,0.0,1.3843590021133423,0.0,3.119999885559082,0.026872996240854263,0.0,0.9819367787255394,0.0,0.0,0.0,57.55882352941177,0.9829231541938724,1917.986328125,285499696.0,34.0,0.0,0.0,0.0,1.0,1.0
-474197.71875,0.0,1.3843590021133423,0.0,5.260000228881836,0.025267964228987694,0.0,0.9573293172690763,0.0,0.0,0.0,25.426666666666666,0.9621594349142281,1953.0184326171875,-295874688.0,75.0,0.0,0.0,0.0,1.0,1.0
-3718338.0,0.0,1.3843590021133423,0.0,2.359999895095825,0.02251206524670124,0.0,0.9839518555667001,0.0,0.0,0.0,61.3125,0.9839518555667001,2091.481201171875,325266928.0,32.0,0.0,0.0,0.0,1.0,1.0
-3139482.5,0.0,1.3843590021133423,0.0,3.430000066757202,0.023823076859116554,0.0,0.9844533600802408,0.0,0.0,0.0,75.5,0.9869281045751634,2092.10498046875,209372080.0,26.0,0.0,0.0,0.0,1.0,1.0
-3271123.75,0.0,1.3843590021133423,0.0,2.740000009536743,0.02131158672273159,0.0,0.9809236947791165,0.0,0.0,0.0,54.27777777777778,0.9819095477386934,1926.076904296875,268904640.0,36.0,0.0,0.0,0.0,1.0,1.0
-3990688.25,0.0,1.3843590021133423,0.0,2.9600000381469727,0.02204877883195877,0.0,0.9784136546184738,0.0,0.0,0.0,47.53658536585366,0.9793969849246231,2068.67529296875,384297104.0,41.0,0.0,0.0,0.0,1.0,1.0
-3383876.5,0.0,1.3843590021133423,0.0,2.6500000953674316,0.026183724403381348,0.0,0.9829231541938724,0.0,0.0,0.0,57.55882352941177,0.9829231541938724,2037.125732421875,269245520.0,34.0,0.0,0.0,0.0,1.0,1.0
-3698427.5,0.0,1.3843590021133423,0.0,3.490000009536743,0.02574995532631874,0.0,0.9849397590361446,0.0,0.0,0.0,65.4,0.9849397590361446,2093.180908203125,320945312.0,30.0,0.0,0.0,0.0,1.0,1.0
-4029864.0,0.0,1.3843590021133423,0.0,2.390000104904175,0.024725157767534256,0.0,0.9894684052156469,0.0,0.0,0.0,103.84210526315789,0.9904618473895582,2008.9295654296875,404084368.0,19.0,0.0,0.0,0.0,1.0,1.0
-3597403.5,0.0,1.3843590021133423,0.0,2.950000047683716,0.024050043895840645,0.0,0.9864253393665159,0.0,0.0,0.0,75.46153846153847,0.9869215291750503,1986.227294921875,322131904.0,26.0,0.0,0.0,0.0,1.0,1.0
